时间,星期,实时累计换电次数,换电站,高速换电站
2018-05-20 00:00:00,,1,,
2022-07-04 20:39:13,,10000000,,
2023-04-03 07:05:47,,20000000,,
2023-10-09 18:26:05,,30000000,,
2024-03-13 23:32:40,,40000000,,
2024-08-05 23:33:09,,50000000,,
2024-12-13 21:06:08,,60000000,,
2025-04-01 11:47:33,,70000000,,
2025-07-19 08:06:32,,80000000,,
2025-10-26 22:53:25,,90000000,,
2026-02-06 22:33:18,,100000000,,

2026-02-25 00:10:23,星期三,102497556,3750,1022
2026-02-25 00:10:29,星期三,102497578,3750,1022
2026-02-25 00:10:32,星期三,102497592,3750,1022
2026-02-25 00:10:43,星期三,102497597,3750,1022
2026-02-25 00:10:45,星期三,102497605,3750,1022

2026-02-25 00:15:58,星期三,102498116,3750,1022
2026-02-25 00:16:09,星期三,102498138,3750,1022
2026-02-25 00:16:11,星期三,102498138,3750,1022
2026-02-25 00:16:13,星期三,102498143,3750,1022
2026-02-25 00:16:17,星期三,102498156,3750,1022
2026-02-25 01:30:30,星期三,102501895,3750,1022
2026-02-25 01:30:46,星期三,102501898,3750,1022
2026-02-25 01:30:54,星期三,102501899,3750,1022
2026-02-25 01:30:56,星期三,102501901,3750,1022
2026-02-25 01:30:59,星期三,102501901,3750,1022
2026-02-25 02:32:59,星期三,102503494,3750,1022
2026-02-25 02:33:04,星期三,102503495,3750,1022
2026-02-25 02:33:07,星期三,102503495,3750,1022
2026-02-25 02:33:09,星期三,102503498,3750,1022
2026-02-25 02:33:11,星期三,102503498,3750,1022
2026-02-25 03:35:00,星期三,102504549,3750,1022
2026-02-25 03:35:08,星期三,102504553,3750,1022
2026-02-25 03:35:10,星期三,102504553,3750,1022
2026-02-25 03:35:13,星期三,102504553,3750,1022
2026-02-25 03:35:15,星期三,102504554,3750,1022
2026-02-25 04:52:30,星期三,102505437,3750,1022
2026-02-25 04:52:48,星期三,102505437,3750,1022
2026-02-25 04:52:50,星期三,102505430,3750,1022
2026-02-25 04:52:52,星期三,102505441,3750,1022
2026-02-25 04:52:54,星期三,102505441,3750,1022
2026-02-25 05:30:16,星期三,102505860,3750,1022
2026-02-25 05:30:28,星期三,102505861,3750,1022
2026-02-25 05:30:30,星期三,102505861,3750,1022
2026-02-25 05:30:32,星期三,102505862,3750,1022
2026-02-25 05:30:35,星期三,102505865,3750,1022
2026-02-25 06:01:33,星期三,102506371,3750,1022
2026-02-25 06:01:48,星期三,102506378,3750,1022
2026-02-25 06:01:51,星期三,102506378,3750,1022
2026-02-25 06:01:53,星期三,102506378,3750,1022
2026-02-25 06:01:55,星期三,102506382,3750,1022
2026-02-25 06:49:49,星期三,102507345,3750,1022
2026-02-25 06:49:55,星期三,102507350,3750,1022
2026-02-25 06:50:07,星期三,102507350,3750,1022
2026-02-25 06:50:09,星期三,102507350,3750,1022
2026-02-25 06:50:11,星期三,102507352,3750,1022
2026-02-25 07:17:57,星期三,102508329,3750,1022
2026-02-25 07:18:07,星期三,102508338,3750,1022
2026-02-25 07:18:18,星期三,102508339,3750,1022
2026-02-25 07:18:21,星期三,102508340,3750,1022
2026-02-25 07:18:23,星期三,102508341,3750,1022
2026-02-25 07:49:53,星期三,102510128,3750,1022
2026-02-25 07:50:01,星期三,102510133,3750,1022
2026-02-25 07:50:08,星期三,102510139,3750,1022
2026-02-25 07:50:10,星期三,102510141,3750,1022
2026-02-25 07:50:12,星期三,102510147,3750,1022
2026-02-25 09:00:21,星期三,102515092,3750,1022
2026-02-25 09:00:25,星期三,102515099,3750,1022
2026-02-25 09:00:28,星期三,102515107,3750,1022
2026-02-25 09:00:30,星期三,102515110,3750,1022
2026-02-25 09:00:32,星期三,102515110,3750,1022
2026-02-25 11:40:38,星期三,102530995,3750,1022
2026-02-25 11:40:43,星期三,102531020,3750,1022
2026-02-25 11:40:52,星期三,102531032,3750,1022
2026-02-25 11:40:54,星期三,102531034,3750,1022
2026-02-25 11:40:56,星期三,102531037,3750,1022
2026-02-25 12:34:23,星期三,"102,538,032",3750,1022
2026-02-25 13:04:56,星期三,"102,542,078",3750,1022
2026-02-25 13:07:35,星期三,"102,542,475",3750,1022
2026-02-25 13:09:42,星期三,"102,542,850",3750,1022
2026-02-25 13:12:29,星期三,"102,543,186",3750,1022
2026-02-25 13:14:55,星期三,"102,543,468",3750,1022
2026-02-25 13:15:57,星期三,102543617,3750,1022
2026-02-25 13:15:59,星期三,102543613,3750,1022
2026-02-25 13:16:02,星期三,102543625,3750,1022
2026-02-25 13:16:11,星期三,102543639,3750,1022
2026-02-25 13:16:13,星期三,102543643,3750,1022
2026-02-25 13:44:07,星期三,"102,547,428",3750,1022
2026-02-25 14:37:22,星期三,"102,554,517",3750,1022
2026-02-25 14:40:27,星期三,"102,554,924",3750,1022
2026-02-25 14:50:30,星期三,"102,556,240",3750,1022
2026-02-25 15:00:46,星期三,"102,557,480",3750,1022
2026-02-25 15:10:30,星期三,"102,558,744",3750,1022
2026-02-25 15:20:44,星期三,"102,560,036",3750,1022
2026-02-25 15:34:10,星期三,"102,561,780",3750,1022
2026-02-25 15:35:31,星期三,"102,561,956",3750,1022
2026-02-25 15:41:30,星期三,"102,562,691",3750,1022
2026-02-25 15:45:35,星期三,"102,563,190",3750,1022
2026-02-25 15:50:28,星期三,"102,563,905",3750,1022
2026-02-25 15:55:28,星期三,"102,564,573",3750,1022
2026-02-25 16:00:26,星期三,"102,565,190",3750,1022
2026-02-25 16:04:20,星期三,"102,565,718",3750,1022
2026-02-25 16:10:31,星期三,"102,566,490",3750,1022
2026-02-25 16:20:24,星期三,"102,567,603",3750,1022
2026-02-25 16:30:46,星期三,"102,569,070",3750,1022
2026-02-25 16:40:24,星期三,"102,570,324",3750,1022
2026-02-25 16:50:50,星期三,"102,571,705",3750,1022
2026-02-25 17:00:27,星期三,"102,572,975",3750,1022
2026-02-25 17:10:30,星期三,"102,574,273",3750,1022
2026-02-25 17:20:28,星期三,"102,575,687",3750,1022
2026-02-25 17:30:29,星期三,"102,577,022",3750,1022
2026-02-25 17:40:30,星期三,"102,578,408",3750,1022
2026-02-25 18:00:27,星期三,"102,581,082",3750,1022
2026-02-25 18:10:26,星期三,"102,582,368",3750,1022
2026-02-25 18:20:27,星期三,"102,583,618",3750,1022
2026-02-25 18:30:27,星期三,"102,584,921",3750,1022
2026-02-25 18:40:25,星期三,"102,586,083",3750,1022
2026-02-25 18:51:32,星期三,"102,587,403",3750,1022
2026-02-25 19:00:35,星期三,"102,588,526",3750,1022
2026-02-25 19:10:30,星期三,"102,589,640",3750,1022
2026-02-25 19:20:33,星期三,"102,590,704",3750,1022
2026-02-25 19:30:29,星期三,"102,591,878",3750,1022
2026-02-25 19:40:26,星期三,"102,592,980",3750,1022
2026-02-25 19:50:26,星期三,"102,594,062",3750,1022
2026-02-25 20:00:27,星期三,"102,595,096",3750,1022
2026-02-25 20:10:55,星期三,"102,596,208",3750,1022
2026-02-25 20:20:29,星期三,"102,597,214",3750,1022
2026-02-25 20:31:43,星期三,"102,598,321",3750,1022
2026-02-25 20:40:28,星期三,"102,599,249",3750,1022
2026-02-25 20:50:32,星期三,"102,600,247",3750,1022
2026-02-25 21:00:44,星期三,"102,601,186",3750,1022
2026-02-25 21:10:29,星期三,"102,602,161",3750,1022
2026-02-25 21:21:13,星期三,"102,603,179",3750,1022
2026-02-25 21:30:30,星期三,"102,604,017",3750,1022
2026-02-25 21:40:27,星期三,"102,604,893",3750,1022
2026-02-25 21:50:27,星期三,"102,605,751",3750,1022
2026-02-25 22:00:29,星期三,"102,606,551",3750,1022
2026-02-25 22:10:33,星期三,"102,607,442",3750,1022
2026-02-25 22:20:46,星期三,"102,608,799",3750,1022
2026-02-25 22:30:31,星期三,"102,609,748",3750,1022
2026-02-25 22:40:42,星期三,"102,610,774",3750,1022
2026-02-25 22:50:29,星期三,"102,611,749",3750,1022
2026-02-25 23:00:47,星期三,"102,612,547",3750,1022
2026-02-25 23:10:59,星期三,"102,613,473",3750,1022
2026-02-25 23:20:26,星期三,"102,614,355",3750,1022
2026-02-25 23:30:30,星期三,"102,615,092",3750,1022
2026-02-25 23:40:31,星期三,"102,615,644",3750,1022
2026-02-25 23:50:45,星期三,"102,616,167",3750,1022
2026-02-26 00:00:32,星期四,"102,616,606",3750,1022
2026-02-26 00:10:30,星期四,"102,617,703",3750,1022
2026-02-26 00:20:26,星期四,"102,618,791",3750,1022
2026-02-26 00:31:28,星期四,"102,619,756",3750,1022
2026-02-26 00:41:03,星期四,"102,620,455",3750,1022
2026-02-26 00:51:10,星期四,"102,621,034",3750,1022
2026-02-26 01:00:29,星期四,"102,621,456",3750,1022
2026-02-26 01:10:24,星期四,"102,621,911",3750,1022
2026-02-26 01:20:26,星期四,"102,622,292",3750,1022
2026-02-26 01:30:30,星期四,"102,622,563",3750,1022
2026-02-26 01:40:28,星期四,"102,622,923",3750,1022
2026-02-26 01:50:25,星期四,"102,623,195",3750,1022
2026-02-26 02:00:28,星期四,"102,623,428",3750,1022
2026-02-26 02:10:31,星期四,"102,623,677",3750,1022
2026-02-26 02:20:26,星期四,"102,623,871",3750,1022
2026-02-26 02:30:36,星期四,"102,624,033",3750,1022
2026-02-26 02:40:26,星期四,"102,624,184",3750,1022
2026-02-26 02:50:35,星期四,"102,624,330",3750,1022
2026-02-26 03:10:25,星期四,"102,624,577",3750,1022
2026-02-26 03:20:24,星期四,"102,624,714",3750,1022
2026-02-26 03:30:26,星期四,"102,624,847",3750,1022
2026-02-26 03:40:25,星期四,"102,624,961",3750,1022
2026-02-26 03:50:26,星期四,"102,625,054",3750,1022
2026-02-26 04:00:25,星期四,"102,625,126",3750,1022
2026-02-26 04:10:25,星期四,"102,625,211",3750,1022
2026-02-26 04:20:27,星期四,"102,625,285",3750,1022
2026-02-26 04:30:49,星期四,"102,625,343",3750,1022
2026-02-26 04:40:26,星期四,"102,625,381",3750,1022
2026-02-26 04:50:30,星期四,"102,625,440",3750,1022
2026-02-26 05:00:29,星期四,"102,625,500",3750,1022
2026-02-26 05:10:30,星期四,"102,625,601",3750,1022
2026-02-26 05:20:45,星期四,"102,625,676",3750,1022
2026-02-26 05:31:29,星期四,"102,625,803",3750,1022
2026-02-26 05:40:35,星期四,"102,625,916",3750,1022
2026-02-26 06:20:29,星期四,"102,626,590",3750,1022
2026-02-26 06:31:36,星期四,"102,626,866",3750,1022
2026-02-26 06:40:31,星期四,"102,627,137",3750,1022
2026-02-26 06:50:25,星期四,"102,627,567",3750,1022
2026-02-26 07:00:28,星期四,"102,628,098",3750,1022
2026-02-26 07:10:25,星期四,"102,628,769",3750,1022
2026-02-26 07:20:28,星期四,"102,629,460",3750,1022
2026-02-26 07:30:26,星期四,"102,630,301",3750,1022
2026-02-26 07:40:26,星期四,"102,631,281",3750,1022
2026-02-26 07:50:25,星期四,"102,632,302",3750,1022
2026-02-26 08:00:25,星期四,"102,633,676",3750,1022
2026-02-26 08:10:28,星期四,"102,634,916",3750,1022
2026-02-26 08:21:46,星期四,"102,636,023",3750,1022
2026-02-26 08:30:25,星期四,"102,636,953",3750,1022
2026-02-26 08:40:25,星期四,"102,637,016",3750,1022
2026-02-26 08:50:25,星期四,"102,639,096",3750,1022
2026-02-26 09:00:25,星期四,"102,640,132",3750,1022
2026-02-26 09:10:31,星期四,"102,641,295",3750,1022
2026-02-26 09:20:24,星期四,"102,642,406",3750,1022
2026-02-26 09:30:26,星期四,"102,643,491",3750,1022
2026-02-26 09:40:25,星期四,"102,644,586",3750,1022
2026-02-26 09:50:27,星期四,"102,645,822",3750,1022
2026-02-26 10:00:24,星期四,"102,646,919",3750,1022
2026-02-26 10:10:25,星期四,"102,648,125",3750,1022
2026-02-26 10:30:28,星期四,"102,650,289",3750,1022
2026-02-26 10:40:26,星期四,"102,651,506",3750,1022
2026-02-26 10:50:24,星期四,"102,652,549",3750,1022
2026-02-26 11:00:25,星期四,"102,653,785",3750,1022
2026-02-26 11:50:28,星期四,"102,660,713",3750,1022
2026-02-26 12:00:25,星期四,"102,662,182",3750,1022
2026-02-26 12:10:29,星期四,"102,663,881",3750,1022
2026-02-26 12:20:25,星期四,"102,665,561",3750,1022
2026-02-26 12:30:28,星期四,"102,667,323",3750,1022
2026-02-26 12:40:29,星期四,"102,668,990",3750,1022
2026-02-26 12:51:37,星期四,"102,670,783",3750,1022
2026-02-26 13:01:07,星期四,"102,672,195",3750,1022
2026-02-26 13:10:31,星期四,"102,673,592",3750,1022
2026-02-26 13:20:46,星期四,"102,675,192",3750,1022
2026-02-26 13:30:31,星期四,"102,676,750",3750,1022
2026-02-26 13:40:29,星期四,"102,678,206",3750,1022
2026-02-26 13:51:01,星期四,"102,679,797",3750,1022
2026-02-26 14:00:28,星期四,"102,681,228",3750,1022
2026-02-26 14:10:32,星期四,"102,682,546",3750,1022
2026-02-26 14:20:29,星期四,"102,683,879",3750,1022
2026-02-26 14:30:25,星期四,"102,685,226",3750,1022
2026-02-26 14:41:47,星期四,"102,686,870",3750,1022
2026-02-26 14:50:25,星期四,"102,688,090",3750,1022
2026-02-26 15:00:29,星期四,"102,689,510",3750,1022
2026-02-26 15:10:31,星期四,"102,690,828",3750,1022
2026-02-26 15:20:29,星期四,"102,692,343",3750,1022
2026-02-26 15:30:26,星期四,"102,693,731",3750,1022
2026-02-26 15:40:27,星期四,"102,695,178",3750,1022
2026-02-26 15:50:29,星期四,"102,696,634",3750,1022
2026-02-26 16:00:25,星期四,"102,698,109",3750,1022
2026-02-26 16:11:20,星期四,"102,699,716",3750,1022
2026-02-26 16:20:29,星期四,"102,701,015",3750,1022
2026-02-26 16:30:47,星期四,"102,702,506",3750,1022
2026-02-26 16:40:41,星期四,"102,704,019",3750,1022
2026-02-26 16:50:31,星期四,"102,705,484",3750,1022
2026-02-26 17:10:26,星期四,"102,708,475",3750,1022
2026-02-26 17:20:45,星期四,"102,710,033",3750,1022
2026-02-26 17:30:25,星期四,"102,711,592",3750,1022
2026-02-26 17:40:25,星期四,"102,713,114",3750,1022
2026-02-26 17:50:28,星期四,"102,714,507",3750,1022
2026-02-26 18:00:33,星期四,"102,716,218",3750,1022
2026-02-26 18:10:26,星期四,"102,717,599",3750,1022
2026-02-26 18:20:26,星期四,"102,719,030",3750,1022
2026-02-26 18:30:25,星期四,"102,720,430",3750,1022
2026-02-26 18:40:26,星期四,"102,721,813",3750,1022
2026-02-26 18:51:42,星期四,"102,723,362",3750,1022
2026-02-26 19:00:50,星期四,"102,724,563",3750,1022
2026-02-26 19:10:44,星期四,"102,725,944",3750,1022
2026-02-26 19:20:28,星期四,"102,727,255",3750,1022
2026-02-26 19:41:25,星期四,"102,730,118",3750,1022
2026-02-26 19:50:43,星期四,"102,731,354",3750,1022
2026-02-26 20:01:34,星期四,"102,732,668",3750,1022
2026-02-26 20:10:25,星期四,"102,733,780",3750,1022
2026-02-26 20:20:25,星期四,"102,735,010",3750,1022
2026-02-26 20:30:27,星期四,"102,736,369",3750,1022
2026-02-26 20:40:30,星期四,"102,737,649",3750,1022
2026-02-26 20:50:45,星期四,"102,738,896",3750,1022
2026-02-26 21:00:43,星期四,"102,740,017",3750,1022
2026-02-26 21:10:29,星期四,"102,741,307",3750,1022
2026-02-26 21:20:30,星期四,"102,742,472",3750,1022
2026-02-26 21:30:31,星期四,"102,743,596",3750,1022
2026-02-26 21:40:28,星期四,"102,744,722",3750,1022
2026-02-26 22:01:03,星期四,"102,746,745",3750,1022
2026-02-26 22:10:49,星期四,"102,747,856",3750,1022
2026-02-26 22:20:30,星期四,"102,749,024",3750,1022
2026-02-26 22:41:36,星期四,"102,751,411",3750,1022
2026-02-26 22:50:47,星期四,"102,752,294",3750,1022
2026-02-26 23:00:26,星期四,"102,753,155",3750,1022
2026-02-26 23:10:48,星期四,"102,754,092",3750,1022
2026-02-26 23:20:38,星期四,"102,755,038",3750,1022
2026-02-26 23:30:56,星期四,"102,755,842",3750,1022
2026-02-26 23:41:35,星期四,"102,756,508",3750,1022
2026-02-26 23:50:48,星期四,"102,757,167",3750,1022
2026-02-27 00:00:35,星期五,"102,757,691",3750,1022
2026-02-27 00:11:47,星期五,"102,758,977",3750,1022
2026-02-27 00:20:30,星期五,"102,760,037",3750,1022
2026-02-27 00:30:25,星期五,"102,760,927",3750,1022
2026-02-27 00:41:32,星期五,"102,761,703",3750,1022
2026-02-27 00:51:31,星期五,"102,762,309",3750,1022
2026-02-27 01:01:02,星期五,"102,762,811",3750,1022
2026-02-27 01:10:47,星期五,"102,763,335",3750,1022
2026-02-27 01:20:31,星期五,"102,763,828",3750,1022
2026-02-27 01:40:32,星期五,"102,764,449",3750,1022
2026-02-27 01:50:30,星期五,"102,764,707",3750,1022
2026-02-27 02:00:50,星期五,"102,764,929",3750,1022
2026-02-27 02:10:27,星期五,"102,765,178",3750,1022
2026-02-27 02:20:27,星期五,"102,765,418",3750,1022
2026-02-27 02:30:25,星期五,"102,765,597",3750,1022
2026-02-27 02:40:26,星期五,"102,765,767",3750,1022
2026-02-27 02:50:44,星期五,"102,765,911",3750,1022
2026-02-27 03:00:34,星期五,"102,766,032",3750,1022
2026-02-27 03:10:24,星期五,"102,766,158",3750,1022
2026-02-27 03:20:37,星期五,"102,766,253",3750,1022
2026-02-27 03:30:33,星期五,"102,766,371",3750,1022
2026-02-27 03:40:35,星期五,"102,766,479",3750,1022
2026-02-27 04:00:28,星期五,"102,766,637",3750,1022
2026-02-27 04:10:27,星期五,"102,766,733",3750,1022
2026-02-27 04:21:00,星期五,"102,766,813",3750,1022
2026-02-27 04:30:29,星期五,"102,766,866",3750,1022
2026-02-27 04:40:26,星期五,"102,766,920",3750,1022
2026-02-27 04:50:25,星期五,"102,766,986",3750,1022
2026-02-27 05:00:29,星期五,"102,767,057",3750,1022
2026-02-27 05:10:30,星期五,"102,767,152",3750,1022
2026-02-27 05:20:30,星期五,"102,767,240",3750,1022
2026-02-27 05:31:36,星期五,"102,767,358",3750,1022
2026-02-27 05:40:24,星期五,"102,767,471",3750,1022
2026-02-27 05:50:32,星期五,"102,767,631",3750,1022
2026-02-27 06:10:25,星期五,"102,768,036",3750,1022
2026-02-27 06:20:45,星期五,"102,768,173",3750,1022
2026-02-27 06:30:27,星期五,"102,768,375",3750,1022
2026-02-27 06:40:29,星期五,"102,768,681",3750,1022
2026-02-27 06:50:23,星期五,"102,769,108",3750,1022
2026-02-27 07:00:30,星期五,"102,769,640",3750,1022
2026-02-27 07:10:25,星期五,"102,770,311",3750,1022
2026-02-27 07:20:29,星期五,"102,770,966",3750,1022
2026-02-27 07:30:24,星期五,"102,771,823",3750,1022
2026-02-27 07:40:26,星期五,"102,772,865",3750,1022
2026-02-27 07:50:25,星期五,"102,773,945",3750,1022
2026-02-27 08:00:25,星期五,"102,775,330",3750,1022
2026-02-27 08:20:30,星期五,"102,777,675",3750,1022
2026-02-27 08:30:34,星期五,"102,778,799",3750,1022
2026-02-27 08:40:25,星期五,"102,779,856",3750,1022
2026-02-27 08:50:26,星期五,"102,781,027",3750,1022
2026-02-27 09:00:25,星期五,"102,782,010",3750,1022
2026-02-27 09:11:28,星期五,"102,783,334",3750,1022
2026-02-27 09:21:01,星期五,"102,784,316",3750,1022
2026-02-27 09:31:15,星期五,"102,785,456",3750,1022
2026-02-27 09:40:26,星期五,"102,786,469",3750,1022
2026-02-27 09:50:25,星期五,"102,787,650",3750,1022
2026-02-27 10:00:49,星期五,"102,788,757",3750,1022
2026-02-27 10:10:28,星期五,"102,789,945",3750,1022
2026-02-27 10:20:26,星期五,"102,791,016",3750,1022
2026-02-27 10:30:24,星期五,"102,792,078",3750,1022
2026-02-27 10:40:29,星期五,"102,793,414",3750,1022
2026-02-27 10:50:30,星期五,"102,794,481",3750,1022
2026-02-27 11:00:26,星期五,"102,795,643",3750,1022
2026-02-27 11:10:25,星期五,"102,796,987",3750,1022
2026-02-27 11:20:29,星期五,"102,798,295",3750,1022
2026-02-27 11:31:02,星期五,"102,799,775",3750,1022
2026-02-27 11:40:33,星期五,"102,801,082",3750,1022
2026-02-27 11:50:29,星期五,"102,802,479",3750,1022
2026-02-27 12:00:29,星期五,"102,803,902",3750,1022
2026-02-27 12:10:24,星期五,"102,805,522",3750,1022
2026-02-27 12:20:50,星期五,"102,807,248",3750,1022
2026-02-27 12:30:27,星期五,"102,808,883",3750,1022
2026-02-27 12:40:31,星期五,"102,810,529",3750,1022
2026-02-27 12:50:27,星期五,"102,812,213",3750,1022
2026-02-27 13:00:28,星期五,"102,813,649",3750,1022
2026-02-27 13:10:28,星期五,"102,815,198",3750,1022
2026-02-27 13:20:26,星期五,"102,816,699",3750,1022
2026-02-27 13:30:25,星期五,"102,818,271",3750,1022
2026-02-27 13:40:27,星期五,"102,819,867",3750,1022
2026-02-27 13:50:33,星期五,"102,821,477",3750,1022
2026-02-27 14:00:30,星期五,"102,822,929",3750,1022
2026-02-27 14:10:25,星期五,"102,824,325",3750,1022
2026-02-27 14:20:57,星期五,"102,825,776",3750,1022
2026-02-27 14:30:43,星期五,"102,827,122",3750,1022
2026-02-27 14:40:29,星期五,"102,828,534",3750,1022
2026-02-27 14:50:29,星期五,"102,829,899",3750,1022
2026-02-27 15:10:27,星期五,"102,832,591",3750,1022
<<<<<<< Updated upstream


=======
2026-02-27 15:30:41,星期五,"102,835,459",3750,1022
>>>>>>> Stashed changes
2026-02-27 15:40:34,星期五,"102,836,905",3750,1022
2026-02-27 15:50:29,星期五,"102,838,388",3750,1022
2026-02-27 16:10:50,星期五,"102,841,437",3750,1022
2026-02-27 16:20:29,星期五,"102,842,911",3750,1022
2026-02-27 16:30:30,星期五,"102,844,393",3750,1022
2026-02-27 16:40:25,星期五,"102,845,993",3750,1022
2026-02-27 16:50:29,星期五,"102,847,542",3750,1022
2026-02-27 17:00:47,星期五,"102,849,127",3750,1022
2026-02-27 17:10:25,星期五,"102,850,598",3750,1022
2026-02-27 17:20:26,星期五,"102,852,080",3750,1022
2026-02-27 17:41:38,星期五,"102,855,441",3750,1022
2026-02-27 18:00:28,星期五,"102,858,445",3750,1022
2026-02-27 18:10:27,星期五,"102,859,853",3750,1022
2026-02-27 18:20:37,星期五,"102,861,255",3750,1022
2026-02-27 18:31:18,星期五,"102,862,856",3750,1022
2026-02-27 18:41:43,星期五,"102,864,396",3750,1022
2026-02-27 18:50:57,星期五,"102,865,682",3750,1022
2026-02-27 19:00:31,星期五,"102,866,994",3750,1022
2026-02-27 19:10:24,星期五,"102,868,441",3750,1022
2026-02-27 19:20:43,星期五,"102,869,832",3750,1022
2026-02-27 19:31:47,星期五,"102,871,247",3750,1022
2026-02-27 19:40:32,星期五,"102,872,503",3750,1022
2026-02-27 19:51:32,星期五,"102,873,866",3750,1022
2026-02-27 20:00:25,星期五,"102,874,986",3750,1022
2026-02-27 20:10:28,星期五,"102,876,223",3750,1022
2026-02-27 20:20:47,星期五,"102,877,552",3750,1022
2026-02-27 20:30:30,星期五,"102,878,837",3750,1022
2026-02-27 20:40:25,星期五,"102,880,115",3750,1022
2026-02-27 20:50:27,星期五,"102,881,332",3750,1022
2026-02-27 21:00:50,星期五,"102,882,544",3750,1022
2026-02-27 21:10:27,星期五,"102,883,730",3750,1022
2026-02-27 21:20:30,星期五,"102,884,895",3750,1022
2026-02-27 21:40:34,星期五,"102,887,244",3750,1022
2026-02-27 21:51:31,星期五,"102,888,284",3750,1022
2026-02-27 22:00:29,星期五,"102,889,128",3750,1022
2026-02-27 22:10:26,星期五,"102,890,200",3750,1022
2026-02-27 22:20:29,星期五,"102,891,463",3750,1022
2026-02-27 22:30:27,星期五,"102,892,529",3750,1022
2026-02-27 22:40:28,星期五,"102,893,658",3750,1022
2026-02-27 22:50:50,星期五,"102,894,578",3750,1022
2026-02-27 23:00:26,星期五,"102,895,460",3750,1022
2026-02-27 23:10:30,星期五,"102,896,399",3750,1022
2026-02-27 23:20:26,星期五,"102,897,349",3750,1022
2026-02-27 23:30:26,星期五,"102,898,166",3750,1022
2026-02-27 23:40:28,星期五,"102,898,917",3750,1022
2026-02-27 23:50:29,星期五,"102,899,494",3750,1022
2026-02-28 00:00:49,星期六,"102,900,059",3750,1022
2026-02-28 00:11:49,星期六,"102,901,491",3750,1022
2026-02-28 00:20:49,星期六,"102,902,497",3750,1022
2026-02-28 00:30:46,星期六,"102,903,397",3750,1022
2026-02-28 00:40:25,星期六,"102,904,162",3750,1022
2026-02-28 00:50:26,星期六,"102,904,870",3750,1022
2026-02-28 01:00:26,星期六,"102,905,431",3750,1022
2026-02-28 01:10:25,星期六,"102,905,990",3750,1022
2026-02-28 01:20:30,星期六,"102,906,518",3750,1022
2026-02-28 01:41:43,星期六,"102,907,412",3750,1022
2026-02-28 01:50:31,星期六,"102,907,747",3750,1022
2026-02-28 02:00:31,星期六,"102,908,155",3750,1022
2026-02-28 02:11:07,星期六,"102,908,401",3750,1022
2026-02-28 02:20:31,星期六,"102,908,797",3750,1022
2026-02-28 02:30:31,星期六,"102,909,062",3750,1022
2026-02-28 02:40:37,星期六,"102,909,309",3750,1022
2026-02-28 02:50:49,星期六,"102,909,530",3750,1022
2026-02-28 03:00:30,星期六,"102,909,731",3750,1022
2026-02-28 03:10:31,星期六,"102,909,925",3750,1022
2026-02-28 03:20:37,星期六,"102,910,096",3750,1022
2026-02-28 03:30:32,星期六,"102,910,285",3750,1022
2026-02-28 03:40:36,星期六,"102,910,424",3750,1022
2026-02-28 03:51:42,星期六,"102,910,564",3750,1022
2026-02-28 04:00:25,星期六,"102,910,690",3750,1022
2026-02-28 04:21:25,星期六,"102,910,949",3750,1022
2026-02-28 04:30:30,星期六,"102,911,079",3750,1022
2026-02-28 04:40:31,星期六,"102,911,162",3750,1022
2026-02-28 04:50:30,星期六,"102,911,283",3750,1022
2026-02-28 05:00:31,星期六,"102,911,411",3750,1022
2026-02-28 05:11:27,星期六,"102,911,586",3750,1022
2026-02-28 05:20:24,星期六,"102,911,733",3750,1022
2026-02-28 05:30:27,星期六,"102,911,914",3750,1022
2026-02-28 05:50:29,星期六,"102,912,350",3750,1022
2026-02-28 06:00:26,星期六,"102,912,627",3750,1022
2026-02-28 06:10:26,星期六,"102,912,891",3750,1022
2026-02-28 06:20:29,星期六,"102,913,140",3750,1022
2026-02-28 06:30:26,星期六,"102,913,450",3750,1022
2026-02-28 06:40:25,星期六,"102,913,831",3750,1022
2026-02-28 06:50:24,星期六,"102,914,386",3750,1022
2026-02-28 07:00:25,星期六,"102,915,033",3750,1022
2026-02-28 07:10:28,星期六,"102,915,754",3750,1022
2026-02-28 07:20:25,星期六,"102,916,487",3750,1022
2026-02-28 07:30:27,星期六,"102,917,424",3750,1022
2026-02-28 07:40:30,星期六,"102,918,497",3750,1022
2026-02-28 07:50:24,星期六,"102,919,649",3750,1022
2026-02-28 08:00:32,星期六,"102,921,075",3750,1022
2026-02-28 08:10:30,星期六,"102,922,378",3750,1022
2026-02-28 08:20:30,星期六,"102,923,493",3750,1022
2026-02-28 08:30:29,星期六,"102,924,626",3750,1022
2026-02-28 08:40:29,星期六,"102,925,778",3750,1022
2026-02-28 09:00:29,星期六,"102,928,042",3750,1022
2026-02-28 09:10:35,星期六,"102,929,194",3752,1022
2026-02-28 09:20:29,星期六,"102,930,371",3752,1022
2026-02-28 09:30:25,星期六,"102,931,511",3752,1022
2026-02-28 09:40:29,星期六,"102,932,686",3752,1022
2026-02-28 09:50:30,星期六,"102,933,770",3752,1022
2026-02-28 10:00:26,星期六,"102,935,076",3752,1022
2026-02-28 10:10:28,星期六,"102,936,300",3752,1022
2026-02-28 10:20:29,星期六,"102,937,478",3752,1022
2026-02-28 10:30:27,星期六,"102,938,636",3752,1022
2026-02-28 10:40:30,星期六,"102,939,995",3752,1022
2026-02-28 10:50:52,星期六,"102,941,220",3752,1022
2026-02-28 11:00:24,星期六,"102,942,390",3752,1022
2026-02-28 11:10:30,星期六,"102,943,888",3752,1022
2026-02-28 11:21:13,星期六,"102,945,379",3752,1022
2026-02-28 11:30:26,星期六,"102,946,770",3752,1022
2026-02-28 11:40:30,星期六,"102,948,306",3752,1022
2026-02-28 11:50:27,星期六,"102,949,725",3752,1022
2026-02-28 12:01:44,星期六,"102,951,355",3752,1022
2026-02-28 12:10:28,星期六,"102,952,904",3752,1022
2026-02-28 12:20:25,星期六,"102,954,749",3752,1022
2026-02-28 12:30:28,星期六,"102,956,610",3752,1022
2026-02-28 12:50:36,星期六,"102,960,005",3752,1022
2026-02-28 13:00:26,星期六,"102,961,425",3752,1022
2026-02-28 13:10:30,星期六,"102,963,180",3752,1022
2026-02-28 13:20:25,星期六,"102,964,694",3752,1022
2026-02-28 13:30:34,星期六,"102,966,371",3752,1022
2026-02-28 13:40:27,星期六,"102,967,946",3752,1022
2026-02-28 13:50:25,星期六,"102,969,473",3752,1022
2026-02-28 14:00:29,星期六,"102,971,072",3752,1022
2026-02-28 14:20:28,星期六,"102,973,919",3752,1022
2026-02-28 14:30:25,星期六,"102,975,395",3752,1022
2026-02-28 14:40:27,星期六,"102,976,904",3752,1022
2026-02-28 14:50:50,星期六,"102,978,420",3752,1022
2026-02-28 15:00:56,星期六,"102,979,872",3752,1022
2026-02-28 15:10:35,星期六,"102,981,281",3752,1022
2026-02-28 15:20:27,星期六,"102,982,659",3752,1022
2026-02-28 15:30:29,星期六,"102,984,165",3752,1022
2026-02-28 15:50:31,星期六,"102,987,170",3752,1022
2026-02-28 16:01:43,星期六,"102,988,947",3752,1021
2026-02-28 16:10:26,星期六,"102,990,361",3752,1021
2026-02-28 16:20:26,星期六,"102,991,961",3752,1021
2026-02-28 16:40:58,星期六,"102,995,236",3752,1021
2026-02-28 16:50:33,星期六,"102,996,745",3752,1021
2026-02-28 17:01:02,星期六,"102,998,429",3752,1021
2026-02-28 17:10:29,星期六,"102,999,911",3752,1021
2026-02-28 17:20:27,星期六,"103,001,430",3752,1021
2026-02-28 17:30:47,星期六,"103,003,132",3752,1021
2026-02-28 17:40:30,星期六,"103,004,735",3752,1021
2026-02-28 17:51:43,星期六,"103,006,593",3752,1021
2026-02-28 18:00:33,星期六,"103,007,929",3752,1021
2026-02-28 18:11:37,星期六,"103,009,608",3752,1021
2026-02-28 18:20:30,星期六,"103,011,012",3752,1021
2026-02-28 18:30:26,星期六,"103,012,495",3752,1021
2026-02-28 18:40:29,星期六,"103,013,974",3752,1021
2026-02-28 18:50:32,星期六,"103,015,554",3752,1021
2026-02-28 19:00:30,星期六,"103,017,028",3752,1022
2026-02-28 19:10:25,星期六,"103,018,461",3752,1022
2026-02-28 19:21:45,星期六,"103,020,088",3752,1022
2026-02-28 19:30:24,星期六,"103,021,245",3752,1022
2026-02-28 19:40:43,星期六,"103,022,789",3752,1022
2026-02-28 19:50:41,星期六,"103,024,181",3752,1022
2026-02-28 20:00:30,星期六,"103,025,489",3752,1022
2026-02-28 20:10:40,星期六,"103,026,869",3752,1022
2026-02-28 20:20:28,星期六,"103,028,084",3752,1022
2026-02-28 20:30:29,星期六,"103,029,506",3752,1022
2026-02-28 20:40:29,星期六,"103,030,869",3752,1022
2026-02-28 20:50:27,星期六,"103,032,090",3752,1022
2026-02-28 21:00:29,星期六,"103,033,304",3752,1022
2026-02-28 21:11:45,星期六,"103,034,790",3752,1022
2026-02-28 21:20:25,星期六,"103,035,868",3752,1022
2026-02-28 21:30:26,星期六,"103,037,016",3752,1022
2026-02-28 22:00:28,星期六,"103,040,131",3752,1022
2026-02-28 22:20:29,星期六,"103,042,474",3752,1022
2026-02-28 22:30:27,星期六,"103,043,512",3752,1022
2026-02-28 22:40:28,星期六,"103,044,678",3752,1022
2026-02-28 22:50:41,星期六,"103,045,588",3752,1022
2026-02-28 23:00:41,星期六,"103,046,421",3752,1022
2026-02-28 23:10:30,星期六,"103,047,352",3752,1022
2026-02-28 23:21:55,星期六,"103,048,564",3752,1022
2026-02-28 23:30:29,星期六,"103,049,326",3752,1022
2026-02-28 23:40:29,星期六,"103,050,009",3752,1022
2026-02-28 23:50:29,星期六,"103,050,675",3752,1022
2026-03-01 00:00:53,星期日,"103,051,206",3752,1022
2026-03-01 00:10:40,星期日,"103,052,408",3752,1022
2026-03-01 00:20:24,星期日,"103,053,670",3752,1022
2026-03-01 00:30:30,星期日,"103,054,593",3752,1022
2026-03-01 00:40:40,星期日,"103,055,313",3752,1022
2026-03-01 00:50:29,星期日,"103,055,991",3752,1022
2026-03-01 01:00:42,星期日,"103,056,637",3752,1022
2026-03-01 01:30:45,星期日,"103,058,062",3752,1022
2026-03-01 01:40:32,星期日,"103,058,475",3752,1022
2026-03-01 01:50:35,星期日,"103,058,828",3752,1022
2026-03-01 02:00:31,星期日,"103,059,176",3752,1022
2026-03-01 02:10:54,星期日,"103,059,548",3752,1022
2026-03-01 02:20:32,星期日,"103,059,826",3752,1022
2026-03-01 02:30:34,星期日,"103,060,105",3752,1022
2026-03-01 02:40:25,星期日,"103,060,346",3752,1022
2026-03-01 02:50:29,星期日,"103,060,540",3752,1022
2026-03-01 03:00:49,星期日,"103,060,741",3752,1022
2026-03-01 03:10:27,星期日,"103,060,949",3752,1022
2026-03-01 03:20:34,星期日,"103,061,100",3752,1022
2026-03-01 03:30:35,星期日,"103,061,304",3752,1022
2026-03-01 03:40:32,星期日,"103,061,466",3752,1022
2026-03-01 03:50:26,星期日,"103,061,562",3752,1022
2026-03-01 04:00:29,星期日,"103,061,685",3752,1022
2026-03-01 04:10:25,星期日,"103,061,812",3752,1022
2026-03-01 04:20:25,星期日,"103,061,946",3752,1022
2026-03-01 04:30:27,星期日,"103,062,037",3752,1022
2026-03-01 04:40:26,星期日,"103,062,148",3752,1022
2026-03-01 04:50:29,星期日,"103,062,265",3752,1022
2026-03-01 05:00:30,星期日,"103,062,386",3752,1022
2026-03-01 05:10:26,星期日,"103,062,539",3752,1022
2026-03-01 05:20:28,星期日,"103,062,688",3752,1022
2026-03-01 05:30:22,星期日,"103,062,851",3752,1022
2026-03-01 05:40:28,星期日,"103,063,100",3752,1022
2026-03-01 05:50:28,星期日,"103,063,329",3752,1022
2026-03-01 06:00:28,星期日,"103,063,633",3752,1022
2026-03-01 06:11:34,星期日,"103,063,942",3752,1022
2026-03-01 06:20:24,星期日,"103,064,168",3752,1022
2026-03-01 06:30:26,星期日,"103,064,513",3752,1022
2026-03-01 06:40:33,星期日,"103,064,899",3752,1022
2026-03-01 06:50:53,星期日,"103,065,398",3752,1022
2026-03-01 07:00:29,星期日,"103,066,067",3752,1022
2026-03-01 07:10:25,星期日,"103,066,880",3752,1022
2026-03-01 07:21:42,星期日,"103,067,731",3752,1022
2026-03-01 07:30:25,星期日,"103,068,649",3752,1022
2026-03-01 07:40:33,星期日,"103,069,747",3752,1022
2026-03-01 07:51:45,星期日,"103,071,047",3752,1022
2026-03-01 08:00:33,星期日,"103,072,288",3752,1022
2026-03-01 08:10:28,星期日,"103,073,689",3752,1022
2026-03-01 08:20:26,星期日,"103,074,838",3752,1022
2026-03-01 08:30:25,星期日,"103,076,021",3752,1022
2026-03-01 08:40:26,星期日,"103,077,224",3752,1022
2026-03-01 08:50:25,星期日,"103,078,477",3752,1022
2026-03-01 09:00:28,星期日,"103,079,523",3752,1022
2026-03-01 09:11:18,星期日,"103,080,859",3753,1022
2026-03-01 09:20:26,星期日,"103,081,943",3753,1022
2026-03-01 09:30:25,星期日,"103,083,155",3753,1022
2026-03-01 09:40:25,星期日,"103,084,339",3753,1022
2026-03-01 09:50:29,星期日,"103,085,541",3753,1022
2026-03-01 10:00:34,星期日,"103,086,653",3753,1022
2026-03-01 10:10:30,星期日,"103,087,930",3753,1022
2026-03-01 10:20:25,星期日,"103,089,215",3753,1022
2026-03-01 10:30:26,星期日,"103,090,405",3753,1022
2026-03-01 10:40:25,星期日,"103,091,718",3753,1022
2026-03-01 10:50:29,星期日,"103,092,977",3753,1022
2026-03-01 11:00:24,星期日,"103,094,199",3753,1022
2026-03-01 11:10:30,星期日,"103,095,618",3753,1022
2026-03-01 11:20:31,星期日,"103,097,074",3753,1022
2026-03-01 11:30:25,星期日,"103,098,480",3753,1022
2026-03-01 11:40:25,星期日,"103,099,978",3753,1022
2026-03-01 11:50:25,星期日,"103,101,394",3753,1022
2026-03-01 12:00:25,星期日,"103,102,852",3753,1022
2026-03-01 12:10:26,星期日,"103,104,590",3753,1022
2026-03-01 12:20:28,星期日,"103,106,352",3753,1022
2026-03-01 12:30:29,星期日,"103,108,097",3753,1022
2026-03-01 12:40:31,星期日,"103,109,837",3753,1022
2026-03-01 12:50:57,星期日,"103,111,529",3753,1022
2026-03-01 13:00:26,星期日,"103,112,007",3753,1022
2026-03-01 13:10:29,星期日,"103,114,569",3753,1022
2026-03-01 13:20:31,星期日,"103,116,117",3753,1022
2026-03-01 13:30:26,星期日,"103,117,671",3753,1022
2026-03-01 13:40:29,星期日,"103,119,210",3753,1022
2026-03-01 13:50:25,星期日,"103,120,803",3753,1022
2026-03-01 14:01:49,星期日,"103,122,598",3753,1022
2026-03-01 14:10:24,星期日,"103,123,797",3753,1022
2026-03-01 14:20:32,星期日,"103,125,297",3753,1022
2026-03-01 14:30:25,星期日,"103,126,773",3753,1022
2026-03-01 14:40:35,星期日,"103,128,209",3753,1022
2026-03-01 14:50:26,星期日,"103,129,732",3753,1022
2026-03-01 15:00:29,星期日,"103,131,292",3753,1022
2026-03-01 15:10:25,星期日,"103,132,669",3753,1022
2026-03-01 15:20:30,星期日,"103,134,241",3753,1022
2026-03-01 15:30:24,星期日,"103,135,629",3753,1022
2026-03-01 15:41:51,星期日,"103,137,491",3753,1022
2026-03-01 15:50:30,星期日,"103,138,796",3753,1022
2026-03-01 16:00:29,星期日,"103,140,341",3753,1022
2026-03-01 16:10:43,星期日,"103,141,914",3753,1022
2026-03-01 16:30:29,星期日,"103,145,008",3753,1022
2026-03-01 16:40:25,星期日,"103,146,662",3753,1022
2026-03-01 16:50:44,星期日,"103,148,234",3753,1022
2026-03-01 17:00:47,星期日,"103,149,894",3753,1022
2026-03-01 17:11:41,星期日,"103,151,690",3753,1022
2026-03-01 17:21:48,星期日,"103,153,131",3753,1022
2026-03-01 17:30:27,星期日,"103,154,473",3753,1022
2026-03-01 17:40:26,星期日,"103,156,089",3753,1022
2026-03-01 17:50:28,星期日,"103,157,662",3753,1022
2026-03-01 18:00:28,星期日,"103,159,135",3753,1022
2026-03-01 18:10:24,星期日,"103,160,676",3753,1022
2026-03-01 18:20:45,星期日,"103,162,133",3753,1022
2026-03-01 18:30:27,星期日,"103,163,633",3753,1022
2026-03-01 18:40:26,星期日,"103,165,182",3753,1022
2026-03-01 18:50:29,星期日,"103,166,614",3753,1022
2026-03-01 19:00:33,星期日,"103,168,064",3753,1022
2026-03-01 19:11:33,星期日,"103,169,566",3753,1022
2026-03-01 19:20:24,星期日,"103,170,803",3753,1022
2026-03-01 19:40:24,星期日,"103,173,518",3753,1022
2026-03-01 19:51:43,星期日,"103,175,011",3753,1022
2026-03-01 20:00:25,星期日,"103,176,153",3753,1022
2026-03-01 20:10:24,星期日,"103,177,442",3753,1022
2026-03-01 20:20:26,星期日,"103,178,644",3753,1022
2026-03-01 20:30:27,星期日,"103,179,973",3753,1022
2026-03-01 20:40:33,星期日,"103,181,211",3753,1022
2026-03-01 20:50:27,星期日,"103,182,321",3753,1022
2026-03-01 21:00:25,星期日,"103,183,640",3753,1022
2026-03-01 21:10:30,星期日,"103,184,797",3753,1022
2026-03-01 21:20:25,星期日,"103,185,926",3753,1022
2026-03-01 21:30:33,星期日,"103,187,099",3753,1022
2026-03-01 21:40:27,星期日,"103,188,141",3753,1022
2026-03-01 21:50:29,星期日,"103,189,142",3753,1022
2026-03-01 22:00:43,星期日,"103,190,044",3753,1022
2026-03-01 22:30:29,星期日,"103,193,853",3753,1022
2026-03-01 22:40:38,星期日,"103,195,153",3753,1022
2026-03-01 22:50:34,星期日,"103,196,242",3753,1022
2026-03-01 23:00:40,星期日,"103,197,183",3753,1022
2026-03-01 23:10:50,星期日,"103,198,184",3753,1022
2026-03-01 23:20:51,星期日,"103,199,366",3753,1022
2026-03-01 23:30:26,星期日,"103,200,257",3753,1022
2026-03-01 23:40:27,星期日,"103,201,009",3753,1022
2026-03-01 23:50:50,星期日,"103,201,616",3753,1022
2026-03-02 00:00:44,星期一,"103,202,083",3753,1022
2026-03-02 00:10:28,星期一,"103,203,038",3753,1022
2026-03-02 00:20:27,星期一,"103,204,112",3753,1022
2026-03-02 00:30:29,星期一,"103,204,886",3753,1022
2026-03-02 00:50:29,星期一,"103,206,106",3753,1022
2026-03-02 01:00:46,星期一,"103,206,608",3753,1022
2026-03-02 01:10:26,星期一,"103,207,033",3753,1022
2026-03-02 01:20:27,星期一,"103,207,403",3753,1022
2026-03-02 01:30:26,星期一,"103,207,703",3753,1022
2026-03-02 01:40:26,星期一,"103,208,046",3753,1022
2026-03-02 01:50:25,星期一,"103,208,290",3753,1022
2026-03-02 02:00:28,星期一,"103,208,537",3753,1022
2026-03-02 02:10:25,星期一,"103,208,792",3753,1022
2026-03-02 02:20:33,星期一,"103,208,993",3753,1022
2026-03-02 02:30:36,星期一,"103,209,155",3753,1022
2026-03-02 02:40:27,星期一,"103,209,312",3753,1022
2026-03-02 02:50:29,星期一,"103,209,450",3753,1022
2026-03-02 03:00:31,星期一,"103,209,580",3753,1022
2026-03-02 03:10:30,星期一,"103,209,709",3753,1022
2026-03-02 03:20:31,星期一,"103,209,811",3753,1022
2026-03-02 03:30:26,星期一,"103,209,950",3753,1022
2026-03-02 03:40:30,星期一,"103,210,043",3753,1022
2026-03-02 03:50:29,星期一,"103,210,131",3753,1022
2026-03-02 04:00:26,星期一,"103,210,214",3753,1022
2026-03-02 04:10:29,星期一,"103,210,307",3753,1022
2026-03-02 04:21:11,星期一,"103,210,402",3753,1022
2026-03-02 04:30:32,星期一,"103,210,451",3753,1022
2026-03-02 04:40:31,星期一,"103,210,520",3753,1022
2026-03-02 04:50:30,星期一,"103,210,583",3753,1022
2026-03-02 05:00:44,星期一,"103,210,680",3753,1022
2026-03-02 05:10:35,星期一,"103,210,768",3753,1022
2026-03-02 05:20:27,星期一,"103,210,871",3753,1022
2026-03-02 05:30:29,星期一,"103,210,969",3753,1022
2026-03-02 05:40:26,星期一,"103,211,109",3753,1022
2026-03-02 05:50:49,星期一,"103,211,258",3753,1022
2026-03-02 06:00:47,星期一,"103,211,422",3753,1022
2026-03-02 06:10:29,星期一,"103,211,584",3753,1022
2026-03-02 06:20:29,星期一,"103,211,717",3753,1022
2026-03-02 06:30:50,星期一,"103,211,970",3753,1022
2026-03-02 06:40:25,星期一,"103,212,263",3753,1022
2026-03-02 06:50:30,星期一,"103,212,712",3753,1022
2026-03-02 07:00:28,星期一,"103,213,200",3753,1022
2026-03-02 07:10:31,星期一,"103,213,841",3753,1022
2026-03-02 07:20:30,星期一,"103,214,469",3753,1022
2026-03-02 07:30:29,星期一,"103,215,307",3753,1022
2026-03-02 07:40:29,星期一,"103,216,221",3753,1022
2026-03-02 07:51:45,星期一,"103,217,383",3753,1022
2026-03-02 08:00:28,星期一,"103,218,310",3753,1022
2026-03-02 08:20:36,星期一,"103,220,578",3753,1022
2026-03-02 08:30:37,星期一,"103,221,636",3753,1022
2026-03-02 08:40:37,星期一,"103,222,676",3753,1022
2026-03-02 08:50:49,星期一,"103,223,743",3753,1022
2026-03-02 09:00:30,星期一,"103,224,734",3753,1022
2026-03-02 09:10:37,星期一,"103,225,739",3753,1022
2026-03-02 09:20:49,星期一,"103,226,712",3753,1022
2026-03-02 09:30:52,星期一,"103,227,689",3753,1022
2026-03-02 09:40:59,星期一,"103,228,754",3753,1022
2026-03-02 09:50:28,星期一,"103,229,786",3753,1022
2026-03-02 10:00:29,星期一,"103,230,717",3753,1022
2026-03-02 10:10:49,星期一,"103,231,975",3753,1022
2026-03-02 10:20:30,星期一,"103,233,028",3753,1022
2026-03-02 10:30:29,星期一,"103,234,073",3753,1022
2026-03-02 10:40:26,星期一,"103,235,241",3753,1022
2026-03-02 10:50:50,星期一,"103,236,293",3753,1022
2026-03-02 11:00:29,星期一,"103,237,391",3753,1022
2026-03-02 11:10:28,星期一,"103,238,605",3753,1022
2026-03-02 11:20:31,星期一,"103,239,774",3753,1022
2026-03-02 11:30:29,星期一,"103,241,037",3753,1022
2026-03-02 11:40:44,星期一,"103,242,343",3753,1022
2026-03-02 11:50:30,星期一,"103,243,608",3753,1022
2026-03-02 12:10:28,星期一,"103,246,368",3753,1022
2026-03-02 12:20:26,星期一,"103,247,772",3753,1022
2026-03-02 12:31:15,星期一,"103,249,408",3753,1022
2026-03-02 12:41:34,星期一,"103,250,882",3753,1022
2026-03-02 12:50:40,星期一,"103,252,332",3753,1022
2026-03-02 13:00:29,星期一,"103,253,719",3753,1022
2026-03-02 13:10:31,星期一,"103,255,078",3753,1022
2026-03-02 13:20:29,星期一,"103,256,428",3753,1022
2026-03-02 13:30:30,星期一,"103,257,794",3753,1022
2026-03-02 13:40:33,星期一,"103,259,180",3753,1022
2026-03-02 13:50:29,星期一,"103,260,600",3753,1022
2026-03-02 14:10:30,星期一,"103,263,147",3753,1022
2026-03-02 14:21:23,星期一,"103,264,497",3753,1022
2026-03-02 14:31:16,星期一,"103,265,770",3753,1022
2026-03-02 14:40:30,星期一,"103,266,995",3753,1022
2026-03-02 14:50:31,星期一,"103,268,291",3753,1022
2026-03-02 15:00:36,星期一,"103,269,491",3753,1022
2026-03-02 15:20:34,星期一,"103,272,091",3753,1022
2026-03-02 15:30:30,星期一,"103,273,357",3753,1022
2026-03-02 15:41:00,星期一,"103,274,673",3753,1022
2026-03-02 15:50:32,星期一,"103,275,920",3753,1022
2026-03-02 16:00:33,星期一,"103,277,266",3753,1022
2026-03-02 16:10:54,星期一,"103,278,670",3753,1022
2026-03-02 16:20:29,星期一,"103,280,033",3753,1022
2026-03-02 16:40:28,星期一,"103,282,631",3753,1022
2026-03-02 16:50:31,星期一,"103,283,940",3753,1022
2026-03-02 17:00:51,星期一,"103,285,316",3753,1022
2026-03-02 17:20:30,星期一,"103,287,807",3753,1022
2026-03-02 17:30:49,星期一,"103,289,234",3753,1022
2026-03-02 17:40:33,星期一,"103,290,574",3753,1022
2026-03-02 17:50:32,星期一,"103,291,880",3753,1022
2026-03-02 18:00:37,星期一,"103,293,248",3753,1022
2026-03-02 18:10:34,星期一,"103,294,382",3753,1022
2026-03-02 18:20:32,星期一,"103,295,630",3753,1022
2026-03-02 18:31:42,星期一,"103,297,002",3753,1022
2026-03-02 18:40:32,星期一,"103,298,086",3753,1022
2026-03-02 18:50:51,星期一,"103,299,284",3753,1022
2026-03-02 19:00:45,星期一,"103,300,434",3753,1022
2026-03-02 19:10:32,星期一,"103,301,632",3753,1022
2026-03-02 19:20:31,星期一,"103,302,761",3753,1022
2026-03-02 19:40:34,星期一,"103,305,213",3753,1022
2026-03-02 19:50:49,星期一,"103,306,305",3753,1022
2026-03-02 20:00:54,星期一,"103,307,450",3753,1022
2026-03-02 20:20:33,星期一,"103,309,518",3753,1022
2026-03-02 20:30:52,星期一,"103,310,737",3753,1022
2026-03-02 20:41:14,星期一,"103,311,830",3753,1022
2026-03-02 20:50:34,星期一,"103,312,751",3753,1022
2026-03-02 21:00:32,星期一,"103,313,760",3753,1022
2026-03-02 21:10:43,星期一,"103,314,832",3753,1022
2026-03-02 21:20:44,星期一,"103,315,850",3753,1022
2026-03-02 21:50:47,星期一,"103,318,714",3753,1022
2026-03-02 22:00:30,星期一,"103,319,616",3753,1022
2026-03-02 22:20:53,星期一,"103,321,600",3753,1022
2026-03-02 22:30:33,星期一,"103,322,453",3753,1022
2026-03-02 22:40:41,星期一,"103,323,482",3753,1022
2026-03-02 22:50:33,星期一,"103,324,384",3753,1022
2026-03-02 23:00:27,星期一,"103,325,098",3753,1022
2026-03-02 23:21:01,星期一,"103,326,674",3753,1022
2026-03-02 23:30:45,星期一,"103,327,332",3753,1022
2026-03-02 23:40:28,星期一,"103,327,922",3753,1022
2026-03-02 23:50:45,星期一,"103,328,423",3753,1022
2026-03-03 00:00:42,星期二,"103,328,877",3753,1022
2026-03-03 00:10:26,星期二,"103,329,889",3753,1022
2026-03-03 00:20:26,星期二,"103,330,961",3753,1022
2026-03-03 00:30:30,星期二,"103,331,767",3753,1022
2026-03-03 00:40:30,星期二,"103,332,430",3753,1022
2026-03-03 00:50:31,星期二,"103,332,968",3753,1022
2026-03-03 01:00:27,星期二,"103,333,439",3753,1022
2026-03-03 01:10:28,星期二,"103,333,867",3753,1022
2026-03-03 01:20:30,星期二,"103,334,244",3753,1022
2026-03-03 01:30:28,星期二,"103,334,578",3753,1022
2026-03-03 01:40:26,星期二,"103,334,945",3753,1022
2026-03-03 01:50:45,星期二,"103,335,213",3753,1022
2026-03-03 02:00:27,星期二,"103,335,509",3753,1022
2026-03-03 02:10:27,星期二,"103,335,750",3753,1022
2026-03-03 02:20:26,星期二,"103,335,968",3753,1022
2026-03-03 02:30:27,星期二,"103,336,135",3753,1022
2026-03-03 02:40:27,星期二,"103,336,326",3753,1022
2026-03-03 02:50:25,星期二,"103,336,473",3753,1022
2026-03-03 03:00:25,星期二,"103,336,597",3753,1022
2026-03-03 03:10:27,星期二,"103,336,734",3753,1022
2026-03-03 03:20:45,星期二,"103,336,856",3753,1022
2026-03-03 03:30:27,星期二,"103,336,992",3753,1022
2026-03-03 03:40:26,星期二,"103,337,083",3753,1022
2026-03-03 03:50:25,星期二,"103,337,150",3753,1022
2026-03-03 04:00:25,星期二,"103,337,221",3753,1022
2026-03-03 04:10:26,星期二,"103,337,297",3753,1022
2026-03-03 04:20:25,星期二,"103,337,372",3753,1022
2026-03-03 04:30:29,星期二,"103,337,424",3753,1022
2026-03-03 04:50:29,星期二,"103,337,558",3753,1022
2026-03-03 05:00:42,星期二,"103,337,626",3753,1022
2026-03-03 05:10:48,星期二,"103,337,718",3753,1022
2026-03-03 05:20:29,星期二,"103,337,806",3753,1022
2026-03-03 05:31:26,星期二,"103,337,923",3753,1022
2026-03-03 05:40:28,星期二,"103,338,038",3753,1022
2026-03-03 05:50:25,星期二,"103,338,181",3753,1022
2026-03-03 06:00:26,星期二,"103,338,365",3753,1022
2026-03-03 06:10:30,星期二,"103,338,550",3753,1022
2026-03-03 06:20:26,星期二,"103,338,675",3753,1022
2026-03-03 06:30:27,星期二,"103,338,805",3753,1022
2026-03-03 06:40:25,星期二,"103,339,174",3753,1022
2026-03-03 06:50:25,星期二,"103,339,566",3753,1022
2026-03-03 07:00:25,星期二,"103,340,039",3753,1022
2026-03-03 07:10:23,星期二,"103,340,709",3753,1022
2026-03-03 07:20:26,星期二,"103,341,358",3753,1022
2026-03-03 07:30:28,星期二,"103,342,207",3753,1022
2026-03-03 07:40:23,星期二,"103,343,061",3753,1022
2026-03-03 07:50:41,星期二,"103,344,149",3753,1022
2026-03-03 08:00:29,星期二,"103,345,295",3753,1022
2026-03-03 08:10:24,星期二,"103,346,511",3753,1023
2026-03-03 08:20:26,星期二,"103,347,507",3753,1023
2026-03-03 08:30:29,星期二,"103,348,533",3753,1023
2026-03-03 08:40:26,星期二,"103,349,572",3753,1023
2026-03-03 08:50:25,星期二,"103,350,599",3753,1023
2026-03-03 09:00:25,星期二,"103,351,543",3753,1023
2026-03-03 09:10:25,星期二,"103,352,590",3753,1023
2026-03-03 09:21:20,星期二,"103,353,735",3753,1023
2026-03-03 09:30:26,星期二,"103,354,664",3753,1023
2026-03-03 09:40:24,星期二,"103,355,772",3753,1023
2026-03-03 09:50:25,星期二,"103,356,763",3753,1023
2026-03-03 10:20:30,星期二,"103,359,844",3753,1023
2026-03-03 10:30:25,星期二,"103,360,898",3753,1023
2026-03-03 10:40:45,星期二,"103,362,070",3753,1023
2026-03-03 10:50:24,星期二,"103,362,972",3753,1023
2026-03-03 11:00:25,星期二,"103,364,077",3753,1023
2026-03-03 11:10:28,星期二,"103,365,358",3753,1023
2026-03-03 11:20:26,星期二,"103,366,627",3753,1023
2026-03-03 11:30:30,星期二,"103,367,915",3753,1023
2026-03-03 11:40:45,星期二,"103,369,261",3753,1023
2026-03-03 11:50:25,星期二,"103,370,478",3753,1023
2026-03-03 12:00:28,星期二,"103,371,776",3753,1023
2026-03-03 12:10:35,星期二,"103,373,225",3753,1023
2026-03-03 12:20:26,星期二,"103,374,763",3753,1023
2026-03-03 12:30:25,星期二,"103,376,326",3753,1023
2026-03-03 12:40:28,星期二,"103,377,750",3753,1023
2026-03-03 12:50:24,星期二,"103,379,153",3753,1023
2026-03-03 13:00:26,星期二,"103,380,517",3753,1023
2026-03-03 13:20:29,星期二,"103,383,218",3753,1023
2026-03-03 13:30:27,星期二,"103,384,579",3753,1023
2026-03-03 13:40:25,星期二,"103,386,000",3753,1023
2026-03-03 13:50:26,星期二,"103,387,397",3753,1023
2026-03-03 14:00:31,星期二,"103,388,730",3753,1023
2026-03-03 14:10:30,星期二,"103,389,928",3753,1023
2026-03-03 14:20:27,星期二,"103,391,182",3753,1023
2026-03-03 14:40:43,星期二,"103,393,806",3753,1023
2026-03-03 14:50:26,星期二,"103,395,014",3753,1023
2026-03-03 15:00:40,星期二,"103,396,231",3753,1023
2026-03-03 15:10:28,星期二,"103,397,398",3753,1023
2026-03-03 15:20:28,星期二,"103,398,647",3753,1023
2026-03-03 15:30:26,星期二,"103,399,916",3753,1023
2026-03-03 15:40:25,星期二,"103,401,239",3753,1023
2026-03-03 15:50:29,星期二,"103,402,590",3753,1023
2026-03-03 16:00:40,星期二,"103,403,823",3753,1023
2026-03-03 16:10:29,星期二,"103,405,055",3753,1023
2026-03-03 16:20:25,星期二,"103,406,439",3753,1023
2026-03-03 16:31:41,星期二,"103,407,908",3753,1023
2026-03-03 16:40:27,星期二,"103,409,089",3753,1023
2026-03-03 16:50:35,星期二,"103,410,388",3753,1023
2026-03-03 17:00:25,星期二,"103,411,693",3753,1023
2026-03-03 17:10:28,星期二,"103,413,052",3753,1023
2026-03-03 17:20:24,星期二,"103,414,332",3753,1023
2026-03-03 17:30:34,星期二,"103,415,757",3753,1023
2026-03-03 17:40:33,星期二,"103,417,186",3753,1023
2026-03-03 17:51:44,星期二,"103,418,658",3753,1023
2026-03-03 18:00:25,星期二,"103,419,887",3753,1023
2026-03-03 18:21:05,星期二,"103,422,378",3753,1023
2026-03-03 18:30:38,星期二,"103,423,597",3753,1023
2026-03-03 18:41:03,星期二,"103,424,782",3753,1023
2026-03-03 18:50:49,星期二,"103,426,027",3753,1023
2026-03-03 19:01:07,星期二,"103,427,101",3753,1023
2026-03-03 19:11:02,星期二,"103,428,362",3753,1023
2026-03-03 19:21:51,星期二,"103,429,631",3753,1023
2026-03-03 19:30:24,星期二,"103,430,549",3753,1023
2026-03-03 19:40:36,星期二,"103,431,748",3753,1023
2026-03-03 19:50:24,星期二,"103,432,881",3753,1023
2026-03-03 20:00:25,星期二,"103,434,098",3753,1023
2026-03-03 20:10:27,星期二,"103,435,148",3753,1023
2026-03-03 20:20:49,星期二,"103,436,269",3753,1023
2026-03-03 20:51:23,星期二,"103,439,607",3753,1023
2026-03-03 21:00:36,星期二,"103,440,556",3753,1023
2026-03-03 21:10:54,星期二,"103,441,604",3753,1023
2026-03-03 21:20:58,星期二,"103,442,622",3753,1023
2026-03-03 21:31:37,星期二,"103,443,712",3753,1023
2026-03-03 21:50:25,星期二,"103,445,288",3753,1023
2026-03-03 22:10:27,星期二,"103,447,060",3753,1023
2026-03-03 22:20:26,星期二,"103,448,123",3753,1023
2026-03-03 22:30:56,星期二,"103,449,113",3753,1023
2026-03-03 22:40:43,星期二,"103,450,008",3753,1023
2026-03-03 22:50:31,星期二,"103,450,897",3753,1023
2026-03-03 23:00:26,星期二,"103,451,668",3753,1023
2026-03-03 23:10:48,星期二,"103,452,497",3753,1023
2026-03-03 23:20:58,星期二,"103,453,472",3753,1023
2026-03-03 23:30:29,星期二,"103,454,117",3753,1023
2026-03-03 23:40:44,星期二,"103,454,674",3753,1023
2026-03-03 23:50:26,星期二,"103,455,094",3753,1023
2026-03-04 00:00:40,星期三,"103,455,494",3753,1023
2026-03-04 00:10:27,星期三,"103,456,432",3753,1023
2026-03-04 00:20:40,星期三,"103,457,399",3753,1023
2026-03-04 00:30:30,星期三,"103,458,063",3753,1023
2026-03-04 00:40:30,星期三,"103,458,582",3753,1023
2026-03-04 00:50:35,星期三,"103,459,049",3753,1023
2026-03-04 01:10:30,星期三,"103,459,789",3753,1023
2026-03-04 01:20:43,星期三,"103,460,118",3753,1023
2026-03-04 01:30:33,星期三,"103,460,345",3753,1023
2026-03-04 01:40:56,星期三,"103,460,668",3753,1023
2026-03-04 01:50:26,星期三,"103,460,865",3753,1023
2026-03-04 02:00:24,星期三,"103,461,076",3753,1023
2026-03-04 02:10:24,星期三,"103,461,295",3753,1023
2026-03-04 02:20:24,星期三,"103,461,472",3753,1023
2026-03-04 02:30:25,星期三,"103,461,615",3753,1023
2026-03-04 02:40:26,星期三,"103,461,750",3753,1023
2026-03-04 03:00:42,星期三,"103,461,969",3753,1023
2026-03-04 03:20:24,星期三,"103,462,170",3753,1023
2026-03-04 03:50:26,星期三,"103,462,466",3753,1023
2026-03-04 04:00:37,星期三,"103,462,537",3753,1023
2026-03-04 04:10:36,星期三,"103,462,615",3753,1023
2026-03-04 04:21:14,星期三,"103,462,690",3753,1023
2026-03-04 04:30:34,星期三,"103,462,734",3753,1023
2026-03-04 04:40:31,星期三,"103,462,788",3753,1023
2026-03-04 04:50:36,星期三,"103,462,845",3753,1023
2026-03-04 05:00:32,星期三,"103,462,925",3753,1023
2026-03-04 05:10:46,星期三,"103,463,020",3753,1023
2026-03-04 05:20:31,星期三,"103,463,113",3753,1023
2026-03-04 05:40:47,星期三,"103,463,343",3753,1023
2026-03-04 05:50:34,星期三,"103,463,475",3753,1023
2026-03-04 06:00:28,星期三,"103,463,655",3753,1023
2026-03-04 06:10:42,星期三,"103,463,813",3753,1023
2026-03-04 06:20:24,星期三,"103,463,927",3753,1023
2026-03-04 06:30:25,星期三,"103,464,116",3753,1023
2026-03-04 06:50:26,星期三,"103,464,649",3753,1023
2026-03-04 07:10:25,星期三,"103,465,564",3753,1023
2026-03-04 07:20:25,星期三,"103,466,072",3753,1023
2026-03-04 07:30:24,星期三,"103,466,765",3753,1023
2026-03-04 07:40:25,星期三,"103,467,538",3753,1023
2026-03-04 07:50:33,星期三,"103,468,451",3753,1023
2026-03-04 08:01:49,星期三,"103,469,740",3753,1023
2026-03-04 08:10:45,星期三,"103,470,643",3753,1023
2026-03-04 08:20:29,星期三,"103,471,404",3753,1023
2026-03-04 08:30:29,星期三,"103,472,293",3753,1023
2026-03-04 08:40:31,星期三,"103,473,179",3753,1023
2026-03-04 08:50:25,星期三,"103,474,108",3753,1023
2026-03-04 09:20:40,星期三,"103,476,767",3753,1023
2026-03-04 09:30:28,星期三,"103,477,639",3753,1023
2026-03-04 10:01:47,星期三,"103,480,383",3753,1023
2026-03-04 10:10:36,星期三,"103,481,174",3753,1023
2026-03-04 10:20:34,星期三,"103,482,077",3753,1023
2026-03-04 10:30:29,星期三,"103,482,931",3753,1023
2026-03-04 10:40:26,星期三,"103,483,871",3753,1023
2026-03-04 10:50:29,星期三,"103,484,680",3753,1023
2026-03-04 11:00:54,星期三,"103,485,599",3753,1023
2026-03-04 11:10:42,星期三,"103,486,655",3753,1023
2026-03-04 11:20:26,星期三,"103,487,692",3753,1023
2026-03-04 11:30:24,星期三,"103,488,772",3753,1023
2026-03-04 11:40:26,星期三,"103,489,839",3753,1023
2026-03-04 11:50:54,星期三,"103,490,966",3753,1023
2026-03-04 12:00:57,星期三,"103,492,032",3753,1023
2026-03-04 12:10:26,星期三,"103,493,307",3753,1023
2026-03-04 12:20:59,星期三,"103,494,657",3753,1023
2026-03-04 12:30:28,星期三,"103,495,956",3753,1023
2026-03-04 12:40:25,星期三,"103,497,308",3753,1023
2026-03-04 12:50:31,星期三,"103,498,553",3753,1023
2026-03-04 13:00:30,星期三,"103,499,740",3753,1023
2026-03-04 13:10:50,星期三,"103,500,981",3753,1023
2026-03-04 13:20:40,星期三,"103,502,125",3753,1023
2026-03-04 13:30:27,星期三,"103,503,258",3753,1023
2026-03-04 13:40:25,星期三,"103,504,418",3753,1023
2026-03-04 13:50:46,星期三,"103,505,676",3753,1023
2026-03-04 14:01:09,星期三,"103,506,894",3753,1023
2026-03-04 14:10:28,星期三,"103,507,848",3753,1023
2026-03-04 14:20:26,星期三,"103,508,946",3753,1023
2026-03-04 14:30:25,星期三,"103,510,068",3753,1023
2026-03-04 14:41:06,星期三,"103,511,234",3753,1023
2026-03-04 14:50:28,星期三,"103,512,246",3753,1023
2026-03-04 15:10:33,星期三,"103,514,294",3753,1023
2026-03-04 15:20:43,星期三,"103,515,339",3753,1023
2026-03-04 15:30:57,星期三,"103,516,552",3753,1023
2026-03-04 15:50:25,星期三,"103,518,795",3753,1023
2026-03-04 16:01:02,星期三,"103,519,991",3753,1023
2026-03-04 16:21:06,星期三,"103,522,287",3753,1023
2026-03-04 16:30:42,星期三,"103,523,422",3753,1023
2026-03-04 16:40:25,星期三,"103,524,601",3753,1023
2026-03-04 16:50:45,星期三,"103,525,875",3753,1023
2026-03-04 17:00:25,星期三,"103,527,051",3753,1023
2026-03-04 17:11:04,星期三,"103,528,365",3753,1023
2026-03-04 17:30:25,星期三,"103,530,576",3753,1023
2026-03-04 17:40:26,星期三,"103,531,785",3753,1023
2026-03-04 17:50:24,星期三,"103,532,971",3753,1023
2026-03-04 18:00:47,星期三,"103,534,194",3753,1023
2026-03-04 18:11:21,星期三,"103,535,372",3753,1023
2026-03-04 18:21:39,星期三,"103,536,542",3753,1023
2026-03-04 18:30:25,星期三,"103,537,525",3753,1023
2026-03-04 18:40:43,星期三,"103,538,561",3753,1023
2026-03-04 18:50:27,星期三,"103,539,702",3753,1023
2026-03-04 19:01:03,星期三,"103,540,829",3753,1023
2026-03-04 19:11:09,星期三,"103,541,837",3753,1023
2026-03-04 19:20:26,星期三,"103,542,791",3753,1023
2026-03-04 19:30:30,星期三,"103,543,814",3753,1023
2026-03-04 19:40:28,星期三,"103,544,870",3753,1023
2026-03-04 19:51:18,星期三,"103,545,922",3753,1023
2026-03-04 20:00:52,星期三,"103,546,822",3753,1023
2026-03-04 20:20:50,星期三,"103,548,691",3753,1023
2026-03-04 20:40:31,星期三,"103,550,647",3753,1023
2026-03-04 20:50:31,星期三,"103,551,546",3753,1023
2026-03-04 21:10:27,星期三,"103,553,318",3753,1023
2026-03-04 21:20:25,星期三,"103,554,189",3753,1023
2026-03-04 21:30:28,星期三,"103,555,079",3753,1023
2026-03-04 21:40:44,星期三,"103,555,910",3753,1023
2026-03-04 21:50:26,星期三,"103,556,629",3753,1023
2026-03-04 22:10:40,星期三,"103,558,233",3753,1023
2026-03-04 22:20:42,星期三,"103,559,165",3753,1023
2026-03-04 22:30:28,星期三,"103,559,933",3753,1023
2026-03-04 22:40:43,星期三,"103,560,763",3753,1023
2026-03-04 22:50:34,星期三,"103,561,549",3753,1023
2026-03-04 23:00:24,星期三,"103,562,122",3753,1023
2026-03-04 23:10:42,星期三,"103,562,848",3753,1023
2026-03-04 23:20:27,星期三,"103,563,536",3753,1023
2026-03-04 23:30:28,星期三,"103,564,170",3753,1023
2026-03-04 23:40:38,星期三,"103,564,698",3753,1023
2026-03-04 23:50:25,星期三,"103,565,117",3753,1023
2026-03-05 00:00:26,星期四,"103,565,511",3753,1023
2026-03-05 00:10:46,星期四,"103,566,456",3753,1023
2026-03-05 00:20:29,星期四,"103,567,304",3753,1023
2026-03-05 00:30:24,星期四,"103,567,992",3753,1023
2026-03-05 00:50:27,星期四,"103,568,989",3753,1023
2026-03-05 01:00:29,星期四,"103,569,326",3753,1023
2026-03-05 01:10:29,星期四,"103,569,676",3753,1023
2026-03-05 01:20:26,星期四,"103,569,982",3753,1023
2026-03-05 01:40:47,星期四,"103,570,498",3753,1023
2026-03-05 01:50:24,星期四,"103,570,714",3753,1023
2026-03-05 02:00:24,星期四,"103,570,915",3753,1023
2026-03-05 02:10:45,星期四,"103,571,114",3753,1023
2026-03-05 02:20:51,星期四,"103,571,289",3753,1023
2026-03-05 02:30:25,星期四,"103,571,408",3753,1023
2026-03-05 02:40:25,星期四,"103,571,552",3753,1023
2026-03-05 02:50:24,星期四,"103,571,677",3753,1023
2026-03-05 03:00:24,星期四,"103,571,781",3753,1023
2026-03-05 03:10:51,星期四,"103,571,892",3753,1023
2026-03-05 03:20:25,星期四,"103,571,987",3753,1023
2026-03-05 03:30:25,星期四,"103,572,090",3753,1023
2026-03-05 03:40:25,星期四,"103,572,168",3753,1023
2026-03-05 03:50:26,星期四,"103,572,252",3753,1023
2026-03-05 04:00:24,星期四,"103,572,307",3753,1023
2026-03-05 04:11:02,星期四,"103,572,377",3753,1023
2026-03-05 04:20:26,星期四,"103,572,445",3753,1023
2026-03-05 04:30:26,星期四,"103,572,498",3753,1023
2026-03-05 04:40:24,星期四,"103,572,551",3753,1023
2026-03-05 04:50:55,星期四,"103,572,612",3753,1023
2026-03-05 05:00:28,星期四,"103,572,685",3753,1023
2026-03-05 05:10:29,星期四,"103,572,761",3753,1023
2026-03-05 05:20:32,星期四,"103,572,830",3753,1023
2026-03-05 05:30:24,星期四,"103,572,920",3753,1023
2026-03-05 05:40:42,星期四,"103,573,045",3753,1023
2026-03-05 05:50:35,星期四,"103,573,181",3753,1023
2026-03-05 06:00:41,星期四,"103,573,344",3753,1023
2026-03-05 06:10:27,星期四,"103,573,503",3753,1023
2026-03-05 06:20:45,星期四,"103,573,617",3753,1023
2026-03-05 06:30:57,星期四,"103,573,795",3753,1023
2026-03-05 06:40:40,星期四,"103,574,019",3753,1023
2026-03-05 06:50:43,星期四,"103,574,339",3753,1023
2026-03-05 07:00:37,星期四,"103,574,747",3753,1023
2026-03-05 07:10:45,星期四,"103,575,254",3753,1023
2026-03-05 07:20:29,星期四,"103,575,766",3753,1023
2026-03-05 07:30:27,星期四,"103,576,376",3753,1023
2026-03-05 07:40:40,星期四,"103,577,137",3753,1023
2026-03-05 07:50:46,星期四,"103,577,935",3753,1023
2026-03-05 08:00:36,星期四,"103,578,006",3753,1023
2026-03-05 08:10:26,星期四,"103,580,042",3753,1023
2026-03-05 08:20:25,星期四,"103,580,836",3753,1023
2026-03-05 08:30:27,星期四,"103,581,707",3753,1023
2026-03-05 08:40:31,星期四,"103,582,610",3753,1023
2026-03-05 09:00:33,星期四,"103,584,313",3753,1023
2026-03-05 09:10:52,星期四,"103,585,240",3753,1023
2026-03-05 09:30:26,星期四,"103,586,952",3753,1023
2026-03-05 09:40:26,星期四,"103,587,847",3753,1023
2026-03-05 09:50:31,星期四,"103,588,706",3753,1023
2026-03-05 10:00:25,星期四,"103,589,640",3753,1023
2026-03-05 10:10:24,星期四,"103,590,589",3753,1023
2026-03-05 10:40:27,星期四,"103,593,599",3753,1023
2026-03-05 10:50:25,星期四,"103,594,509",3753,1023
2026-03-05 11:00:26,星期四,"103,595,428",3753,1023
2026-03-05 11:10:29,星期四,"103,596,497",3753,1023
2026-03-05 11:21:03,星期四,"103,597,597",3753,1023
2026-03-05 11:30:50,星期四,"103,598,782",3753,1023
2026-03-05 11:40:26,星期四,"103,599,968",3753,1023
2026-03-05 11:51:11,星期四,"103,601,190",3753,1023
2026-03-05 12:00:40,星期四,"103,602,197",3753,1023
2026-03-05 12:10:44,星期四,"103,603,520",3753,1023
2026-03-05 12:20:35,星期四,"103,604,809",3753,1023
2026-03-05 12:30:25,星期四,"103,606,231",3753,1023
2026-03-05 12:40:48,星期四,"103,607,389",3753,1023
2026-03-05 12:50:31,星期四,"103,608,523",3753,1023
2026-03-05 13:00:32,星期四,"103,609,608",3753,1023
2026-03-05 13:10:31,星期四,"103,610,686",3753,1023
2026-03-05 13:20:44,星期四,"103,611,707",3753,1023
2026-03-05 13:30:27,星期四,"103,612,781",3753,1023
2026-03-05 13:40:41,星期四,"103,613,870",3753,1023
2026-03-05 13:50:28,星期四,"103,614,945",3753,1023
2026-03-05 14:01:06,星期四,"103,616,137",3753,1023
2026-03-05 14:10:28,星期四,"103,617,114",3753,1023
2026-03-05 14:30:47,星期四,"103,619,061",3753,1023
2026-03-05 14:40:26,星期四,"103,619,984",3753,1023
2026-03-05 14:50:41,星期四,"103,620,987",3753,1023
2026-03-05 15:01:01,星期四,"103,621,972",3753,1023
2026-03-05 15:10:45,星期四,"103,622,892",3753,1023
2026-03-05 15:20:41,星期四,"103,623,824",3753,1023
2026-03-05 15:30:25,星期四,"103,624,807",3753,1023
2026-03-05 15:41:53,星期四,"103,625,885",3753,1023
2026-03-05 15:51:37,星期四,"103,626,871",3753,1023
2026-03-05 16:00:56,星期四,"103,627,867",3753,1023
2026-03-05 16:30:54,星期四,"103,631,027",3753,1023
2026-03-05 16:41:07,星期四,"103,632,104",3753,1023
2026-03-05 16:50:48,星期四,"103,633,182",3753,1023
2026-03-05 17:01:40,星期四,"103,634,396",3753,1023
2026-03-05 17:11:09,星期四,"103,635,409",3753,1023
2026-03-05 17:20:47,星期四,"103,636,427",3753,1023
2026-03-05 17:40:32,星期四,"103,638,562",3753,1023
2026-03-05 17:50:47,星期四,"103,639,669",3753,1023
2026-03-05 18:10:28,星期四,"103,641,902",3753,1023
2026-03-05 18:20:26,星期四,"103,642,988",3753,1023
2026-03-05 18:30:25,星期四,"103,644,033",3753,1023
2026-03-05 18:40:42,星期四,"103,645,092",3753,1023
2026-03-05 18:50:24,星期四,"103,646,083",3753,1023
2026-03-05 19:00:44,星期四,"103,647,100",3753,1023
2026-03-05 19:10:27,星期四,"103,648,096",3753,1023
2026-03-05 19:20:26,星期四,"103,649,043",3753,1023
2026-03-05 19:31:17,星期四,"103,650,049",3753,1023
2026-03-05 20:01:41,星期四,"103,652,753",3753,1023
2026-03-05 20:10:25,星期四,"103,653,534",3753,1023
2026-03-05 20:20:41,星期四,"103,654,441",3753,1023
2026-03-05 20:30:27,星期四,"103,655,310",3753,1023
2026-03-05 20:40:30,星期四,"103,656,175",3753,1023
2026-03-05 20:50:24,星期四,"103,656,980",3753,1023
2026-03-05 21:00:26,星期四,"103,657,802",3753,1023
2026-03-05 21:21:56,星期四,"103,659,641",3753,1023
2026-03-05 21:30:30,星期四,"103,660,290",3753,1023
2026-03-05 21:40:30,星期四,"103,661,014",3753,1023
2026-03-05 21:50:41,星期四,"103,661,723",3753,1023
2026-03-05 22:00:38,星期四,"103,662,369",3753,1023
2026-03-05 22:10:25,星期四,"103,663,142",3753,1023
2026-03-05 22:20:26,星期四,"103,663,910",3753,1023
2026-03-05 22:30:23,星期四,"103,664,621",3753,1023
2026-03-05 22:40:26,星期四,"103,665,304",3753,1023
2026-03-05 22:50:53,星期四,"103,665,016",3753,1023
2026-03-05 23:00:24,星期四,"103,666,545",3753,1023
2026-03-05 23:10:41,星期四,"103,667,198",3753,1023
2026-03-05 23:20:47,星期四,"103,667,839",3753,1023
2026-03-05 23:30:50,星期四,"103,668,404",3753,1023
2026-03-05 23:40:34,星期四,"103,668,884",3753,1023
2026-03-06 00:00:29,星期五,"103,669,649",3753,1023
2026-03-06 00:10:27,星期五,"103,670,392",3753,1023
2026-03-06 00:20:24,星期五,"103,671,152",3753,1023
2026-03-06 00:30:44,星期五,"103,671,745",3753,1023
2026-03-06 00:40:28,星期五,"103,672,182",3753,1023
2026-03-06 00:50:25,星期五,"103,672,585",3753,1023
2026-03-06 01:00:23,星期五,"103,672,876",3753,1023
2026-03-06 01:20:25,星期五,"103,673,469",3753,1023
2026-03-06 01:30:24,星期五,"103,673,734",3753,1023
2026-03-06 01:40:24,星期五,"103,673,953",3753,1023
2026-03-06 01:50:24,星期五,"103,674,158",3753,1023
2026-03-06 02:00:24,星期五,"103,674,315",3753,1023
2026-03-06 02:10:26,星期五,"103,674,490",3753,1023
2026-03-06 02:20:24,星期五,"103,674,636",3753,1023
2026-03-06 02:30:31,星期五,"103,674,776",3753,1023
2026-03-06 02:40:31,星期五,"103,674,934",3753,1023
2026-03-06 02:50:31,星期五,"103,675,038",3753,1023
2026-03-06 03:00:24,星期五,"103,675,155",3753,1023
2026-03-06 03:10:25,星期五,"103,675,250",3753,1023
2026-03-06 03:20:25,星期五,"103,675,335",3753,1023
2026-03-06 03:30:25,星期五,"103,675,409",3753,1023
2026-03-06 04:00:30,星期五,"103,675,642",3753,1023
2026-03-06 04:10:26,星期五,"103,675,704",3753,1023
2026-03-06 04:20:24,星期五,"103,675,780",3753,1023
2026-03-06 04:30:47,星期五,"103,675,843",3753,1023
2026-03-06 04:40:51,星期五,"103,675,897",3753,1023
2026-03-06 04:50:30,星期五,"103,675,974",3753,1023
2026-03-06 05:00:26,星期五,"103,676,034",3753,1023
2026-03-06 05:10:25,星期五,"103,676,081",3753,1023
2026-03-06 05:40:26,星期五,"103,676,370",3753,1023
2026-03-06 05:50:23,星期五,"103,676,491",3753,1023
2026-03-06 06:00:23,星期五,"103,676,627",3753,1023
2026-03-06 06:10:24,星期五,"103,676,766",3753,1023
2026-03-06 06:20:25,星期五,"103,676,886",3753,1023
2026-03-06 06:30:24,星期五,"103,677,040",3753,1023
2026-03-06 06:40:24,星期五,"103,677,265",3753,1023
2026-03-06 06:50:24,星期五,"103,677,576",3753,1023
2026-03-06 07:00:24,星期五,"103,678,042",3753,1023
2026-03-06 07:30:26,星期五,"103,679,788",3753,1023
2026-03-06 07:40:25,星期五,"103,680,586",3753,1023
2026-03-06 07:50:23,星期五,"103,681,516",3753,1023
2026-03-06 08:00:46,星期五,"103,682,626",3753,1023
2026-03-06 08:10:25,星期五,"103,683,666",3753,1023
2026-03-06 08:30:25,星期五,"103,685,459",3753,1023
2026-03-06 08:40:24,星期五,"103,686,265",3753,1023
2026-03-06 08:50:25,星期五,"103,687,061",3753,1023
2026-03-06 09:00:30,星期五,"103,687,857",3753,1023
2026-03-06 09:30:25,星期五,"103,690,336",3753,1023
2026-03-06 09:40:26,星期五,"103,691,132",3753,1023
2026-03-06 09:50:25,星期五,"103,691,975",3753,1023
2026-03-06 10:00:25,星期五,"103,692,762",3753,1023
2026-03-06 10:10:25,星期五,"103,693,535",3753,1023
2026-03-06 10:20:24,星期五,"103,694,378",3753,1023
2026-03-06 10:30:25,星期五,"103,695,162",3753,1023
2026-03-06 10:40:28,星期五,"103,695,943",3753,1023
2026-03-06 10:50:25,星期五,"103,696,743",3753,1023
2026-03-06 11:00:24,星期五,"103,697,543",3753,1023
2026-03-06 11:10:24,星期五,"103,698,513",3753,1023
2026-03-06 11:20:28,星期五,"103,699,522",3753,1023
2026-03-06 11:30:25,星期五,"103,700,483",3753,1023
2026-03-06 11:40:44,星期五,"103,701,538",3753,1023
2026-03-06 11:50:25,星期五,"103,702,552",3753,1023
2026-03-06 12:00:25,星期五,"103,703,545",3753,1023
2026-03-06 12:10:24,星期五,"103,704,720",3753,1023
2026-03-06 12:20:25,星期五,"103,705,849",3753,1023
2026-03-06 12:30:25,星期五,"103,707,113",3753,1023
2026-03-06 12:40:24,星期五,"103,708,304",3753,1023
2026-03-06 13:00:27,星期五,"103,710,657",3753,1023
2026-03-06 13:10:25,星期五,"103,711,764",3753,1023
2026-03-06 13:20:26,星期五,"103,712,916",3753,1023
2026-03-06 13:30:29,星期五,"103,714,076",3753,1023
2026-03-06 13:40:29,星期五,"103,715,199",3753,1023
2026-03-06 13:50:26,星期五,"103,716,372",3753,1023
2026-03-06 14:00:25,星期五,"103,717,495",3753,1023
2026-03-06 14:30:27,星期五,"103,720,752",3753,1023
2026-03-06 14:40:52,星期五,"103,721,858",3753,1023
2026-03-06 14:50:28,星期五,"103,722,873",3753,1023
2026-03-06 15:10:50,星期五,"103,725,008",3753,1023
2026-03-06 15:20:26,星期五,"103,726,070",3753,1023
2026-03-06 15:30:45,星期五,"103,727,185",3753,1023
2026-03-06 15:40:47,星期五,"103,728,293",3753,1023
2026-03-06 15:51:19,星期五,"103,729,484",3753,1023
2026-03-06 16:30:48,星期五,"103,733,901",3753,1023
2026-03-06 16:40:52,星期五,"103,735,116",3753,1023
2026-03-06 16:50:35,星期五,"103,736,203",3753,1023
2026-03-06 17:10:32,星期五,"103,738,678",3753,1023
2026-03-06 17:20:42,星期五,"103,739,903",3753,1023
2026-03-06 17:30:23,星期五,"103,741,055",3753,1023
2026-03-06 18:00:30,星期五,"103,744,522",3753,1023
2026-03-06 18:10:26,星期五,"103,745,543",3753,1023
2026-03-06 18:21:11,星期五,"103,746,714",3753,1023
2026-03-06 18:30:27,星期五,"103,747,651",3753,1023
2026-03-06 18:40:25,星期五,"103,748,706",3753,1023
2026-03-06 18:50:45,星期五,"103,749,820",3753,1023
2026-03-06 19:00:26,星期五,"103,750,825",3753,1023
2026-03-06 19:10:31,星期五,"103,751,879",3753,1023
2026-03-06 19:20:30,星期五,"103,752,862",3753,1023
2026-03-06 19:30:26,星期五,"103,753,823",3753,1023
2026-03-06 19:40:50,星期五,"103,754,812",3753,1023
2026-03-06 19:50:29,星期五,"103,755,707",3753,1023
2026-03-06 20:00:24,星期五,"103,756,664",3753,1023
2026-03-06 20:10:28,星期五,"103,757,568",3753,1023
2026-03-06 20:20:44,星期五,"103,758,538",3753,1023
2026-03-06 20:30:24,星期五,"103,759,475",3753,1023
2026-03-06 20:40:43,星期五,"103,760,492",3753,1023
2026-03-06 20:50:42,星期五,"103,761,458",3753,1023
2026-03-06 21:00:26,星期五,"103,762,396",3753,1023
2026-03-06 21:10:27,星期五,"103,763,289",3753,1023
2026-03-06 21:20:32,星期五,"103,764,198",3753,1023
2026-03-06 21:30:25,星期五,"103,765,028",3753,1023
2026-03-06 21:50:27,星期五,"103,766,665",3753,1023
2026-03-06 22:00:44,星期五,"103,767,472",3753,1023
2026-03-06 22:10:26,星期五,"103,768,334",3753,1023
2026-03-06 22:20:25,星期五,"103,769,227",3753,1023
2026-03-06 22:40:28,星期五,"103,770,862",3753,1023
2026-03-06 22:50:42,星期五,"103,771,621",3753,1023
2026-03-06 23:00:50,星期五,"103,772,307",3753,1023
2026-03-06 23:10:33,星期五,"103,773,066",3753,1023
2026-03-06 23:20:25,星期五,"103,773,820",3753,1023
2026-03-06 23:30:44,星期五,"103,774,509",3753,1023
2026-03-06 23:40:41,星期五,"103,775,081",3753,1023
2026-03-06 23:50:41,星期五,"103,775,599",3753,1023
2026-03-07 00:00:26,星期六,"103,776,068",3753,1023
2026-03-07 00:10:43,星期六,"103,776,931",3753,1023
2026-03-07 00:20:28,星期六,"103,777,785",3753,1023
2026-03-07 00:30:27,星期六,"103,778,448",3753,1023
2026-03-07 00:40:27,星期六,"103,778,994",3753,1023
2026-03-07 00:50:43,星期六,"103,779,515",3753,1023
2026-03-07 01:00:26,星期六,"103,779,938",3753,1023
2026-03-07 01:10:32,星期六,"103,780,365",3753,1023
2026-03-07 01:20:27,星期六,"103,780,707",3753,1023
2026-03-07 01:30:26,星期六,"103,781,052",3753,1023
2026-03-07 01:40:42,星期六,"103,781,369",3753,1023
2026-03-07 01:50:25,星期六,"103,781,616",3753,1023
2026-03-07 02:00:44,星期六,"103,781,864",3753,1023
2026-03-07 02:10:25,星期六,"103,782,110",3753,1023
2026-03-07 02:20:25,星期六,"103,782,340",3753,1023
2026-03-07 02:30:32,星期六,"103,782,549",3753,1023
2026-03-07 02:40:25,星期六,"103,782,727",3753,1023
2026-03-07 02:50:23,星期六,"103,782,894",3753,1023
2026-03-07 03:00:25,星期六,"103,783,023",3753,1023
2026-03-07 03:10:25,星期六,"103,783,155",3753,1023
2026-03-07 03:20:46,星期六,"103,783,293",3753,1023
2026-03-07 03:30:25,星期六,"103,783,411",3753,1023
2026-03-07 03:41:38,星期六,"103,783,531",3753,1023
2026-03-07 03:50:25,星期六,"103,783,609",3753,1023
2026-03-07 04:00:25,星期六,"103,783,701",3753,1023
2026-03-07 04:10:24,星期六,"103,783,799",3753,1023
2026-03-07 04:20:24,星期六,"103,783,873",3753,1023
2026-03-07 04:30:25,星期六,"103,783,957",3753,1023
2026-03-07 04:40:25,星期六,"103,784,032",3753,1023
2026-03-07 04:50:25,星期六,"103,784,111",3753,1023
2026-03-07 05:00:24,星期六,"103,784,179",3753,1023
2026-03-07 05:10:25,星期六,"103,784,253",3753,1023
2026-03-07 05:20:24,星期六,"103,784,340",3753,1023
2026-03-07 05:30:32,星期六,"103,784,427",3753,1023
2026-03-07 05:40:23,星期六,"103,784,527",3753,1023
2026-03-07 05:50:25,星期六,"103,784,654",3753,1023
2026-03-07 06:00:25,星期六,"103,784,797",3753,1023
2026-03-07 06:10:25,星期六,"103,784,899",3753,1023
2026-03-07 06:20:23,星期六,"103,785,028",3753,1023
2026-03-07 06:30:24,星期六,"103,785,164",3753,1023
2026-03-07 06:40:25,星期六,"103,785,320",3753,1023
2026-03-07 06:50:24,星期六,"103,785,558",3753,1023
2026-03-07 07:00:25,星期六,"103,785,890",3753,1023
2026-03-07 07:20:24,星期六,"103,786,511",3753,1023
2026-03-07 07:30:54,星期六,"103,786,930",3753,1023
2026-03-07 07:40:26,星期六,"103,787,351",3753,1023
2026-03-07 07:50:24,星期六,"103,787,891",3753,1023
2026-03-07 08:00:25,星期六,"103,788,501",3753,1023
2026-03-07 08:10:24,星期六,"103,789,224",3753,1023
2026-03-07 08:20:58,星期六,"103,789,747",3753,1023
2026-03-07 08:30:26,星期六,"103,790,258",3753,1023
2026-03-07 08:40:30,星期六,"103,790,843",3753,1023
2026-03-07 08:50:35,星期六,"103,791,467",3753,1023
2026-03-07 09:00:25,星期六,"103,792,130",3753,1023
2026-03-07 09:10:24,星期六,"103,792,909",3753,1023
2026-03-07 09:20:24,星期六,"103,793,728",3753,1023
2026-03-07 09:30:24,星期六,"103,794,554",3753,1023
2026-03-07 09:40:25,星期六,"103,795,417",3753,1023
2026-03-07 09:50:24,星期六,"103,796,327",3753,1023
2026-03-07 10:00:26,星期六,"103,797,232",3753,1023
2026-03-07 10:20:24,星期六,"103,799,144",3753,1023
2026-03-07 10:31:24,星期六,"103,800,310",3753,1023
2026-03-07 10:41:10,星期六,"103,801,404",3753,1023
2026-03-07 11:00:42,星期六,"103,803,523",3753,1023
2026-03-07 11:10:24,星期六,"103,804,667",3753,1023
2026-03-07 11:20:25,星期六,"103,805,890",3753,1023
2026-03-07 11:31:45,星期六,"103,807,285",3753,1023
2026-03-07 11:40:23,星期六,"103,808,313",3753,1023
2026-03-07 11:50:27,星期六,"103,809,495",3753,1023
2026-03-07 12:00:46,星期六,"103,810,666",3753,1023
2026-03-07 12:10:29,星期六,"103,811,887",3753,1023
2026-03-07 12:20:31,星期六,"103,813,199",3753,1023
2026-03-07 12:30:54,星期六,"103,814,477",3753,1023
2026-03-07 12:40:48,星期六,"103,815,676",3753,1023
2026-03-07 12:50:46,星期六,"103,816,900",3753,1023
2026-03-07 13:00:25,星期六,"103,818,143",3753,1023
2026-03-07 13:10:48,星期六,"103,819,382",3753,1023
2026-03-07 13:20:24,星期六,"103,820,551",3753,1023
2026-03-07 13:40:25,星期六,"103,823,147",3753,1023
2026-03-07 13:50:28,星期六,"103,824,449",3753,1023
2026-03-07 14:00:31,星期六,"103,825,736",3753,1023
2026-03-07 14:10:26,星期六,"103,827,007",3753,1023
2026-03-07 14:20:35,星期六,"103,828,306",3753,1023
2026-03-07 14:30:30,星期六,"103,829,512",3753,1023
2026-03-07 14:40:28,星期六,"103,830,711",3753,1023
2026-03-07 14:50:29,星期六,"103,831,899",3753,1023
2026-03-07 15:00:27,星期六,"103,833,123",3753,1023
2026-03-07 15:20:25,星期六,"103,835,461",3753,1023
2026-03-07 15:30:29,星期六,"103,836,668",3753,1023
2026-03-07 15:50:58,星期六,"103,839,200",3753,1023
2026-03-07 16:00:49,星期六,"103,840,384",3753,1023
2026-03-07 16:10:31,星期六,"103,841,605",3753,1023
2026-03-07 16:20:26,星期六,"103,842,787",3753,1023
2026-03-07 16:40:29,星期六,"103,845,251",3753,1023
2026-03-07 16:50:54,星期六,"103,846,547",3753,1023
2026-03-07 17:00:46,星期六,"103,847,757",3753,1023
2026-03-07 17:10:24,星期六,"103,848,916",3753,1023
2026-03-07 17:20:45,星期六,"103,850,144",3753,1023
2026-03-07 17:31:44,星期六,"103,851,452",3753,1023
2026-03-07 17:40:25,星期六,"103,852,484",3753,1023
2026-03-07 17:50:26,星期六,"103,853,611",3753,1023
2026-03-07 18:00:28,星期六,"103,854,687",3753,1023
2026-03-07 18:10:26,星期六,"103,855,744",3753,1023
2026-03-07 18:20:24,星期六,"103,856,743",3753,1023
2026-03-07 18:30:28,星期六,"103,857,769",3753,1023
2026-03-07 18:40:25,星期六,"103,858,713",3753,1023
2026-03-07 18:50:29,星期六,"103,859,667",3753,1023
2026-03-07 19:00:29,星期六,"103,860,512",3753,1023
2026-03-07 19:10:44,星期六,"103,861,387",3753,1023
2026-03-07 19:20:42,星期六,"103,862,194",3753,1023
2026-03-07 19:30:25,星期六,"103,863,018",3753,1023
2026-03-07 19:40:45,星期六,"103,863,811",3753,1023
2026-03-07 20:00:27,星期六,"103,865,461",3753,1023
2026-03-07 20:10:25,星期六,"103,866,287",3753,1023
2026-03-07 20:20:26,星期六,"103,867,159",3753,1023
2026-03-07 20:30:53,星期六,"103,868,041",3753,1023
2026-03-07 20:40:50,星期六,"103,868,940",3753,1023
2026-03-07 20:50:33,星期六,"103,869,791",3753,1023
2026-03-07 21:00:41,星期六,"103,870,663",3753,1023
2026-03-07 21:10:29,星期六,"103,871,484",3753,1023
2026-03-07 21:20:30,星期六,"103,872,272",3753,1023
2026-03-07 21:30:26,星期六,"103,873,109",3753,1023
2026-03-07 21:40:24,星期六,"103,873,788",3753,1023
2026-03-07 21:50:29,星期六,"103,874,563",3753,1023
2026-03-07 22:00:26,星期六,"103,875,257",3753,1023
2026-03-07 22:20:40,星期六,"103,876,930",3753,1023
2026-03-07 22:30:30,星期六,"103,877,739",3753,1023
2026-03-07 22:40:45,星期六,"103,878,509",3753,1023
2026-03-07 22:50:26,星期六,"103,879,221",3753,1023
2026-03-07 23:00:37,星期六,"103,879,879",3753,1023
2026-03-07 23:10:59,星期六,"103,880,600",3753,1023
2026-03-07 23:20:58,星期六,"103,881,302",3753,1023
2026-03-07 23:30:27,星期六,"103,881,891",3753,1023
2026-03-07 23:40:44,星期六,"103,882,432",3753,1023
2026-03-07 23:50:29,星期六,"103,882,805",3753,1023
2026-03-08 00:00:39,星期日,"103,883,359",3753,1023
2026-03-08 00:10:27,星期日,"103,884,119",3753,1023
2026-03-08 00:20:26,星期日,"103,884,913",3753,1023
2026-03-08 00:31:38,星期日,"103,885,596",3753,1023
2026-03-08 00:40:52,星期日,"103,886,077",3753,1023
2026-03-08 01:00:41,星期日,"103,886,977",3753,1023
2026-03-08 01:10:41,星期日,"103,887,374",3753,1023
2026-03-08 01:20:25,星期日,"103,887,714",3753,1023
2026-03-08 01:40:35,星期日,"103,888,332",3753,1023
2026-03-08 01:50:29,星期日,"103,888,557",3753,1023
2026-03-08 02:00:27,星期日,"103,888,746",3753,1023
2026-03-08 02:10:29,星期日,"103,888,968",3753,1023
2026-03-08 02:20:24,星期日,"103,889,193",3753,1023
2026-03-08 02:30:31,星期日,"103,889,373",3753,1023
2026-03-08 02:40:26,星期日,"103,889,518",3753,1023
2026-03-08 02:51:38,星期日,"103,889,682",3753,1023
2026-03-08 03:00:25,星期日,"103,889,834",3753,1023
2026-03-08 03:10:26,星期日,"103,889,961",3753,1023
2026-03-08 03:20:45,星期日,"103,890,064",3753,1023
2026-03-08 03:30:42,星期日,"103,890,178",3753,1023
2026-03-08 03:40:25,星期日,"103,890,272",3753,1023
2026-03-08 03:50:24,星期日,"103,890,345",3753,1023
2026-03-08 04:00:25,星期日,"103,890,432",3753,1023
2026-03-08 04:20:30,星期日,"103,890,560",3753,1023
2026-03-08 04:30:32,星期日,"103,890,619",3753,1023
2026-03-08 04:40:31,星期日,"103,890,698",3753,1023
2026-03-08 04:51:45,星期日,"103,890,778",3753,1023
2026-03-08 05:00:31,星期日,"103,890,843",3753,1023
2026-03-08 05:10:32,星期日,"103,890,899",3753,1023
2026-03-08 05:20:31,星期日,"103,890,970",3753,1023
2026-03-08 05:30:47,星期日,"103,891,048",3753,1023
2026-03-08 05:40:47,星期日,"103,891,132",3753,1023
2026-03-08 05:50:25,星期日,"103,891,246",3753,1023
2026-03-08 06:00:26,星期日,"103,891,379",3753,1023
2026-03-08 06:10:23,星期日,"103,891,465",3753,1023
2026-03-08 06:30:25,星期日,"103,891,650",3753,1023
2026-03-08 06:40:23,星期日,"103,891,791",3753,1023
2026-03-08 06:50:28,星期日,"103,892,007",3753,1023
2026-03-08 07:00:25,星期日,"103,892,249",3753,1023
2026-03-08 07:10:25,星期日,"103,892,464",3753,1023
2026-03-08 07:20:24,星期日,"103,892,705",3753,1023
2026-03-08 07:30:24,星期日,"103,893,012",3753,1023
2026-03-08 07:40:56,星期日,"103,893,399",3753,1023
2026-03-08 07:50:24,星期日,"103,893,838",3753,1023
2026-03-08 08:00:28,星期日,"103,894,430",3753,1023
2026-03-08 08:10:24,星期日,"103,894,921",3753,1023
2026-03-08 08:20:25,星期日,"103,895,350",3753,1023
2026-03-08 08:40:25,星期日,"103,896,223",3753,1023
2026-03-08 08:50:56,星期日,"103,896,767",3753,1023
2026-03-08 09:00:25,星期日,"103,897,294",3753,1023
2026-03-08 09:10:26,星期日,"103,897,910",3753,1023
2026-03-08 09:20:45,星期日,"103,898,639",3753,1023
2026-03-08 09:30:26,星期日,"103,899,275",3753,1023
2026-03-08 09:40:43,星期日,"103,900,055",3753,1023
2026-03-08 10:00:25,星期日,"103,901,623",3753,1023
2026-03-08 10:10:53,星期日,"103,902,528",3753,1023
2026-03-08 10:30:51,星期日,"103,904,387",3753,1023
2026-03-08 10:40:26,星期日,"103,905,364",3753,1023
2026-03-08 10:50:24,星期日,"103,906,361",3753,1023
2026-03-08 11:10:26,星期日,"103,908,461",3753,1023
2026-03-08 11:20:33,星期日,"103,909,597",3753,1023
2026-03-08 11:30:42,星期日,"103,910,696",3753,1023
2026-03-08 11:50:45,星期日,"103,912,878",3753,1023
2026-03-08 12:00:28,星期日,"103,913,942",3753,1023
2026-03-08 12:10:43,星期日,"103,915,054",3753,1023
2026-03-08 12:20:29,星期日,"103,916,206",3753,1023
2026-03-08 12:30:24,星期日,"103,917,412",3753,1023
2026-03-08 12:40:33,星期日,"103,918,626",3753,1023
2026-03-08 12:50:39,星期日,"103,919,783",3753,1023
2026-03-08 13:00:43,星期日,"103,920,971",3753,1023
2026-03-08 13:20:30,星期日,"103,923,303",3753,1023
2026-03-08 13:30:45,星期日,"103,924,577",3753,1023
2026-03-08 13:40:41,星期日,"103,925,892",3753,1023
2026-03-08 13:50:25,星期日,"103,927,185",3753,1023
2026-03-08 14:00:44,星期日,"103,928,554",3753,1023
2026-03-08 14:10:27,星期日,"103,929,815",3753,1023
2026-03-08 14:20:24,星期日,"103,931,044",3753,1023
2026-03-08 14:30:29,星期日,"103,932,436",3753,1023
2026-03-08 14:50:26,星期日,"103,934,017",3753,1023
2026-03-08 15:00:26,星期日,"103,936,265",3753,1023
2026-03-08 15:10:42,星期日,"103,937,583",3753,1023
2026-03-08 15:20:42,星期日,"103,938,826",3753,1023
2026-03-08 15:30:27,星期日,"103,940,200",3753,1023
2026-03-08 15:40:48,星期日,"103,941,516",3753,1023
2026-03-08 16:10:26,星期日,"103,945,390",3753,1023
2026-03-08 16:20:29,星期日,"103,946,737",3753,1023
2026-03-08 16:40:26,星期日,"103,949,432",3753,1023
2026-03-08 16:50:28,星期日,"103,950,747",3753,1023
2026-03-08 17:00:29,星期日,"103,952,089",3753,1023
2026-03-08 17:10:27,星期日,"103,953,349",3753,1023
2026-03-08 17:20:25,星期日,"103,954,615",3753,1023
2026-03-08 17:30:25,星期日,"103,955,899",3753,1023
2026-03-08 17:40:24,星期日,"103,957,079",3753,1023
2026-03-08 17:50:26,星期日,"103,958,355",3753,1023
2026-03-08 18:00:54,星期日,"103,959,581",3753,1023
2026-03-08 18:10:40,星期日,"103,960,649",3753,1023
2026-03-08 18:30:53,星期日,"103,962,895",3753,1023
2026-03-08 18:40:46,星期日,"103,963,952",3753,1023
2026-03-08 19:00:25,星期日,"103,965,986",3753,1023
2026-03-08 19:10:30,星期日,"103,966,965",3753,1023
2026-03-08 19:30:26,星期日,"103,968,961",3753,1023
2026-03-08 19:40:24,星期日,"103,970,046",3753,1023
2026-03-08 19:50:25,星期日,"103,971,036",3753,1023
2026-03-08 20:00:27,星期日,"103,971,007",3753,1023
2026-03-08 20:10:34,星期日,"103,973,020",3753,1023
2026-03-08 20:20:29,星期日,"103,974,047",3753,1023
2026-03-08 20:30:42,星期日,"103,975,079",3753,1023
2026-03-08 20:40:43,星期日,"103,976,056",3753,1023
2026-03-08 20:50:27,星期日,"103,977,079",3753,1023
2026-03-08 21:00:28,星期日,"103,978,030",3753,1023
2026-03-08 21:10:29,星期日,"103,978,989",3753,1023
2026-03-08 21:20:27,星期日,"103,979,917",3753,1023
2026-03-08 21:30:27,星期日,"103,980,756",3753,1023
2026-03-08 21:40:44,星期日,"103,981,588",3753,1023
2026-03-08 21:50:48,星期日,"103,982,363",3753,1023
2026-03-08 22:00:47,星期日,"103,983,061",3753,1023
2026-03-08 22:10:29,星期日,"103,983,886",3753,1023
2026-03-08 22:20:33,星期日,"103,984,720",3753,1023
2026-03-08 22:30:28,星期日,"103,985,423",3753,1023
2026-03-08 22:40:45,星期日,"103,986,196",3753,1023
2026-03-08 22:50:44,星期日,"103,986,876",3753,1023
2026-03-08 23:10:51,星期日,"103,988,141",3753,1023
2026-03-08 23:20:29,星期日,"103,988,800",3753,1023
2026-03-08 23:30:27,星期日,"103,989,396",3753,1023
2026-03-08 23:41:00,星期日,"103,989,926",3753,1023
2026-03-08 23:50:43,星期日,"103,990,351",3753,1023
2026-03-09 00:00:25,星期一,"103,990,723",3753,1023
2026-03-09 00:10:29,星期一,"103,991,427",3753,1023
2026-03-09 00:20:25,星期一,"103,992,163",3753,1023
2026-03-09 00:30:29,星期一,"103,992,749",3753,1023
2026-03-09 00:40:26,星期一,"103,993,225",3753,1023
2026-03-09 00:50:24,星期一,"103,993,632",3753,1023
2026-03-09 01:30:25,星期一,"103,994,837",3753,1023
2026-03-09 01:40:26,星期一,"103,995,063",3753,1023
2026-03-09 01:50:56,星期一,"103,995,244",3753,1023
2026-03-09 02:00:26,星期一,"103,995,419",3753,1023
2026-03-09 02:10:24,星期一,"103,995,597",3753,1023
2026-03-09 02:20:24,星期一,"103,995,754",3753,1023
2026-03-09 02:40:31,星期一,"103,996,005",3753,1023
2026-03-09 02:50:31,星期一,"103,996,120",3753,1023
2026-03-09 03:00:30,星期一,"103,996,223",3753,1023
2026-03-09 03:10:25,星期一,"103,996,340",3753,1023
2026-03-09 03:20:25,星期一,"103,996,424",3753,1023
2026-03-09 03:30:27,星期一,"103,996,495",3753,1023
2026-03-09 03:40:25,星期一,"103,996,572",3753,1023
2026-03-09 03:50:25,星期一,"103,996,641",3753,1023
2026-03-09 04:00:50,星期一,"103,996,705",3753,1023
2026-03-09 04:10:49,星期一,"103,996,762",3753,1023
2026-03-09 04:20:24,星期一,"103,996,824",3753,1023
2026-03-09 04:30:26,星期一,"103,996,874",3753,1023
2026-03-09 04:41:42,星期一,"103,996,929",3753,1023
2026-03-09 04:50:26,星期一,"103,996,974",3753,1023
2026-03-09 05:00:26,星期一,"103,997,023",3753,1023
2026-03-09 05:10:45,星期一,"103,997,097",3753,1023
2026-03-09 05:20:30,星期一,"103,997,173",3753,1023
2026-03-09 05:30:25,星期一,"103,997,249",3753,1023
2026-03-09 05:40:46,星期一,"103,997,354",3753,1023
2026-03-09 05:50:26,星期一,"103,997,476",3753,1023
2026-03-09 06:00:24,星期一,"103,997,673",3753,1023
2026-03-09 06:10:24,星期一,"103,997,827",3753,1023
2026-03-09 06:20:54,星期一,"103,997,973",3753,1023
2026-03-09 06:40:25,星期一,"103,998,422",3753,1023
2026-03-09 06:50:31,星期一,"103,998,801",3753,1023
2026-03-09 07:00:31,星期一,"103,999,265",3753,1023
2026-03-09 07:20:24,星期一,"104,000,467",3753,1023
2026-03-09 07:30:26,星期一,"104,001,183",3753,1023
2026-03-09 07:40:24,星期一,"104,002,018",3753,1023
2026-03-09 07:50:25,星期一,"104,002,957",3753,1023
2026-03-09 08:00:28,星期一,"104,003,995",3753,1023
2026-03-09 08:10:25,星期一,"104,004,973",3753,1023
2026-03-09 08:20:26,星期一,"104,005,843",3753,1023
2026-03-09 08:30:28,星期一,"104,006,667",3753,1023
2026-03-09 08:40:26,星期一,"104,007,483",3753,1023
2026-03-09 08:50:59,星期一,"104,008,375",3753,1023
2026-03-09 09:00:25,星期一,"104,009,150",3753,1023
2026-03-09 09:10:25,星期一,"104,010,013",3754,1023
2026-03-09 09:30:47,星期一,"104,011,704",3754,1023
2026-03-09 09:40:25,星期一,"104,012,475",3754,1023
2026-03-09 09:50:24,星期一,"104,013,291",3754,1023
2026-03-09 10:00:26,星期一,"104,014,029",3754,1023
2026-03-09 10:10:25,星期一,"104,014,756",3754,1023
2026-03-09 10:30:24,星期一,"104,016,317",3754,1023
2026-03-09 10:40:25,星期一,"104,017,072",3754,1023
2026-03-09 10:50:25,星期一,"104,017,829",3754,1023
2026-03-09 11:10:26,星期一,"104,019,481",3754,1023
2026-03-09 11:20:47,星期一,"104,020,436",3754,1023
2026-03-09 11:30:26,星期一,"104,021,323",3754,1023
2026-03-09 11:40:24,星期一,"104,022,177",3754,1023
2026-03-09 11:50:26,星期一,"104,023,082",3754,1023
2026-03-09 12:00:44,星期一,"104,024,033",3754,1023
2026-03-09 12:20:25,星期一,"104,026,199",3754,1023
2026-03-09 12:30:26,星期一,"104,027,336",3754,1023
2026-03-09 12:40:45,星期一,"104,028,427",3754,1023
2026-03-09 12:50:32,星期一,"104,029,500",3754,1023
2026-03-09 13:00:42,星期一,"104,030,545",3754,1023
2026-03-09 13:10:26,星期一,"104,031,574",3754,1023
2026-03-09 13:20:29,星期一,"104,032,626",3754,1023
2026-03-09 13:30:26,星期一,"104,033,592",3754,1023
2026-03-09 13:50:25,星期一,"104,035,540",3754,1023
2026-03-09 14:00:25,星期一,"104,036,556",3754,1023
2026-03-09 14:30:30,星期一,"104,039,342",3754,1023
2026-03-09 14:40:26,星期一,"104,040,240",3754,1023
2026-03-09 14:50:55,星期一,"104,041,199",3754,1023
2026-03-09 15:00:46,星期一,"104,042,016",3754,1023
2026-03-09 15:10:26,星期一,"104,042,853",3754,1023
2026-03-09 15:20:30,星期一,"104,043,789",3754,1023
2026-03-09 15:30:51,星期一,"104,044,711",3754,1023
2026-03-09 15:40:25,星期一,"104,045,566",3754,1023
2026-03-09 15:50:26,星期一,"104,046,531",3754,1023
2026-03-09 16:00:42,星期一,"104,047,498",3754,1023
2026-03-09 16:10:45,星期一,"104,048,415",3754,1023
2026-03-09 16:20:26,星期一,"104,049,371",3754,1023
2026-03-09 16:40:44,星期一,"104,051,429",3754,1023
2026-03-09 16:50:27,星期一,"104,052,402",3754,1023
2026-03-09 17:00:45,星期一,"104,053,426",3754,1023
2026-03-09 17:10:26,星期一,"104,054,431",3754,1023
2026-03-09 17:20:43,星期一,"104,055,510",3754,1023
2026-03-09 17:30:53,星期一,"104,056,599",3754,1023
2026-03-09 17:50:24,星期一,"104,058,701",3754,1023
2026-03-09 18:00:27,星期一,"104,059,810",3754,1023
2026-03-09 18:10:29,星期一,"104,060,798",3754,1023
2026-03-09 18:20:43,星期一,"104,061,831",3754,1023
2026-03-09 18:30:25,星期一,"104,062,790",3754,1023
2026-03-09 18:40:26,星期一,"104,063,747",3754,1023
2026-03-09 18:50:24,星期一,"104,064,662",3754,1023
2026-03-09 19:00:26,星期一,"104,065,671",3754,1023
2026-03-09 19:10:54,星期一,"104,066,603",3754,1023
2026-03-09 19:20:41,星期一,"104,067,491",3754,1023
2026-03-09 19:30:27,星期一,"104,068,349",3754,1023
2026-03-09 19:50:45,星期一,"104,070,146",3754,1023
2026-03-09 20:00:27,星期一,"104,070,007",3754,1023
2026-03-09 20:10:46,星期一,"104,071,874",3754,1023
2026-03-09 20:20:45,星期一,"104,072,724",3754,1023
2026-03-09 20:30:30,星期一,"104,073,577",3754,1023
2026-03-09 20:40:26,星期一,"104,074,309",3754,1023
2026-03-09 20:50:30,星期一,"104,075,240",3754,1023
2026-03-09 21:00:41,星期一,"104,076,055",3754,1023
2026-03-09 21:10:26,星期一,"104,076,813",3754,1023
2026-03-09 21:30:32,星期一,"104,078,323",3754,1023
2026-03-09 21:40:26,星期一,"104,078,984",3754,1023
2026-03-09 21:50:29,星期一,"104,079,638",3754,1023
2026-03-09 22:00:31,星期一,"104,080,276",3754,1023
2026-03-09 22:20:40,星期一,"104,081,711",3754,1023
2026-03-09 22:30:26,星期一,"104,082,382",3754,1023
2026-03-09 22:40:28,星期一,"104,083,052",3754,1023
2026-03-09 22:50:25,星期一,"104,083,666",3754,1023
2026-03-09 23:00:45,星期一,"104,084,168",3754,1023
2026-03-09 23:10:25,星期一,"104,084,761",3754,1023
2026-03-09 23:20:39,星期一,"104,085,331",3754,1023
2026-03-09 23:30:32,星期一,"104,085,857",3754,1023
2026-03-09 23:40:26,星期一,"104,086,294",3754,1023
2026-03-09 23:50:24,星期一,"104,086,672",3754,1023
2026-03-10 00:00:27,星期二,"104,087,006",3754,1023
2026-03-10 00:10:26,星期二,"104,087,695",3754,1023
2026-03-10 00:20:41,星期二,"104,088,378",3754,1023
2026-03-10 00:30:24,星期二,"104,088,867",3754,1023
2026-03-10 00:40:30,星期二,"104,089,261",3754,1023
2026-03-10 00:50:24,星期二,"104,089,577",3754,1023
2026-03-10 01:00:27,星期二,"104,089,854",3754,1023
2026-03-10 01:10:23,星期二,"104,090,155",3754,1023
2026-03-10 01:20:26,星期二,"104,090,407",3754,1023
2026-03-10 01:30:25,星期二,"104,090,628",3754,1023
2026-03-10 01:40:33,星期二,"104,090,832",3754,1023
2026-03-10 01:50:32,星期二,"104,091,031",3754,1023
2026-03-10 02:00:32,星期二,"104,091,188",3754,1023
2026-03-10 02:10:27,星期二,"104,091,340",3754,1023
2026-03-10 02:40:27,星期二,"104,091,738",3754,1023
2026-03-10 03:00:27,星期二,"104,091,936",3754,1023
2026-03-10 03:20:24,星期二,"104,092,093",3754,1023
2026-03-10 03:40:27,星期二,"104,092,237",3754,1023
2026-03-10 04:00:27,星期二,"104,092,366",3754,1023
2026-03-10 04:10:26,星期二,"104,092,421",3754,1023
2026-03-10 04:20:25,星期二,"104,092,474",3754,1023
2026-03-10 04:30:27,星期二,"104,092,522",3754,1023
2026-03-10 04:40:42,星期二,"104,092,569",3754,1023
2026-03-10 04:50:25,星期二,"104,092,624",3754,1023
2026-03-10 05:00:25,星期二,"104,092,678",3754,1023
2026-03-10 05:40:30,星期二,"104,092,983",3754,1023
2026-03-10 06:00:25,星期二,"104,093,256",3754,1023
2026-03-10 06:10:24,星期二,"104,093,386",3754,1023
2026-03-10 06:20:25,星期二,"104,093,504",3754,1023
2026-03-10 06:30:41,星期二,"104,093,665",3754,1023
2026-03-10 06:40:26,星期二,"104,093,891",3754,1023
2026-03-10 06:50:23,星期二,"104,094,185",3754,1023
2026-03-10 07:10:24,星期二,"104,095,094",3754,1023
2026-03-10 07:20:26,星期二,"104,095,629",3754,1023
2026-03-10 07:30:25,星期二,"104,096,286",3754,1023
2026-03-10 07:40:25,星期二,"104,097,050",3754,1023
2026-03-10 07:50:23,星期二,"104,097,931",3754,1023
2026-03-10 08:00:25,星期二,"104,098,972",3754,1023
2026-03-10 08:10:25,星期二,"104,099,945",3754,1023
2026-03-10 08:20:25,星期二,"104,100,704",3754,1023
2026-03-10 08:30:25,星期二,"104,101,619",3754,1023
2026-03-10 08:40:44,星期二,"104,102,467",3754,1023
2026-03-10 08:50:25,星期二,"104,103,191",3754,1023
2026-03-10 09:00:25,星期二,"104,103,948",3754,1023
2026-03-10 09:10:27,星期二,"104,104,724",3754,1023
2026-03-10 09:20:25,星期二,"104,105,533",3754,1023
2026-03-10 09:30:25,星期二,"104,106,297",3754,1023
2026-03-10 09:50:48,星期二,"104,107,808",3754,1023
2026-03-10 10:00:46,星期二,"104,108,554",3754,1023
2026-03-10 10:10:26,星期二,"104,109,325",3754,1023
2026-03-10 10:30:26,星期二,"104,110,870",3754,1023
2026-03-10 10:40:26,星期二,"104,111,609",3754,1023
2026-03-10 10:50:24,星期二,"104,112,338",3754,1023
2026-03-10 11:00:28,星期二,"104,113,061",3754,1023
2026-03-10 11:10:25,星期二,"104,113,965",3754,1023
2026-03-10 11:20:26,星期二,"104,114,868",3754,1023
2026-03-10 11:30:46,星期二,"104,115,780",3754,1023
2026-03-10 11:40:28,星期二,"104,116,671",3754,1023
2026-03-10 11:50:54,星期二,"104,117,691",3754,1023
2026-03-10 12:00:51,星期二,"104,118,611",3754,1023
2026-03-10 12:10:27,星期二,"104,119,613",3754,1023
2026-03-10 12:20:25,星期二,"104,120,695",3754,1023
2026-03-10 12:30:26,星期二,"104,121,775",3754,1023
2026-03-10 12:40:55,星期二,"104,122,930",3754,1023
2026-03-10 12:50:24,星期二,"104,123,939",3754,1023
2026-03-10 13:00:27,星期二,"104,125,010",3754,1023
2026-03-10 13:10:44,星期二,"104,126,040",3754,1023
2026-03-10 13:20:26,星期二,"104,127,037",3754,1023
2026-03-10 13:30:43,星期二,"104,128,030",3754,1023
2026-03-10 13:41:41,星期二,"104,129,161",3754,1023
2026-03-10 13:50:26,星期二,"104,130,039",3754,1023
2026-03-10 14:00:31,星期二,"104,131,105",3754,1023
2026-03-10 14:10:25,星期二,"104,132,040",3754,1023
2026-03-10 14:20:25,星期二,"104,132,967",3754,1023
2026-03-10 14:30:27,星期二,"104,133,830",3754,1023
2026-03-10 14:41:06,星期二,"104,134,878",3754,1023
2026-03-10 15:00:28,星期二,"104,136,521",3754,1023
2026-03-10 15:10:30,星期二,"104,137,466",3754,1023
2026-03-10 15:20:26,星期二,"104,138,360",3754,1023
2026-03-10 15:30:47,星期二,"104,139,280",3754,1023
2026-03-10 15:40:25,星期二,"104,140,210",3754,1023
2026-03-10 15:50:26,星期二,"104,141,162",3754,1023
2026-03-10 16:00:24,星期二,"104,142,080",3754,1023
2026-03-10 16:10:24,星期二,"104,143,039",3754,1023
2026-03-10 16:20:41,星期二,"104,143,951",3754,1023
2026-03-10 16:30:59,星期二,"104,145,006",3754,1023
2026-03-10 16:40:41,星期二,"104,145,949",3754,1023
2026-03-10 16:50:27,星期二,"104,147,017",3754,1023
2026-03-10 17:00:45,星期二,"104,148,073",3754,1023
2026-03-10 17:10:55,星期二,"104,149,087",3754,1023
2026-03-10 17:20:42,星期二,"104,150,143",3754,1023
2026-03-10 17:40:42,星期二,"104,152,195",3754,1023
2026-03-10 17:50:47,星期二,"104,153,271",3754,1023
2026-03-10 18:01:51,星期二,"104,154,450",3754,1023
2026-03-10 18:10:26,星期二,"104,155,331",3754,1023
2026-03-10 18:20:26,星期二,"104,156,321",3754,1023
2026-03-10 18:30:26,星期二,"104,157,326",3754,1023
2026-03-10 18:40:26,星期二,"104,158,297",3754,1023
2026-03-10 18:50:25,星期二,"104,159,256",3754,1023
2026-03-10 19:00:24,星期二,"104,160,216",3754,1023
2026-03-10 19:10:27,星期二,"104,161,170",3754,1023
2026-03-10 19:20:29,星期二,"104,162,111",3754,1023
2026-03-10 19:30:46,星期二,"104,163,025",3754,1023
2026-03-10 20:01:01,星期二,"104,165,680",3754,1023
2026-03-10 20:20:42,星期二,"104,167,358",3754,1023
2026-03-10 20:30:29,星期二,"104,168,232",3754,1023
2026-03-10 20:40:50,星期二,"104,169,144",3754,1023
2026-03-10 20:50:28,星期二,"104,169,817",3754,1023
2026-03-10 21:00:43,星期二,"104,170,759",3754,1023
2026-03-10 21:10:45,星期二,"104,171,546",3754,1023
2026-03-10 21:20:57,星期二,"104,172,317",3754,1023
2026-03-10 21:30:27,星期二,"104,173,013",3754,1023
2026-03-10 21:40:48,星期二,"104,173,742",3754,1023
2026-03-10 21:50:30,星期二,"104,174,432",3754,1023
2026-03-10 22:00:44,星期二,"104,175,091",3754,1023
2026-03-10 22:20:31,星期二,"104,176,667",3754,1023
2026-03-10 22:30:27,星期二,"104,177,361",3754,1023
2026-03-10 22:40:30,星期二,"104,178,030",3754,1023
2026-03-10 22:50:26,星期二,"104,178,665",3754,1023
2026-03-10 23:00:30,星期二,"104,179,162",3754,1023
2026-03-10 23:10:27,星期二,"104,179,804",3754,1023
2026-03-10 23:20:29,星期二,"104,180,389",3754,1023
2026-03-10 23:30:26,星期二,"104,180,913",3754,1023
2026-03-10 23:40:26,星期二,"104,181,350",3754,1023
2026-03-11 00:00:25,星期三,"104,182,088",3754,1023
2026-03-11 00:10:27,星期三,"104,182,744",3754,1023
2026-03-11 00:20:26,星期三,"104,183,445",3754,1023
2026-03-11 00:30:27,星期三,"104,183,937",3754,1023
2026-03-11 00:40:24,星期三,"104,184,353",3754,1023
2026-03-11 01:00:29,星期三,"104,184,983",3754,1023
2026-03-11 01:10:25,星期三,"104,185,240",3754,1023
2026-03-11 01:20:31,星期三,"104,185,516",3754,1023
2026-03-11 01:30:29,星期三,"104,185,750",3754,1023
2026-03-11 01:40:26,星期三,"104,185,951",3754,1023
2026-03-11 01:50:25,星期三,"104,186,127",3754,1023
2026-03-11 02:00:33,星期三,"104,186,289",3754,1023
2026-03-11 02:10:51,星期三,"104,186,444",3754,1023
2026-03-11 02:20:30,星期三,"104,186,581",3754,1023
2026-03-11 02:30:24,星期三,"104,186,708",3754,1023
2026-03-11 02:40:26,星期三,"104,186,824",3754,1023
2026-03-11 03:10:24,星期三,"104,187,082",3754,1023
2026-03-11 03:20:24,星期三,"104,187,154",3754,1023
2026-03-11 03:30:29,星期三,"104,187,241",3754,1023
2026-03-11 03:40:39,星期三,"104,187,303",3754,1023
2026-03-11 03:50:45,星期三,"104,187,364",3754,1023
2026-03-11 04:00:25,星期三,"104,187,413",3754,1023
2026-03-11 04:30:32,星期三,"104,187,593",3754,1023
2026-03-11 04:40:53,星期三,"104,187,650",3754,1023
2026-03-11 04:50:26,星期三,"104,187,699",3754,1023
2026-03-11 05:00:30,星期三,"104,187,757",3754,1023
2026-03-11 05:10:26,星期三,"104,187,811",3754,1023
2026-03-11 05:20:24,星期三,"104,187,874",3754,1023
2026-03-11 05:30:26,星期三,"104,187,946",3754,1023
2026-03-11 05:40:24,星期三,"104,188,019",3754,1023
2026-03-11 05:50:24,星期三,"104,188,132",3754,1023
2026-03-11 06:00:25,星期三,"104,188,291",3754,1023
2026-03-11 06:10:25,星期三,"104,188,413",3754,1023
2026-03-11 06:20:24,星期三,"104,188,531",3754,1023
2026-03-11 06:30:24,星期三,"104,188,707",3754,1023
2026-03-11 06:40:24,星期三,"104,188,933",3754,1023
2026-03-11 06:50:24,星期三,"104,189,254",3754,1023
2026-03-11 07:00:29,星期三,"104,189,701",3754,1023
2026-03-11 07:10:24,星期三,"104,190,148",3754,1023
2026-03-11 07:20:29,星期三,"104,190,710",3754,1023
2026-03-11 07:30:24,星期三,"104,191,381",3754,1023
2026-03-11 07:40:26,星期三,"104,192,130",3754,1023
2026-03-11 07:50:32,星期三,"104,193,072",3754,1023
2026-03-11 08:00:28,星期三,"104,194,124",3754,1023
2026-03-11 08:10:26,星期三,"104,195,048",3754,1023
2026-03-11 08:20:24,星期三,"104,195,936",3754,1023
2026-03-11 08:30:25,星期三,"104,196,747",3754,1023
2026-03-11 08:40:29,星期三,"104,197,563",3754,1023
2026-03-11 08:50:24,星期三,"104,198,363",3754,1023
2026-03-11 09:00:25,星期三,"104,199,138",3754,1023
2026-03-11 09:10:25,星期三,"104,199,960",3754,1023
2026-03-11 09:20:28,星期三,"104,200,712",3754,1023
2026-03-11 09:30:24,星期三,"104,201,480",3754,1023
2026-03-11 09:40:45,星期三,"104,202,302",3754,1023
2026-03-11 09:50:25,星期三,"104,203,064",3754,1023
2026-03-11 10:00:50,星期三,"104,203,822",3754,1023
2026-03-11 10:10:25,星期三,"104,204,578",3754,1023
2026-03-11 10:20:25,星期三,"104,205,313",3754,1023
2026-03-11 10:30:24,星期三,"104,206,026",3754,1023
2026-03-11 10:40:27,星期三,"104,206,700",3754,1023
2026-03-11 10:50:28,星期三,"104,207,461",3754,1023
2026-03-11 11:00:25,星期三,"104,208,163",3754,1023
2026-03-11 11:10:25,星期三,"104,208,983",3754,1023
2026-03-11 11:30:46,星期三,"104,210,812",3754,1023
2026-03-11 11:40:27,星期三,"104,211,698",3754,1023
2026-03-11 12:00:46,星期三,"104,213,586",3754,1023
2026-03-11 12:10:25,星期三,"104,214,543",3754,1023
2026-03-11 12:20:42,星期三,"104,215,623",3754,1023
2026-03-11 12:30:28,星期三,"104,216,677",3754,1023
2026-03-11 12:40:47,星期三,"104,217,778",3754,1023
2026-03-11 12:50:34,星期三,"104,218,805",3754,1023
2026-03-11 13:00:27,星期三,"104,219,797",3754,1023
2026-03-11 13:10:40,星期三,"104,220,818",3754,1023
2026-03-11 13:20:38,星期三,"104,221,831",3754,1023
2026-03-11 13:30:42,星期三,"104,222,783",3754,1023
2026-03-11 13:40:35,星期三,"104,223,744",3754,1023
2026-03-11 13:50:51,星期三,"104,224,804",3754,1023
2026-03-11 14:11:58,星期三,"104,226,770",3754,1023
2026-03-11 14:20:24,星期三,"104,227,593",3754,1023
2026-03-11 14:30:41,星期三,"104,228,505",3754,1023
2026-03-11 14:40:44,星期三,"104,229,404",3754,1023
2026-03-11 14:50:31,星期三,"104,230,275",3754,1023
2026-03-11 15:00:25,星期三,"104,231,137",3754,1023
2026-03-11 15:10:41,星期三,"104,231,977",3754,1023
2026-03-11 15:20:56,星期三,"104,232,871",3754,1023
2026-03-11 15:30:28,星期三,"104,233,735",3754,1023
2026-03-11 15:41:33,星期三,"104,234,733",3754,1023
2026-03-11 16:10:26,星期三,"104,237,358",3754,1023
2026-03-11 16:20:28,星期三,"104,238,328",3754,1023
2026-03-11 16:32:06,星期三,"104,239,475",3754,1023
2026-03-11 16:41:32,星期三,"104,240,436",3754,1023
2026-03-11 16:50:43,星期三,"104,241,321",3754,1023
2026-03-11 17:00:26,星期三,"104,242,300",3754,1023
2026-03-11 17:10:31,星期三,"104,243,392",3754,1023
2026-03-11 17:20:45,星期三,"104,244,466",3754,1023
2026-03-11 17:30:26,星期三,"104,245,552",3754,1023
2026-03-11 17:40:30,星期三,"104,246,597",3754,1023
2026-03-11 17:50:23,星期三,"104,247,633",3754,1023
2026-03-11 18:10:27,星期三,"104,249,678",3754,1023
2026-03-11 18:20:40,星期三,"104,250,696",3754,1023
2026-03-11 18:30:53,星期三,"104,251,699",3754,1023
2026-03-11 18:40:27,星期三,"104,252,631",3754,1023
2026-03-11 18:50:39,星期三,"104,253,604",3754,1023
2026-03-11 19:01:01,星期三,"104,254,602",3754,1023
2026-03-11 19:10:32,星期三,"104,255,478",3754,1023
2026-03-11 19:20:26,星期三,"104,256,399",3754,1023
2026-03-11 19:30:25,星期三,"104,257,313",3754,1023
2026-03-11 20:00:28,星期三,"104,259,907",3754,1023
2026-03-11 20:10:33,星期三,"104,260,794",3754,1023
2026-03-11 20:20:44,星期三,"104,261,614",3754,1023
2026-03-11 20:40:48,星期三,"104,263,219",3754,1023
2026-03-11 20:50:33,星期三,"104,264,042",3754,1023
2026-03-11 21:00:28,星期三,"104,264,844",3754,1023
2026-03-11 21:10:32,星期三,"104,265,690",3754,1023
2026-03-11 21:20:29,星期三,"104,266,453",3754,1023
2026-03-11 21:30:26,星期三,"104,267,198",3754,1023
2026-03-11 21:40:27,星期三,"104,267,860",3754,1023
2026-03-11 21:50:28,星期三,"104,268,439",3754,1023
2026-03-11 22:00:34,星期三,"104,269,079",3754,1023
2026-03-11 22:20:44,星期三,"104,270,613",3754,1023
2026-03-11 22:30:31,星期三,"104,271,250",3754,1023
2026-03-11 22:40:46,星期三,"104,271,936",3754,1023
2026-03-11 22:50:31,星期三,"104,272,528",3754,1023
2026-03-11 23:00:34,星期三,"104,273,050",3754,1023
2026-03-11 23:10:46,星期三,"104,273,657",3754,1023
2026-03-11 23:30:28,星期三,"104,274,727",3754,1023
2026-03-11 23:40:29,星期三,"104,275,162",3754,1023
2026-03-11 23:50:26,星期三,"104,275,546",3754,1023
2026-03-12 00:00:28,星期四,"104,275,906",3754,1023
2026-03-12 00:10:26,星期四,"104,276,570",3754,1023
2026-03-12 00:20:34,星期四,"104,277,211",3754,1023
2026-03-12 00:30:38,星期四,"104,277,709",3754,1023
2026-03-12 00:40:33,星期四,"104,278,112",3754,1023
2026-03-12 00:50:36,星期四,"104,278,494",3754,1023
2026-03-12 01:00:26,星期四,"104,278,753",3754,1023
2026-03-12 01:10:27,星期四,"104,279,068",3754,1023
2026-03-12 01:20:28,星期四,"104,279,307",3754,1023
2026-03-12 01:30:25,星期四,"104,279,562",3754,1023
2026-03-12 01:40:26,星期四,"104,279,768",3754,1023
2026-03-12 01:50:25,星期四,"104,279,925",3754,1023
2026-03-12 02:00:25,星期四,"104,280,090",3754,1023
2026-03-12 02:10:25,星期四,"104,280,264",3754,1023
2026-03-12 02:20:25,星期四,"104,280,395",3754,1023
2026-03-12 02:30:25,星期四,"104,280,523",3754,1023
2026-03-12 02:40:25,星期四,"104,280,645",3754,1023
2026-03-12 02:51:04,星期四,"104,280,761",3754,1023
2026-03-12 03:20:32,星期四,"104,280,990",3754,1023
2026-03-12 03:30:31,星期四,"104,281,051",3754,1023
2026-03-12 03:40:31,星期四,"104,281,120",3754,1023
2026-03-12 03:50:23,星期四,"104,281,182",3754,1023
2026-03-12 04:00:25,星期四,"104,281,253",3754,1023
2026-03-12 04:10:25,星期四,"104,281,307",3754,1023
2026-03-12 04:20:51,星期四,"104,281,365",3754,1023
2026-03-12 04:30:25,星期四,"104,281,411",3754,1023
2026-03-12 04:40:24,星期四,"104,281,470",3754,1023
2026-03-12 04:50:25,星期四,"104,281,517",3754,1023
2026-03-12 05:00:24,星期四,"104,281,569",3754,1023
2026-03-12 05:10:24,星期四,"104,281,628",3754,1023
2026-03-12 05:20:25,星期四,"104,281,688",3754,1023
2026-03-12 05:30:24,星期四,"104,281,758",3754,1023
2026-03-12 05:40:25,星期四,"104,281,841",3754,1023
2026-03-12 05:50:45,星期四,"104,281,962",3754,1023
2026-03-12 06:00:46,星期四,"104,282,120",3754,1023
2026-03-12 06:10:32,星期四,"104,282,252",3754,1023
2026-03-12 06:30:25,星期四,"104,282,543",3754,1023
2026-03-12 06:40:26,星期四,"104,282,766",3754,1023
2026-03-12 06:50:25,星期四,"104,283,069",3754,1023
2026-03-12 07:00:26,星期四,"104,283,483",3754,1023
2026-03-12 07:10:25,星期四,"104,283,953",3754,1023
2026-03-12 07:20:31,星期四,"104,284,513",3754,1023
2026-03-12 07:30:31,星期四,"104,285,161",3754,1023
2026-03-12 07:40:25,星期四,"104,285,943",3754,1023
2026-03-12 07:50:24,星期四,"104,286,829",3754,1023
2026-03-12 08:00:26,星期四,"104,287,885",3754,1023
2026-03-12 08:10:26,星期四,"104,288,886",3754,1023
2026-03-12 08:30:32,星期四,"104,290,560",3754,1023
2026-03-12 08:40:23,星期四,"104,291,390",3754,1023
2026-03-12 08:50:25,星期四,"104,292,138",3754,1023
2026-03-12 09:10:45,星期四,"104,293,698",3754,1023
2026-03-12 09:30:24,星期四,"104,295,252",3754,1023
2026-03-12 09:40:24,星期四,"104,295,991",3754,1023
2026-03-12 09:50:24,星期四,"104,296,749",3754,1023
2026-03-12 10:00:25,星期四,"104,297,463",3754,1023
2026-03-12 10:10:24,星期四,"104,298,100",3754,1023
2026-03-12 10:20:45,星期四,"104,298,971",3754,1023
2026-03-12 10:30:28,星期四,"104,299,681",3754,1023
2026-03-12 10:40:25,星期四,"104,300,418",3754,1023
2026-03-12 10:50:25,星期四,"104,301,178",3754,1023
2026-03-12 11:00:25,星期四,"104,301,918",3754,1023
2026-03-12 11:10:26,星期四,"104,302,809",3754,1023
2026-03-12 11:20:25,星期四,"104,303,696",3754,1023
2026-03-12 11:30:25,星期四,"104,304,551",3754,1023
2026-03-12 11:40:44,星期四,"104,305,452",3754,1023
2026-03-12 11:50:30,星期四,"104,306,328",3754,1023
2026-03-12 12:00:33,星期四,"104,307,241",3754,1023
2026-03-12 12:10:26,星期四,"104,308,318",3754,1023
2026-03-12 12:20:25,星期四,"104,309,437",3754,1023
2026-03-12 12:30:26,星期四,"104,310,534",3754,1023
2026-03-12 12:40:28,星期四,"104,311,561",3754,1023
2026-03-12 13:00:34,星期四,"104,313,613",3754,1023
2026-03-12 13:10:25,星期四,"104,314,566",3754,1023
2026-03-12 13:20:25,星期四,"104,315,550",3754,1023
2026-03-12 13:30:29,星期四,"104,316,555",3754,1023
2026-03-12 13:40:25,星期四,"104,317,533",3754,1023
2026-03-12 13:50:41,星期四,"104,318,522",3754,1023
2026-03-12 14:00:24,星期四,"104,319,452",3754,1023
2026-03-12 14:10:48,星期四,"104,320,448",3754,1023
2026-03-12 14:20:26,星期四,"104,321,359",3754,1023
2026-03-12 14:40:25,星期四,"104,323,143",3754,1023
2026-03-12 14:50:30,星期四,"104,323,002",3754,1023
2026-03-12 15:00:25,星期四,"104,324,834",3754,1023
2026-03-12 15:10:26,星期四,"104,325,691",3754,1023
2026-03-12 15:20:43,星期四,"104,326,622",3754,1023
2026-03-12 15:30:26,星期四,"104,327,444",3754,1023
2026-03-12 15:40:26,星期四,"104,328,372",3754,1023
2026-03-12 15:50:26,星期四,"104,329,297",3754,1023
2026-03-12 16:00:28,星期四,"104,330,224",3754,1023
2026-03-12 16:10:53,星期四,"104,331,172",3754,1023
2026-03-12 16:20:45,星期四,"104,332,119",3754,1023
2026-03-12 16:30:47,星期四,"104,333,098",3754,1023
2026-03-12 16:40:33,星期四,"104,334,044",3754,1023
2026-03-12 16:50:26,星期四,"104,335,069",3754,1023
2026-03-12 17:00:29,星期四,"104,336,090",3754,1023
2026-03-12 17:10:28,星期四,"104,337,083",3754,1023
2026-03-12 17:20:24,星期四,"104,338,121",3754,1023
2026-03-12 17:30:42,星期四,"104,339,243",3754,1023
2026-03-12 17:40:45,星期四,"104,340,338",3754,1023
2026-03-12 17:50:30,星期四,"104,341,329",3754,1023
2026-03-12 18:00:25,星期四,"104,342,376",3754,1023
2026-03-12 18:10:26,星期四,"104,343,379",3754,1023
2026-03-12 18:20:25,星期四,"104,344,330",3754,1023
2026-03-12 18:30:36,星期四,"104,345,330",3754,1023
2026-03-12 18:40:26,星期四,"104,346,265",3754,1023
2026-03-12 18:50:24,星期四,"104,347,252",3754,1023
2026-03-12 19:00:37,星期四,"104,348,216",3754,1023
2026-03-12 19:10:24,星期四,"104,349,084",3754,1023
2026-03-12 19:20:26,星期四,"104,349,986",3754,1023
2026-03-12 19:30:24,星期四,"104,350,877",3754,1023
2026-03-12 19:40:25,星期四,"104,351,733",3754,1023
2026-03-12 19:50:27,星期四,"104,352,554",3754,1023
2026-03-12 20:10:47,星期四,"104,354,315",3754,1023
2026-03-12 20:20:25,星期四,"104,355,091",3754,1023
2026-03-12 20:30:41,星期四,"104,355,957",3754,1023
2026-03-12 20:40:28,星期四,"104,356,770",3754,1023
2026-03-12 20:50:31,星期四,"104,357,626",3754,1023
2026-03-12 21:00:28,星期四,"104,358,441",3754,1023
2026-03-12 21:12:03,星期四,"104,359,316",3754,1023
2026-03-12 21:20:27,星期四,"104,359,007",3754,1023
2026-03-12 21:30:47,星期四,"104,360,754",3754,1023
2026-03-12 21:41:00,星期四,"104,361,506",3754,1023
2026-03-12 21:50:54,星期四,"104,362,200",3754,1023
2026-03-12 22:00:49,星期四,"104,362,845",3754,1023
2026-03-12 22:10:45,星期四,"104,363,627",3754,1023
2026-03-12 22:20:34,星期四,"104,364,422",3754,1023
2026-03-12 22:30:26,星期四,"104,365,070",3754,1023
2026-03-12 22:50:31,星期四,"104,366,389",3754,1023
2026-03-12 23:00:26,星期四,"104,366,924",3754,1023
2026-03-12 23:10:29,星期四,"104,367,528",3754,1023
2026-03-12 23:20:29,星期四,"104,368,148",3754,1023
2026-03-12 23:30:29,星期四,"104,368,673",3754,1023
2026-03-12 23:40:33,星期四,"104,369,133",3754,1023
2026-03-12 23:50:30,星期四,"104,369,555",3754,1023
2026-03-13 00:00:49,星期五,"104,369,941",3754,1023
2026-03-13 00:10:31,星期五,"104,370,668",3754,1023
2026-03-13 00:30:28,星期五,"104,371,866",3754,1023
2026-03-13 00:50:26,星期五,"104,372,651",3754,1023
2026-03-13 01:00:24,星期五,"104,372,968",3754,1023
2026-03-13 01:10:25,星期五,"104,373,290",3754,1023
2026-03-13 01:20:26,星期五,"104,373,556",3754,1023
2026-03-13 01:30:26,星期五,"104,373,813",3754,1023
2026-03-13 01:40:31,星期五,"104,374,005",3754,1023
2026-03-13 01:50:32,星期五,"104,374,184",3754,1023
2026-03-13 02:00:23,星期五,"104,374,344",3754,1023
2026-03-13 02:10:28,星期五,"104,374,519",3754,1023
2026-03-13 02:20:24,星期五,"104,374,684",3754,1023
2026-03-13 02:30:31,星期五,"104,374,804",3754,1023
2026-03-13 02:40:25,星期五,"104,374,917",3754,1023
2026-03-13 03:00:26,星期五,"104,375,110",3754,1023
2026-03-13 03:10:23,星期五,"104,375,194",3754,1023
2026-03-13 03:20:25,星期五,"104,375,274",3754,1023
2026-03-13 03:30:25,星期五,"104,375,344",3754,1023
2026-03-13 03:40:26,星期五,"104,375,436",3754,1023
2026-03-13 03:50:23,星期五,"104,375,509",3754,1023
2026-03-13 04:10:26,星期五,"104,375,614",3754,1023
2026-03-13 04:20:24,星期五,"104,375,661",3754,1023
2026-03-13 04:40:55,星期五,"104,375,779",3754,1023
2026-03-13 04:50:24,星期五,"104,375,836",3754,1023
2026-03-13 05:00:26,星期五,"104,375,890",3754,1023
2026-03-13 05:10:25,星期五,"104,375,944",3754,1023
2026-03-13 05:20:24,星期五,"104,376,018",3754,1023
2026-03-13 05:30:46,星期五,"104,376,106",3754,1023
2026-03-13 05:40:25,星期五,"104,376,179",3754,1023
2026-03-13 05:50:25,星期五,"104,376,270",3754,1023
2026-03-13 06:00:25,星期五,"104,376,411",3754,1023
2026-03-13 06:10:24,星期五,"104,376,548",3754,1023
2026-03-13 06:20:24,星期五,"104,376,677",3754,1023
2026-03-13 06:30:43,星期五,"104,376,858",3754,1023
2026-03-13 06:40:25,星期五,"104,377,097",3754,1023
2026-03-13 06:51:48,星期五,"104,377,449",3754,1023
2026-03-13 07:00:25,星期五,"104,377,847",3754,1023
2026-03-13 07:30:24,星期五,"104,379,620",3754,1023
2026-03-13 07:40:25,星期五,"104,380,428",3754,1023
2026-03-13 07:50:25,星期五,"104,381,369",3754,1023
2026-03-13 08:00:25,星期五,"104,382,412",3754,1023
2026-03-13 08:10:26,星期五,"104,383,424",3754,1023
2026-03-13 08:20:27,星期五,"104,384,295",3754,1023
2026-03-13 08:30:25,星期五,"104,385,105",3754,1023
2026-03-13 08:40:27,星期五,"104,385,891",3754,1023
2026-03-13 08:50:24,星期五,"104,386,724",3754,1023
2026-03-13 09:00:25,星期五,"104,387,564",3754,1023
2026-03-13 09:10:25,星期五,"104,388,372",3754,1023
2026-03-13 09:20:25,星期五,"104,389,245",3754,1023
2026-03-13 09:30:25,星期五,"104,390,023",3754,1023
2026-03-13 09:40:25,星期五,"104,390,808",3754,1023
2026-03-13 09:50:43,星期五,"104,391,593",3754,1023
2026-03-13 10:00:42,星期五,"104,392,362",3754,1023
2026-03-13 10:10:45,星期五,"104,393,171",3754,1023
2026-03-13 10:20:41,星期五,"104,393,925",3754,1023
2026-03-13 10:30:26,星期五,"104,394,669",3754,1023
2026-03-13 10:40:25,星期五,"104,395,399",3754,1023
2026-03-13 10:50:50,星期五,"104,396,191",3754,1023
2026-03-13 11:00:24,星期五,"104,396,957",3754,1023
2026-03-13 11:10:30,星期五,"104,397,827",3754,1023
2026-03-13 11:20:26,星期五,"104,398,719",3754,1023
2026-03-13 11:30:25,星期五,"104,399,590",3754,1023
2026-03-13 11:40:25,星期五,"104,400,548",3754,1023
2026-03-13 11:50:39,星期五,"104,401,505",3754,1023
2026-03-13 12:00:25,星期五,"104,402,495",3754,1023
2026-03-13 12:10:44,星期五,"104,403,587",3754,1023
2026-03-13 12:20:27,星期五,"104,404,713",3754,1023
2026-03-13 12:30:25,星期五,"104,405,879",3754,1023
2026-03-13 12:40:26,星期五,"104,407,004",3754,1023
2026-03-13 12:50:26,星期五,"104,408,158",3754,1023
2026-03-13 13:10:26,星期五,"104,410,417",3754,1023
2026-03-13 13:20:24,星期五,"104,411,501",3754,1023
2026-03-13 13:30:26,星期五,"104,412,554",3754,1023
2026-03-13 13:40:25,星期五,"104,413,622",3754,1023
2026-03-13 13:50:26,星期五,"104,414,743",3754,1023
2026-03-13 14:00:24,星期五,"104,415,860",3754,1023
2026-03-13 14:10:29,星期五,"104,416,919",3754,1023
2026-03-13 14:20:26,星期五,"104,417,912",3754,1023
2026-03-13 14:30:26,星期五,"104,418,913",3754,1023
2026-03-13 14:40:25,星期五,"104,419,977",3754,1023
2026-03-13 14:50:58,星期五,"104,421,039",3754,1023
2026-03-13 15:00:25,星期五,"104,421,964",3754,1023
2026-03-13 15:10:45,星期五,"104,422,966",3754,1023
2026-03-13 15:20:40,星期五,"104,423,929",3754,1023
2026-03-13 15:30:26,星期五,"104,424,947",3754,1023
2026-03-13 15:40:39,星期五,"104,425,996",3754,1023
2026-03-13 15:50:24,星期五,"104,427,056",3754,1023
2026-03-13 16:00:41,星期五,"104,428,170",3754,1023
2026-03-13 16:10:27,星期五,"104,429,186",3756,1023
2026-03-13 16:30:25,星期五,"104,431,395",3756,1023
2026-03-13 16:40:45,星期五,"104,432,537",3756,1023
2026-03-13 16:50:25,星期五,"104,433,600",3756,1023
2026-03-13 17:00:28,星期五,"104,434,781",3756,1023
2026-03-13 17:20:24,星期五,"104,437,070",3756,1023
2026-03-13 17:30:27,星期五,"104,438,147",3756,1023
2026-03-13 17:40:26,星期五,"104,439,282",3756,1023
2026-03-13 17:50:24,星期五,"104,440,396",3756,1023
2026-03-13 18:00:25,星期五,"104,441,467",3756,1023
2026-03-13 18:10:26,星期五,"104,442,545",3756,1023
2026-03-13 18:20:36,星期五,"104,443,622",3756,1023
2026-03-13 18:30:34,星期五,"104,444,594",3756,1023
2026-03-13 18:40:24,星期五,"104,445,614",3756,1023
2026-03-13 18:50:45,星期五,"104,446,668",3756,1023
2026-03-13 19:00:44,星期五,"104,447,672",3754,1023
2026-03-13 19:20:41,星期五,"104,449,699",3754,1023
2026-03-13 19:40:44,星期五,"104,451,576",3754,1023
2026-03-13 19:50:26,星期五,"104,452,433",3754,1023
2026-03-13 20:00:49,星期五,"104,453,414",3754,1023
2026-03-13 20:10:26,星期五,"104,454,329",3754,1023
2026-03-13 20:20:44,星期五,"104,455,282",3754,1023
2026-03-13 20:30:44,星期五,"104,456,215",3754,1023
2026-03-13 20:40:42,星期五,"104,457,122",3754,1023
2026-03-13 20:50:26,星期五,"104,458,048",3754,1023
2026-03-13 21:00:29,星期五,"104,458,992",3754,1023
2026-03-13 21:10:27,星期五,"104,459,897",3754,1023
2026-03-13 21:20:27,星期五,"104,460,760",3754,1023
2026-03-13 21:30:47,星期五,"104,461,607",3754,1023
2026-03-13 21:50:47,星期五,"104,463,188",3754,1023
2026-03-13 22:30:33,星期五,"104,466,410",3754,1023
2026-03-13 22:40:45,星期五,"104,467,213",3754,1023
2026-03-13 22:50:26,星期五,"104,467,922",3754,1023
2026-03-13 23:00:24,星期五,"104,468,607",3754,1023
2026-03-13 23:10:47,星期五,"104,469,411",3754,1023
2026-03-13 23:20:33,星期五,"104,470,158",3754,1023
2026-03-13 23:40:28,星期五,"104,471,419",3754,1023
2026-03-13 23:50:27,星期五,"104,471,955",3754,1023
2026-03-14 00:00:52,星期六,"104,472,446",3754,1023
2026-03-14 00:10:29,星期六,"104,473,255",3754,1023
2026-03-14 00:20:27,星期六,"104,474,017",3754,1023
2026-03-14 00:30:26,星期六,"104,474,735",3754,1023
2026-03-14 01:00:35,星期六,"104,476,215",3754,1023
2026-03-14 01:10:31,星期六,"104,476,631",3754,1023
2026-03-14 01:20:36,星期六,"104,476,986",3754,1023
2026-03-14 01:30:24,星期六,"104,477,339",3754,1023
2026-03-14 01:40:28,星期六,"104,477,625",3754,1023
2026-03-14 01:50:31,星期六,"104,477,910",3754,1023
2026-03-14 02:00:28,星期六,"104,478,139",3754,1023
2026-03-14 02:20:35,星期六,"104,478,575",3754,1023
2026-03-14 02:30:31,星期六,"104,478,744",3754,1023
2026-03-14 02:40:28,星期六,"104,478,899",3754,1023
2026-03-14 02:50:26,星期六,"104,479,061",3754,1023
2026-03-14 03:00:46,星期六,"104,479,208",3754,1023
2026-03-14 03:10:24,星期六,"104,479,346",3754,1023
2026-03-14 03:20:25,星期六,"104,479,460",3754,1023
2026-03-14 03:30:31,星期六,"104,479,572",3754,1023
2026-03-14 03:40:31,星期六,"104,479,664",3754,1023
2026-03-14 03:50:31,星期六,"104,479,759",3754,1023
2026-03-14 04:00:27,星期六,"104,479,848",3754,1023
2026-03-14 04:10:26,星期六,"104,479,926",3754,1023
2026-03-14 04:30:24,星期六,"104,480,082",3754,1023
2026-03-14 04:40:26,星期六,"104,480,156",3754,1023
2026-03-14 04:50:31,星期六,"104,480,225",3754,1023
2026-03-14 05:00:32,星期六,"104,480,300",3754,1023
2026-03-14 05:10:30,星期六,"104,480,378",3754,1023
2026-03-14 05:20:54,星期六,"104,480,460",3754,1023
2026-03-14 05:30:24,星期六,"104,480,536",3754,1023
2026-03-14 05:40:25,星期六,"104,480,620",3754,1023
2026-03-14 06:00:25,星期六,"104,480,906",3754,1023
2026-03-14 06:10:24,星期六,"104,481,020",3754,1023
2026-03-14 06:40:24,星期六,"104,481,507",3754,1023
2026-03-14 06:50:24,星期六,"104,481,760",3754,1023
2026-03-14 07:10:24,星期六,"104,482,391",3754,1023
2026-03-14 07:20:24,星期六,"104,482,719",3754,1023
2026-03-14 07:30:25,星期六,"104,483,143",3754,1023
2026-03-14 07:40:39,星期六,"104,483,661",3754,1023
2026-03-14 07:50:28,星期六,"104,484,223",3754,1023
2026-03-14 08:00:26,星期六,"104,484,938",3754,1023
2026-03-14 08:10:25,星期六,"104,485,599",3754,1023
2026-03-14 08:20:24,星期六,"104,486,148",3754,1023
2026-03-14 08:30:24,星期六,"104,486,752",3754,1023
2026-03-14 08:40:26,星期六,"104,487,397",3754,1023
2026-03-14 08:50:23,星期六,"104,488,047",3754,1023
2026-03-14 09:00:24,星期六,"104,488,688",3754,1023
2026-03-14 09:10:25,星期六,"104,489,431",3754,1023
2026-03-14 09:20:48,星期六,"104,490,292",3754,1023
2026-03-14 09:31:37,星期六,"104,491,220",3754,1023
2026-03-14 09:40:24,星期六,"104,491,004",3754,1023
2026-03-14 09:50:26,星期六,"104,492,888",3754,1023
2026-03-14 10:00:43,星期六,"104,493,761",3754,1023
2026-03-14 10:10:25,星期六,"104,494,683",3754,1023
2026-03-14 10:20:26,星期六,"104,495,698",3754,1023
2026-03-14 10:30:24,星期六,"104,496,749",3754,1023
2026-03-14 10:40:31,星期六,"104,497,772",3754,1023
2026-03-14 10:50:43,星期六,"104,498,806",3754,1023
2026-03-14 11:00:41,星期六,"104,499,754",3754,1023
2026-03-14 11:10:31,星期六,"104,500,991",3754,1023
2026-03-14 11:30:31,星期六,"104,503,301",3754,1023
2026-03-14 11:40:26,星期六,"104,504,446",3754,1023
2026-03-14 11:50:58,星期六,"104,505,605",3754,1023
2026-03-14 12:00:26,星期六,"104,506,739",3754,1023
2026-03-14 12:10:27,星期六,"104,507,901",3754,1023
2026-03-14 12:20:43,星期六,"104,509,123",3754,1023
2026-03-14 12:30:26,星期六,"104,510,342",3754,1023
2026-03-14 12:40:26,星期六,"104,511,553",3754,1023
2026-03-14 12:50:26,星期六,"104,512,777",3754,1023
2026-03-14 13:00:25,星期六,"104,513,959",3754,1023
2026-03-14 13:10:33,星期六,"104,515,173",3754,1023
2026-03-14 13:20:25,星期六,"104,516,317",3754,1023
2026-03-14 13:30:26,星期六,"104,517,484",3754,1023
2026-03-14 13:40:28,星期六,"104,518,701",3754,1023
2026-03-14 13:50:26,星期六,"104,519,921",3754,1023
2026-03-14 14:30:39,星期六,"104,524,725",3754,1023
2026-03-14 14:40:28,星期六,"104,525,895",3754,1023
2026-03-14 14:50:29,星期六,"104,527,050",3754,1023
2026-03-14 15:00:33,星期六,"104,528,231",3754,1023
2026-03-14 15:10:28,星期六,"104,529,421",3754,1023
2026-03-14 15:30:31,星期六,"104,531,713",3754,1023
2026-03-14 15:40:29,星期六,"104,532,884",3754,1023
2026-03-14 15:50:30,星期六,"104,534,047",3754,1023
2026-03-14 16:00:26,星期六,"104,535,175",3754,1023
2026-03-14 16:20:28,星期六,"104,537,504",3754,1023
2026-03-14 16:30:41,星期六,"104,538,699",3754,1023
2026-03-14 16:40:45,星期六,"104,539,833",3754,1023
2026-03-14 16:50:44,星期六,"104,541,032",3754,1023
2026-03-14 17:10:25,星期六,"104,543,323",3754,1023
2026-03-14 17:20:44,星期六,"104,544,513",3754,1023
2026-03-14 17:30:28,星期六,"104,545,658",3754,1023
2026-03-14 17:40:27,星期六,"104,546,825",3754,1023
2026-03-14 17:50:26,星期六,"104,547,876",3754,1023
2026-03-14 18:00:43,星期六,"104,548,994",3754,1023
2026-03-14 18:10:26,星期六,"104,549,964",3754,1023
2026-03-14 18:20:25,星期六,"104,550,960",3754,1023
2026-03-14 18:30:28,星期六,"104,551,922",3754,1023
2026-03-14 18:40:30,星期六,"104,552,789",3754,1023
2026-03-14 18:50:30,星期六,"104,553,651",3754,1023
2026-03-14 19:30:25,星期六,"104,556,991",3754,1023
2026-03-14 19:40:29,星期六,"104,557,820",3754,1023
2026-03-14 19:50:41,星期六,"104,558,637",3754,1023
2026-03-14 20:10:30,星期六,"104,560,299",3754,1023
2026-03-14 20:50:31,星期六,"104,563,636",3754,1023
2026-03-14 21:00:42,星期六,"104,564,464",3754,1023
2026-03-14 21:10:28,星期六,"104,565,268",3754,1023
2026-03-14 21:20:30,星期六,"104,566,083",3754,1023
2026-03-14 21:30:49,星期六,"104,566,860",3754,1023
2026-03-14 21:40:29,星期六,"104,567,592",3754,1023
2026-03-14 21:50:31,星期六,"104,568,314",3754,1023
2026-03-14 22:10:32,星期六,"104,569,701",3754,1023
2026-03-14 22:20:29,星期六,"104,570,654",3754,1023
2026-03-14 22:30:26,星期六,"104,571,398",3754,1023
2026-03-14 22:40:32,星期六,"104,572,124",3754,1023
2026-03-14 22:50:31,星期六,"104,572,803",3754,1023
2026-03-14 23:10:54,星期六,"104,574,136",3754,1023
2026-03-14 23:20:26,星期六,"104,574,817",3754,1023
2026-03-14 23:30:59,星期六,"104,575,478",3754,1023
2026-03-15 00:01:36,星期日,"104,576,917",3754,1023
2026-03-15 00:10:29,星期日,"104,577,631",3754,1023
2026-03-15 00:20:27,星期日,"104,578,400",3754,1023
2026-03-15 00:30:41,星期日,"104,579,036",3754,1023
2026-03-15 00:50:46,星期日,"104,580,031",3754,1023
2026-03-15 01:00:33,星期日,"104,580,424",3754,1023
2026-03-15 01:10:37,星期日,"104,580,840",3754,1023
2026-03-15 01:20:24,星期日,"104,581,189",3754,1023
2026-03-15 01:30:28,星期日,"104,581,506",3754,1023
2026-03-15 01:40:28,星期日,"104,581,775",3754,1023
2026-03-15 01:50:30,星期日,"104,582,028",3754,1023
2026-03-15 02:00:25,星期日,"104,582,248",3754,1023
2026-03-15 02:10:26,星期日,"104,582,453",3754,1023
2026-03-15 02:20:24,星期日,"104,582,653",3754,1023
2026-03-15 02:30:25,星期日,"104,582,837",3754,1023
2026-03-15 02:40:25,星期日,"104,582,990",3754,1023
2026-03-15 02:50:24,星期日,"104,583,121",3754,1023
2026-03-15 03:00:25,星期日,"104,583,256",3754,1023
2026-03-15 03:10:25,星期日,"104,583,399",3754,1023
2026-03-15 03:20:24,星期日,"104,583,520",3754,1023
2026-03-15 03:30:23,星期日,"104,583,598",3754,1023
2026-03-15 03:40:25,星期日,"104,583,687",3754,1023
2026-03-15 03:50:25,星期日,"104,583,774",3754,1023
2026-03-15 04:00:25,星期日,"104,583,868",3754,1023
2026-03-15 04:20:25,星期日,"104,584,007",3754,1023
2026-03-15 04:30:25,星期日,"104,584,071",3754,1023
2026-03-15 04:40:24,星期日,"104,584,134",3754,1023
2026-03-15 04:50:24,星期日,"104,584,190",3754,1023
2026-03-15 05:00:24,星期日,"104,584,256",3754,1023
2026-03-15 05:10:25,星期日,"104,584,339",3754,1023
2026-03-15 05:20:24,星期日,"104,584,415",3754,1023
2026-03-15 05:30:24,星期日,"104,584,495",3754,1023
2026-03-15 05:40:23,星期日,"104,584,586",3754,1023
2026-03-15 05:50:32,星期日,"104,584,703",3754,1023
2026-03-15 06:00:25,星期日,"104,584,834",3754,1023
2026-03-15 06:11:41,星期日,"104,584,935",3754,1023
2026-03-15 06:20:31,星期日,"104,585,017",3754,1023
2026-03-15 06:30:32,星期日,"104,585,154",3754,1023
2026-03-15 06:40:25,星期日,"104,585,315",3754,1023
2026-03-15 06:50:24,星期日,"104,585,519",3754,1023
2026-03-15 07:00:25,星期日,"104,585,748",3754,1023
2026-03-15 07:10:25,星期日,"104,585,999",3754,1023
2026-03-15 07:20:25,星期日,"104,586,244",3754,1023
2026-03-15 07:30:24,星期日,"104,586,576",3754,1023
2026-03-15 07:40:24,星期日,"104,586,974",3754,1023
2026-03-15 07:50:24,星期日,"104,587,481",3754,1023
2026-03-15 08:00:28,星期日,"104,588,019",3754,1023
2026-03-15 08:10:25,星期日,"104,588,490",3754,1023
2026-03-15 08:20:25,星期日,"104,588,915",3754,1023
2026-03-15 08:30:38,星期日,"104,589,300",3754,1023
2026-03-15 08:40:25,星期日,"104,589,842",3754,1023
2026-03-15 08:50:27,星期日,"104,590,358",3754,1023
2026-03-15 09:01:35,星期日,"104,590,990",3755,1023
2026-03-15 09:10:25,星期日,"104,591,517",3755,1023
2026-03-15 09:20:25,星期日,"104,592,179",3755,1023
2026-03-15 09:40:24,星期日,"104,593,674",3755,1023
2026-03-15 09:50:30,星期日,"104,594,458",3755,1023
2026-03-15 10:00:25,星期日,"104,595,231",3755,1023
2026-03-15 10:10:24,星期日,"104,596,074",3755,1023
2026-03-15 10:30:26,星期日,"104,597,960",3755,1023
2026-03-15 10:40:25,星期日,"104,598,969",3755,1023
2026-03-15 10:50:25,星期日,"104,599,953",3755,1023
2026-03-15 11:00:28,星期日,"104,600,959",3755,1023
2026-03-15 11:10:28,星期日,"104,602,071",3755,1023
2026-03-15 11:20:52,星期日,"104,603,210",3755,1023
2026-03-15 11:30:34,星期日,"104,604,298",3755,1023
2026-03-15 11:40:28,星期日,"104,605,324",3755,1023
2026-03-15 11:50:28,星期日,"104,606,389",3755,1023
2026-03-15 12:00:28,星期日,"104,607,475",3755,1023
2026-03-15 12:20:27,星期日,"104,609,767",3755,1023
2026-03-15 12:30:35,星期日,"104,610,952",3755,1023
2026-03-15 12:42:01,星期日,"104,612,220",3755,1023
2026-03-15 12:50:31,星期日,"104,613,213",3755,1023
2026-03-15 13:00:27,星期日,"104,614,343",3755,1023
2026-03-15 13:10:29,星期日,"104,615,577",3755,1023
2026-03-15 13:20:28,星期日,"104,616,771",3755,1023
2026-03-15 13:30:31,星期日,"104,617,979",3755,1023
2026-03-15 13:40:26,星期日,"104,619,354",3755,1023
2026-03-15 13:50:27,星期日,"104,620,673",3755,1023
2026-03-15 14:00:41,星期日,"104,621,963",3755,1023
2026-03-15 14:10:34,星期日,"104,623,204",3755,1023
2026-03-15 14:20:26,星期日,"104,624,409",3755,1023
2026-03-15 14:30:51,星期日,"104,625,756",3755,1023
2026-03-15 14:40:48,星期日,"104,626,947",3755,1023
2026-03-15 15:00:25,星期日,"104,629,515",3755,1023
2026-03-15 15:20:25,星期日,"104,632,056",3755,1023
2026-03-15 15:30:31,星期日,"104,633,390",3755,1023
2026-03-15 15:40:25,星期日,"104,634,611",3755,1023
2026-03-15 15:50:41,星期日,"104,636,034",3755,1023
2026-03-15 16:00:25,星期日,"104,637,285",3755,1023
2026-03-15 16:10:24,星期日,"104,638,591",3755,1023
2026-03-15 16:20:25,星期日,"104,639,908",3755,1023
2026-03-15 16:30:36,星期日,"104,641,221",3755,1023
2026-03-15 16:40:26,星期日,"104,642,543",3755,1023
2026-03-15 16:50:25,星期日,"104,643,845",3755,1023
2026-03-15 17:00:25,星期日,"104,645,146",3755,1023
2026-03-15 17:10:27,星期日,"104,646,398",3755,1023
2026-03-15 17:20:30,星期日,"104,647,652",3755,1023
2026-03-15 17:30:24,星期日,"104,648,828",3755,1023
2026-03-15 17:40:26,星期日,"104,650,143",3755,1023
2026-03-15 17:50:27,星期日,"104,651,276",3755,1023
2026-03-15 18:10:29,星期日,"104,653,575",3755,1023
2026-03-15 18:30:26,星期日,"104,655,717",3755,1023
2026-03-15 18:40:27,星期日,"104,656,786",3755,1023
2026-03-15 18:50:28,星期日,"104,657,809",3755,1023
2026-03-15 19:00:25,星期日,"104,658,859",3755,1023
2026-03-15 19:10:46,星期日,"104,659,883",3755,1023
2026-03-15 19:20:28,星期日,"104,660,879",3755,1023
2026-03-15 19:30:25,星期日,"104,661,837",3755,1023
2026-03-15 19:40:31,星期日,"104,662,811",3755,1023
2026-03-15 19:50:25,星期日,"104,663,767",3755,1023
2026-03-15 20:00:28,星期日,"104,664,698",3755,1023
2026-03-15 20:10:31,星期日,"104,665,711",3755,1023
2026-03-15 20:20:49,星期日,"104,666,736",3755,1023
2026-03-15 20:30:44,星期日,"104,667,698",3755,1023
2026-03-15 20:40:26,星期日,"104,668,640",3755,1023
2026-03-15 21:00:34,星期日,"104,670,431",3755,1023
2026-03-15 21:10:36,星期日,"104,671,320",3755,1023
2026-03-15 21:20:49,星期日,"104,672,209",3755,1023
2026-03-15 21:30:27,星期日,"104,673,029",3755,1023
2026-03-15 21:40:30,星期日,"104,673,857",3755,1023
2026-03-15 21:50:30,星期日,"104,674,610",3755,1023
2026-03-15 22:00:28,星期日,"104,675,276",3755,1023
2026-03-15 22:10:25,星期日,"104,676,067",3755,1023
2026-03-15 22:20:26,星期日,"104,676,893",3755,1023
2026-03-15 22:30:27,星期日,"104,677,676",3755,1023
2026-03-15 22:50:29,星期日,"104,679,156",3755,1023
2026-03-15 23:00:31,星期日,"104,679,745",3755,1023
2026-03-15 23:10:33,星期日,"104,680,389",3755,1023
2026-03-15 23:21:05,星期日,"104,681,121",3755,1023
2026-03-15 23:30:44,星期日,"104,681,662",3755,1023
2026-03-15 23:40:26,星期日,"104,682,146",3755,1023
2026-03-15 23:50:41,星期日,"104,682,551",3755,1023
2026-03-16 00:00:46,星期一,"104,682,916",3755,1023
2026-03-16 00:10:25,星期一,"104,683,646",3755,1023
2026-03-16 00:20:32,星期一,"104,684,369",3755,1023
2026-03-16 00:30:26,星期一,"104,684,909",3755,1023
2026-03-16 00:40:25,星期一,"104,685,387",3755,1023
2026-03-16 00:50:29,星期一,"104,685,751",3755,1023
2026-03-16 01:00:25,星期一,"104,686,080",3755,1023
2026-03-16 01:10:29,星期一,"104,686,386",3755,1023
2026-03-16 01:20:24,星期一,"104,686,661",3755,1023
2026-03-16 01:30:29,星期一,"104,686,897",3755,1023
2026-03-16 01:40:26,星期一,"104,687,145",3755,1023
2026-03-16 01:50:25,星期一,"104,687,319",3755,1023
2026-03-16 02:00:24,星期一,"104,687,480",3755,1023
2026-03-16 02:10:25,星期一,"104,687,616",3755,1023
2026-03-16 02:20:24,星期一,"104,687,788",3755,1023
2026-03-16 02:30:24,星期一,"104,687,933",3755,1023
2026-03-16 02:40:25,星期一,"104,688,063",3755,1023
2026-03-16 02:50:23,星期一,"104,688,182",3755,1023
2026-03-16 03:00:25,星期一,"104,688,288",3755,1023
2026-03-16 03:10:50,星期一,"104,688,379",3755,1023
2026-03-16 03:20:26,星期一,"104,688,450",3755,1023
2026-03-16 03:30:25,星期一,"104,688,535",3755,1023
2026-03-16 03:40:26,星期一,"104,688,616",3755,1023
2026-03-16 03:50:23,星期一,"104,688,684",3755,1023
2026-03-16 04:00:27,星期一,"104,688,741",3755,1023
2026-03-16 04:10:24,星期一,"104,688,803",3755,1023
2026-03-16 04:20:24,星期一,"104,688,862",3755,1023
2026-03-16 04:30:24,星期一,"104,688,915",3755,1023
2026-03-16 04:40:25,星期一,"104,688,974",3755,1023
2026-03-16 04:50:45,星期一,"104,689,032",3755,1023
2026-03-16 05:00:26,星期一,"104,689,111",3755,1023
2026-03-16 05:10:24,星期一,"104,689,174",3755,1023
2026-03-16 05:20:25,星期一,"104,689,248",3755,1023
2026-03-16 05:30:24,星期一,"104,689,335",3755,1023
2026-03-16 05:40:25,星期一,"104,689,442",3755,1023
2026-03-16 05:50:26,星期一,"104,689,574",3755,1023
2026-03-16 06:00:25,星期一,"104,689,751",3755,1023
2026-03-16 06:10:26,星期一,"104,689,898",3755,1023
2026-03-16 06:20:25,星期一,"104,690,013",3755,1023
2026-03-16 06:30:24,星期一,"104,690,198",3755,1023
2026-03-16 06:40:24,星期一,"104,690,479",3755,1023
2026-03-16 06:50:25,星期一,"104,690,836",3755,1023
2026-03-16 07:00:27,星期一,"104,691,299",3755,1023
2026-03-16 07:10:24,星期一,"104,691,853",3755,1023
2026-03-16 07:20:23,星期一,"104,692,465",3755,1023
2026-03-16 07:40:25,星期一,"104,693,973",3755,1023
2026-03-16 07:50:25,星期一,"104,694,861",3755,1023
2026-03-16 08:00:26,星期一,"104,695,873",3755,1023
2026-03-16 08:10:26,星期一,"104,696,860",3755,1023
2026-03-16 08:20:25,星期一,"104,697,685",3755,1023
2026-03-16 08:30:25,星期一,"104,698,492",3755,1023
2026-03-16 08:40:26,星期一,"104,699,351",3755,1023
2026-03-16 08:50:28,星期一,"104,700,170",3755,1023
2026-03-16 09:00:24,星期一,"104,700,998",3755,1023
2026-03-16 09:10:30,星期一,"104,701,760",3755,1023
2026-03-16 09:20:43,星期一,"104,702,541",3755,1023
2026-03-16 09:30:25,星期一,"104,703,340",3755,1023
2026-03-16 09:40:24,星期一,"104,704,172",3755,1023
2026-03-16 09:50:26,星期一,"104,704,900",3755,1023
2026-03-16 10:01:07,星期一,"104,705,680",3755,1023
2026-03-16 10:10:26,星期一,"104,706,392",3755,1023
2026-03-16 10:20:25,星期一,"104,707,135",3755,1023
2026-03-16 10:30:45,星期一,"104,707,900",3755,1023
2026-03-16 10:40:47,星期一,"104,708,671",3755,1023
2026-03-16 10:50:46,星期一,"104,709,381",3755,1023
2026-03-16 11:00:29,星期一,"104,710,095",3755,1023
2026-03-16 11:10:25,星期一,"104,710,978",3755,1023
2026-03-16 11:20:25,星期一,"104,711,798",3755,1023
2026-03-16 11:30:43,星期一,"104,712,710",3755,1023
2026-03-16 11:40:55,星期一,"104,713,624",3755,1023
2026-03-16 12:00:36,星期一,"104,715,475",3755,1023
2026-03-16 12:10:44,星期一,"104,716,539",3755,1023
2026-03-16 12:20:27,星期一,"104,717,599",3755,1023
2026-03-16 12:30:43,星期一,"104,718,780",3755,1023
2026-03-16 12:40:31,星期一,"104,719,867",3755,1023
2026-03-16 12:50:28,星期一,"104,720,878",3755,1023
2026-03-16 13:00:29,星期一,"104,721,877",3755,1023
2026-03-16 13:10:29,星期一,"104,722,908",3755,1023
2026-03-16 13:20:25,星期一,"104,723,919",3755,1023
2026-03-16 13:30:53,星期一,"104,724,916",3755,1023
2026-03-16 13:41:10,星期一,"104,725,932",3755,1023
2026-03-16 13:50:26,星期一,"104,726,917",3755,1023
2026-03-16 14:00:26,星期一,"104,727,883",3755,1023
2026-03-16 14:10:45,星期一,"104,728,837",3755,1023
2026-03-16 14:20:25,星期一,"104,729,749",3755,1023
2026-03-16 14:30:31,星期一,"104,730,668",3755,1023
2026-03-16 14:40:25,星期一,"104,731,553",3755,1023
2026-03-16 15:10:27,星期一,"104,734,174",3755,1023
2026-03-16 15:20:42,星期一,"104,735,114",3755,1023
2026-03-16 15:30:26,星期一,"104,735,971",3755,1023
2026-03-16 15:40:25,星期一,"104,736,847",3755,1023
2026-03-16 15:50:28,星期一,"104,737,785",3755,1023
2026-03-16 16:00:26,星期一,"104,738,658",3755,1023
2026-03-16 16:10:26,星期一,"104,739,616",3755,1023
2026-03-16 16:21:49,星期一,"104,740,693",3755,1023
2026-03-16 16:30:31,星期一,"104,741,521",3755,1023
2026-03-16 16:40:28,星期一,"104,742,478",3755,1023
2026-03-16 16:50:41,星期一,"104,743,495",3755,1023
2026-03-16 17:00:27,星期一,"104,744,481",3755,1023
2026-03-16 17:20:26,星期一,"104,746,545",3755,1023
2026-03-16 17:40:27,星期一,"104,748,626",3755,1023
2026-03-16 17:50:24,星期一,"104,749,624",3755,1023
2026-03-16 18:10:26,星期一,"104,751,790",3755,1023
2026-03-16 18:20:25,星期一,"104,752,751",3755,1023
2026-03-16 18:30:55,星期一,"104,753,817",3755,1023
2026-03-16 18:50:29,星期一,"104,755,690",3755,1023
2026-03-16 19:00:26,星期一,"104,756,611",3755,1023
2026-03-16 19:10:30,星期一,"104,757,561",3755,1023
2026-03-16 19:20:31,星期一,"104,758,502",3755,1023
2026-03-16 19:30:26,星期一,"104,759,436",3755,1023
2026-03-16 19:40:25,星期一,"104,760,337",3755,1023
2026-03-16 19:50:43,星期一,"104,761,250",3755,1023
2026-03-16 20:00:48,星期一,"104,762,154",3755,1023
2026-03-16 20:10:26,星期一,"104,762,970",3755,1023
2026-03-16 20:30:25,星期一,"104,764,662",3755,1023
2026-03-16 20:40:33,星期一,"104,765,538",3755,1023
2026-03-16 20:50:51,星期一,"104,766,364",3755,1023
2026-03-16 21:00:42,星期一,"104,767,142",3755,1023
2026-03-16 21:10:34,星期一,"104,767,912",3755,1023
2026-03-16 21:20:26,星期一,"104,768,647",3755,1023
2026-03-16 21:30:29,星期一,"104,769,376",3755,1023
2026-03-16 21:40:46,星期一,"104,770,089",3755,1023
2026-03-16 21:50:42,星期一,"104,770,722",3755,1023
2026-03-16 22:00:27,星期一,"104,771,315",3755,1023
2026-03-16 22:10:45,星期一,"104,772,044",3755,1023
2026-03-16 22:21:29,星期一,"104,772,825",3755,1023
2026-03-16 22:40:32,星期一,"104,774,028",3755,1023
2026-03-16 22:50:49,星期一,"104,774,623",3755,1023
2026-03-16 23:00:29,星期一,"104,775,128",3755,1023
2026-03-16 23:10:43,星期一,"104,775,718",3755,1023
2026-03-16 23:20:26,星期一,"104,776,252",3755,1023
2026-03-16 23:30:29,星期一,"104,776,744",3755,1023
2026-03-16 23:40:41,星期一,"104,777,166",3755,1023
2026-03-16 23:50:25,星期一,"104,777,540",3755,1023
2026-03-17 00:00:40,星期二,"104,777,850",3755,1023
2026-03-17 00:10:26,星期二,"104,778,510",3755,1023
2026-03-17 00:20:46,星期二,"104,779,161",3755,1023
2026-03-17 00:30:26,星期二,"104,779,650",3755,1023
2026-03-17 00:40:34,星期二,"104,780,080",3755,1023
2026-03-17 00:50:32,星期二,"104,780,433",3755,1023
2026-03-17 01:00:31,星期二,"104,780,706",3755,1023
2026-03-17 01:10:32,星期二,"104,781,014",3755,1023
2026-03-17 01:20:25,星期二,"104,781,274",3755,1023
2026-03-17 01:30:28,星期二,"104,781,501",3755,1023
2026-03-17 01:40:24,星期二,"104,781,720",3755,1023
2026-03-17 01:50:24,星期二,"104,781,922",3755,1023
2026-03-17 02:01:46,星期二,"104,782,112",3755,1023
2026-03-17 02:10:31,星期二,"104,782,254",3755,1023
2026-03-17 02:20:31,星期二,"104,782,371",3755,1023
2026-03-17 02:30:25,星期二,"104,782,496",3755,1023
2026-03-17 02:40:25,星期二,"104,782,621",3755,1023
2026-03-17 02:50:25,星期二,"104,782,718",3755,1023
2026-03-17 03:00:25,星期二,"104,782,805",3755,1023
2026-03-17 03:10:24,星期二,"104,782,903",3755,1023
2026-03-17 03:20:24,星期二,"104,782,990",3755,1023
2026-03-17 03:30:24,星期二,"104,783,059",3755,1023
2026-03-17 03:40:25,星期二,"104,783,124",3755,1023
2026-03-17 04:00:31,星期二,"104,783,256",3755,1023
2026-03-17 04:11:03,星期二,"104,783,321",3755,1023
2026-03-17 04:30:50,星期二,"104,783,437",3755,1023
2026-03-17 04:40:25,星期二,"104,783,496",3755,1023
2026-03-17 04:50:25,星期二,"104,783,554",3755,1023
2026-03-17 05:00:45,星期二,"104,783,601",3755,1023
2026-03-17 05:10:25,星期二,"104,783,667",3755,1023
2026-03-17 05:20:25,星期二,"104,783,736",3755,1023
2026-03-17 05:30:26,星期二,"104,783,810",3755,1023
2026-03-17 05:40:26,星期二,"104,783,883",3755,1023
2026-03-17 05:50:25,星期二,"104,784,001",3755,1023
2026-03-17 06:00:24,星期二,"104,784,154",3755,1023
2026-03-17 06:10:50,星期二,"104,784,300",3755,1023
2026-03-17 06:20:32,星期二,"104,784,432",3755,1023
2026-03-17 06:30:25,星期二,"104,784,573",3755,1023
2026-03-17 06:40:27,星期二,"104,784,782",3755,1023
2026-03-17 07:00:26,星期二,"104,785,491",3755,1023
2026-03-17 07:10:24,星期二,"104,785,977",3755,1023
2026-03-17 07:20:25,星期二,"104,786,520",3755,1023
2026-03-17 07:30:25,星期二,"104,787,189",3755,1023
2026-03-17 07:40:24,星期二,"104,787,911",3755,1023
2026-03-17 08:00:26,星期二,"104,789,889",3755,1023
2026-03-17 08:10:24,星期二,"104,790,910",3755,1023
2026-03-17 08:20:24,星期二,"104,791,766",3755,1023
2026-03-17 08:30:26,星期二,"104,792,607",3755,1023
2026-03-17 08:40:26,星期二,"104,793,448",3755,1023
2026-03-17 08:50:24,星期二,"104,794,209",3755,1023
2026-03-17 09:10:26,星期二,"104,795,803",3755,1023
2026-03-17 09:20:47,星期二,"104,796,615",3755,1023
2026-03-17 09:30:27,星期二,"104,797,373",3755,1023
2026-03-17 09:40:26,星期二,"104,798,160",3755,1023
2026-03-17 09:50:25,星期二,"104,798,912",3755,1023
2026-03-17 10:00:26,星期二,"104,799,702",3755,1023
2026-03-17 10:10:25,星期二,"104,800,495",3755,1023
2026-03-17 10:20:40,星期二,"104,801,289",3755,1023
2026-03-17 10:30:25,星期二,"104,802,046",3755,1023
2026-03-17 10:40:26,星期二,"104,802,836",3755,1023
2026-03-17 10:50:26,星期二,"104,803,636",3755,1023
2026-03-17 11:00:45,星期二,"104,804,342",3755,1023
2026-03-17 11:10:24,星期二,"104,805,192",3755,1023
2026-03-17 11:20:30,星期二,"104,806,108",3755,1023
2026-03-17 11:30:26,星期二,"104,807,024",3755,1023
2026-03-17 11:40:30,星期二,"104,807,881",3755,1023
2026-03-17 11:50:31,星期二,"104,808,706",3755,1023
2026-03-17 12:00:32,星期二,"104,809,735",3755,1023
2026-03-17 12:10:24,星期二,"104,810,810",3755,1023
2026-03-17 12:20:44,星期二,"104,811,868",3755,1023
2026-03-17 12:30:29,星期二,"104,812,957",3755,1023
2026-03-17 12:41:29,星期二,"104,814,179",3755,1023
2026-03-17 13:00:42,星期二,"104,816,194",3755,1023
2026-03-17 13:10:27,星期二,"104,817,208",3755,1023
2026-03-17 13:20:25,星期二,"104,818,154",3755,1023
2026-03-17 13:30:27,星期二,"104,819,193",3755,1023
2026-03-17 13:40:30,星期二,"104,820,232",3755,1023
2026-03-17 13:50:25,星期二,"104,821,229",3755,1023
2026-03-17 14:00:25,星期二,"104,822,198",3755,1023
2026-03-17 14:10:42,星期二,"104,823,239",3755,1023
2026-03-17 14:20:30,星期二,"104,824,113",3755,1023
2026-03-17 14:30:32,星期二,"104,825,060",3755,1023
2026-03-17 14:40:25,星期二,"104,825,929",3755,1023
2026-03-17 14:50:47,星期二,"104,826,882",3755,1023
2026-03-17 15:00:44,星期二,"104,827,789",3755,1023
2026-03-17 15:10:26,星期二,"104,828,702",3755,1023
2026-03-17 15:20:48,星期二,"104,829,667",3755,1023
2026-03-17 15:30:25,星期二,"104,830,541",3755,1023
2026-03-17 15:40:44,星期二,"104,831,501",3755,1023
2026-03-17 15:50:27,星期二,"104,832,393",3755,1023
2026-03-17 16:00:29,星期二,"104,833,417",3755,1023
2026-03-17 16:10:27,星期二,"104,834,343",3755,1023
2026-03-17 16:20:28,星期二,"104,835,361",3755,1023
2026-03-17 16:31:01,星期二,"104,836,468",3755,1023
2026-03-17 16:51:27,星期二,"104,838,610",3755,1023
2026-03-17 17:00:25,星期二,"104,839,521",3755,1023
2026-03-17 17:10:49,星期二,"104,840,642",3755,1023
2026-03-17 17:21:40,星期二,"104,841,820",3755,1023
2026-03-17 17:30:25,星期二,"104,842,768",3755,1023
2026-03-17 17:40:28,星期二,"104,843,792",3755,1023
2026-03-17 17:50:47,星期二,"104,844,904",3755,1023
2026-03-17 18:00:28,星期二,"104,845,935",3755,1023
2026-03-17 18:10:41,星期二,"104,846,906",3755,1023
2026-03-17 18:20:32,星期二,"104,847,957",3755,1023
2026-03-17 18:30:24,星期二,"104,848,938",3755,1023
2026-03-17 18:50:29,星期二,"104,850,864",3755,1023
2026-03-17 19:00:25,星期二,"104,851,852",3755,1023
2026-03-17 19:10:28,星期二,"104,852,803",3755,1023
2026-03-17 19:20:30,星期二,"104,853,693",3755,1023
2026-03-17 19:30:26,星期二,"104,854,631",3755,1023
2026-03-17 19:40:26,星期二,"104,855,445",3755,1023
2026-03-17 19:50:25,星期二,"104,856,351",3755,1023
2026-03-17 20:00:24,星期二,"104,857,227",3755,1023
2026-03-17 20:30:26,星期二,"104,859,722",3755,1023
2026-03-17 20:40:29,星期二,"104,860,629",3755,1023
2026-03-17 20:50:25,星期二,"104,861,303",3755,1023
2026-03-17 21:00:29,星期二,"104,862,150",3755,1023
2026-03-17 21:10:35,星期二,"104,862,941",3755,1023
2026-03-17 21:20:24,星期二,"104,863,677",3755,1023
2026-03-17 21:30:27,星期二,"104,864,480",3755,1023
2026-03-17 21:40:28,星期二,"104,865,219",3755,1023
2026-03-17 21:50:28,星期二,"104,865,898",3755,1023
2026-03-17 22:00:29,星期二,"104,866,523",3755,1023
2026-03-17 22:11:21,星期二,"104,867,351",3755,1023
2026-03-17 22:20:52,星期二,"104,868,034",3755,1023
2026-03-17 22:30:35,星期二,"104,868,646",3755,1023
2026-03-17 22:40:38,星期二,"104,869,323",3755,1023
2026-03-17 22:50:42,星期二,"104,869,930",3755,1023
2026-03-17 23:10:36,星期二,"104,871,009",3755,1023
2026-03-17 23:20:28,星期二,"104,871,620",3755,1023
2026-03-17 23:30:30,星期二,"104,872,163",3755,1023
2026-03-17 23:40:30,星期二,"104,872,595",3755,1023
2026-03-17 23:50:32,星期二,"104,872,999",3755,1023
2026-03-18 00:10:30,星期三,"104,874,027",3755,1023
2026-03-18 00:20:44,星期三,"104,874,703",3755,1023
2026-03-18 00:30:26,星期三,"104,875,170",3755,1023
2026-03-18 00:40:25,星期三,"104,875,574",3755,1023
2026-03-18 00:50:42,星期三,"104,875,884",3755,1023
2026-03-18 01:00:25,星期三,"104,876,197",3755,1023
2026-03-18 01:10:24,星期三,"104,876,517",3755,1023
2026-03-18 01:30:25,星期三,"104,877,035",3755,1023
2026-03-18 01:40:49,星期三,"104,877,241",3755,1023
2026-03-18 01:50:47,星期三,"104,877,391",3755,1023
2026-03-18 02:00:25,星期三,"104,877,547",3755,1023
2026-03-18 02:10:24,星期三,"104,877,687",3755,1023
2026-03-18 02:50:32,星期三,"104,878,223",3755,1023
2026-03-18 03:20:33,星期三,"104,878,495",3755,1023
2026-03-18 03:30:53,星期三,"104,878,561",3755,1023
2026-03-18 03:40:27,星期三,"104,878,622",3755,1023
2026-03-18 03:50:25,星期三,"104,878,706",3755,1023
2026-03-18 04:00:27,星期三,"104,878,763",3755,1023
2026-03-18 04:20:26,星期三,"104,878,856",3755,1023
2026-03-18 04:30:25,星期三,"104,878,904",3755,1023
2026-03-18 04:40:26,星期三,"104,878,969",3755,1023
2026-03-18 05:00:30,星期三,"104,879,094",3755,1023
2026-03-18 05:10:26,星期三,"104,879,156",3755,1023
2026-03-18 05:20:26,星期三,"104,879,210",3755,1023
2026-03-18 05:30:26,星期三,"104,879,295",3755,1023
2026-03-18 05:40:25,星期三,"104,879,377",3755,1023
2026-03-18 05:50:25,星期三,"104,879,495",3755,1023
2026-03-18 06:00:25,星期三,"104,879,651",3755,1023
2026-03-18 06:10:25,星期三,"104,879,775",3755,1023
2026-03-18 06:20:25,星期三,"104,879,906",3755,1023
2026-03-18 06:30:25,星期三,"104,880,076",3755,1023
2026-03-18 06:40:24,星期三,"104,880,315",3755,1023
2026-03-18 06:50:44,星期三,"104,880,644",3755,1023
2026-03-18 07:10:24,星期三,"104,881,548",3755,1023
2026-03-18 07:20:25,星期三,"104,882,064",3755,1023
2026-03-18 07:30:25,星期三,"104,882,712",3755,1023
2026-03-18 07:40:26,星期三,"104,883,481",3755,1023
2026-03-18 07:50:24,星期三,"104,884,390",3755,1023
2026-03-18 08:00:26,星期三,"104,885,394",3755,1023
2026-03-18 08:10:24,星期三,"104,886,400",3755,1023
2026-03-18 08:20:24,星期三,"104,887,220",3755,1023
2026-03-18 08:30:24,星期三,"104,888,110",3755,1023
2026-03-18 08:40:24,星期三,"104,888,936",3755,1023
2026-03-18 08:50:25,星期三,"104,889,754",3755,1023
2026-03-18 09:00:25,星期三,"104,890,527",3755,1023
2026-03-18 09:10:29,星期三,"104,891,335",3756,1023
2026-03-18 09:30:25,星期三,"104,892,978",3756,1023
2026-03-18 09:41:46,星期三,"104,893,856",3756,1023
2026-03-18 09:50:24,星期三,"104,894,527",3756,1023
2026-03-18 10:00:25,星期三,"104,895,305",3756,1023
2026-03-18 10:10:30,星期三,"104,896,064",3756,1023
2026-03-18 10:20:26,星期三,"104,896,777",3756,1023
2026-03-18 10:50:25,星期三,"104,899,111",3756,1023
2026-03-18 11:00:26,星期三,"104,899,880",3756,1023
2026-03-18 11:10:25,星期三,"104,900,792",3756,1023
2026-03-18 11:20:24,星期三,"104,901,744",3756,1023
2026-03-18 11:30:26,星期三,"104,902,609",3756,1023
2026-03-18 11:40:32,星期三,"104,903,566",3756,1023
2026-03-18 11:50:25,星期三,"104,904,480",3756,1023
2026-03-18 12:10:51,星期三,"104,906,523",3756,1023
2026-03-18 12:20:28,星期三,"104,907,614",3756,1023
2026-03-18 12:30:25,星期三,"104,908,721",3756,1023
2026-03-18 12:40:53,星期三,"104,909,849",3756,1023
2026-03-18 12:50:30,星期三,"104,910,882",3756,1023
2026-03-18 13:00:25,星期三,"104,911,969",3756,1023
2026-03-18 13:10:27,星期三,"104,913,050",3756,1023
2026-03-18 13:21:37,星期三,"104,914,226",3756,1023
2026-03-18 13:30:40,星期三,"104,915,084",3756,1023
2026-03-18 13:40:44,星期三,"104,916,201",3756,1023
2026-03-18 13:50:24,星期三,"104,917,232",3756,1023
2026-03-18 14:00:58,星期三,"104,918,381",3756,1023
2026-03-18 14:10:26,星期三,"104,919,304",3756,1023
2026-03-18 14:30:25,星期三,"104,921,221",3756,1023
2026-03-18 14:40:40,星期三,"104,922,137",3756,1023
2026-03-18 14:50:24,星期三,"104,923,043",3756,1023
2026-03-18 15:00:51,星期三,"104,923,971",3756,1023
2026-03-18 15:10:27,星期三,"104,924,875",3756,1023
2026-03-18 15:20:26,星期三,"104,925,795",3756,1023
2026-03-18 15:30:27,星期三,"104,926,753",3756,1023
2026-03-18 15:40:26,星期三,"104,927,682",3756,1023
2026-03-18 15:50:28,星期三,"104,928,740",3756,1023
2026-03-18 16:00:54,星期三,"104,929,824",3756,1023
2026-03-18 16:10:31,星期三,"104,930,795",3756,1023
2026-03-18 16:20:41,星期三,"104,931,809",3756,1023
2026-03-18 16:30:32,星期三,"104,932,816",3756,1023
2026-03-18 16:40:25,星期三,"104,933,888",3756,1023
2026-03-18 16:50:25,星期三,"104,934,942",3756,1023
2026-03-18 17:00:24,星期三,"104,936,040",3756,1023
2026-03-18 17:10:26,星期三,"104,937,102",3756,1023
2026-03-18 17:20:28,星期三,"104,938,174",3756,1023
2026-03-18 17:30:23,星期三,"104,939,250",3756,1023
2026-03-18 17:40:24,星期三,"104,940,404",3756,1023
2026-03-18 17:50:24,星期三,"104,941,510",3756,1023
2026-03-18 18:00:25,星期三,"104,942,598",3756,1023
2026-03-18 18:10:26,星期三,"104,943,575",3756,1023
2026-03-18 18:20:27,星期三,"104,944,649",3756,1023
2026-03-18 18:30:26,星期三,"104,945,725",3756,1023
2026-03-18 18:40:26,星期三,"104,946,752",3756,1023
2026-03-18 18:50:26,星期三,"104,947,777",3756,1023
2026-03-18 19:00:26,星期三,"104,948,773",3756,1023
2026-03-18 19:11:44,星期三,"104,949,856",3756,1023
2026-03-18 19:20:54,星期三,"104,950,760",3756,1023
2026-03-18 19:30:38,星期三,"104,951,709",3756,1023
2026-03-18 19:40:26,星期三,"104,952,617",3756,1023
2026-03-18 20:00:55,星期三,"104,954,554",3756,1023
2026-03-18 20:10:50,星期三,"104,955,459",3756,1023
2026-03-18 20:21:37,星期三,"104,956,458",3756,1023
2026-03-18 20:31:12,星期三,"104,957,288",3756,1023
2026-03-18 20:41:36,星期三,"104,958,261",3756,1023
2026-03-18 20:50:28,星期三,"104,958,981",3756,1023
2026-03-18 21:11:24,星期三,"104,960,695",3756,1023
2026-03-18 21:20:27,星期三,"104,961,409",3756,1023
2026-03-18 21:30:39,星期三,"104,962,258",3756,1023
2026-03-18 21:50:27,星期三,"104,963,687",3756,1023
2026-03-18 22:00:55,星期三,"104,964,369",3756,1023
2026-03-18 22:10:43,星期三,"104,965,138",3756,1023
2026-03-18 22:20:30,星期三,"104,965,921",3756,1023
2026-03-18 22:30:32,星期三,"104,966,595",3756,1023
2026-03-18 22:40:27,星期三,"104,967,296",3756,1023
2026-03-18 22:50:43,星期三,"104,967,920",3756,1023
2026-03-18 23:00:28,星期三,"104,968,505",3756,1023
2026-03-18 23:10:27,星期三,"104,969,171",3756,1023
2026-03-18 23:20:42,星期三,"104,969,820",3756,1023
2026-03-18 23:30:29,星期三,"104,970,354",3756,1023
2026-03-18 23:40:45,星期三,"104,970,801",3756,1023
2026-03-18 23:50:34,星期三,"104,971,248",3756,1023
2026-03-19 00:00:24,星期四,"104,971,625",3756,1023
2026-03-19 00:10:30,星期四,"104,972,295",3756,1023
2026-03-19 00:20:29,星期四,"104,972,963",3756,1023
2026-03-19 00:30:25,星期四,"104,973,478",3756,1023
2026-03-19 00:40:24,星期四,"104,973,894",3756,1023
2026-03-19 00:50:27,星期四,"104,974,256",3756,1023
2026-03-19 01:00:25,星期四,"104,974,574",3756,1023
2026-03-19 01:20:27,星期四,"104,975,194",3756,1023
2026-03-19 01:30:28,星期四,"104,975,441",3756,1023
2026-03-19 01:40:25,星期四,"104,975,656",3756,1023
2026-03-19 01:50:24,星期四,"104,975,852",3756,1023
2026-03-19 02:00:24,星期四,"104,976,027",3756,1023
2026-03-19 02:10:26,星期四,"104,976,213",3756,1023
2026-03-19 02:20:23,星期四,"104,976,351",3756,1023
2026-03-19 02:30:26,星期四,"104,976,496",3756,1023
2026-03-19 02:40:31,星期四,"104,976,610",3756,1023
2026-03-19 02:50:32,星期四,"104,976,718",3756,1023
2026-03-19 03:00:31,星期四,"104,976,845",3756,1023
2026-03-19 03:10:32,星期四,"104,976,959",3756,1023
2026-03-19 03:20:32,星期四,"104,977,043",3756,1023
2026-03-19 03:30:35,星期四,"104,977,117",3756,1023
2026-03-19 03:40:31,星期四,"104,977,171",3756,1023
2026-03-19 03:50:32,星期四,"104,977,244",3756,1023
2026-03-19 04:00:31,星期四,"104,977,307",3756,1023
2026-03-19 04:10:26,星期四,"104,977,372",3756,1023
2026-03-19 04:20:26,星期四,"104,977,434",3756,1023
2026-03-19 04:30:25,星期四,"104,977,483",3756,1023
2026-03-19 04:40:26,星期四,"104,977,525",3756,1023
2026-03-19 04:50:58,星期四,"104,977,588",3756,1023
2026-03-19 05:00:26,星期四,"104,977,636",3756,1023
2026-03-19 05:10:25,星期四,"104,977,702",3756,1023
2026-03-19 05:20:26,星期四,"104,977,758",3756,1023
2026-03-19 05:30:26,星期四,"104,977,838",3756,1023
2026-03-19 05:40:26,星期四,"104,977,932",3756,1023
2026-03-19 05:50:26,星期四,"104,978,049",3756,1023
2026-03-19 06:00:26,星期四,"104,978,204",3756,1023
2026-03-19 06:10:24,星期四,"104,978,349",3756,1023
2026-03-19 06:20:24,星期四,"104,978,478",3756,1023
2026-03-19 06:30:23,星期四,"104,978,672",3756,1023
2026-03-19 06:40:25,星期四,"104,978,926",3756,1023
2026-03-19 06:50:24,星期四,"104,979,249",3756,1023
2026-03-19 07:10:25,星期四,"104,980,267",3756,1023
2026-03-19 07:20:30,星期四,"104,980,831",3756,1023
2026-03-19 07:30:24,星期四,"104,981,530",3756,1023
2026-03-19 07:40:24,星期四,"104,982,397",3756,1023
2026-03-19 07:50:24,星期四,"104,983,313",3756,1023
2026-03-19 08:01:43,星期四,"104,984,577",3756,1023
2026-03-19 08:10:31,星期四,"104,985,469",3756,1023
2026-03-19 08:20:24,星期四,"104,986,396",3756,1023
2026-03-19 08:30:24,星期四,"104,987,294",3756,1023
2026-03-19 08:40:23,星期四,"104,988,188",3756,1023
2026-03-19 08:50:26,星期四,"104,989,024",3756,1023
2026-03-19 09:00:24,星期四,"104,989,816",3756,1023
2026-03-19 09:10:24,星期四,"104,990,620",3760,1025
2026-03-19 09:20:25,星期四,"104,991,480",3760,1025
2026-03-19 09:30:25,星期四,"104,992,277",3760,1025
2026-03-19 09:40:46,星期四,"104,993,081",3760,1025
2026-03-19 09:50:23,星期四,"104,993,841",3760,1025
2026-03-19 10:00:25,星期四,"104,994,626",3760,1025
2026-03-19 10:10:45,星期四,"104,995,419",3760,1025
2026-03-19 10:20:24,星期四,"104,996,155",3760,1025
2026-03-19 10:30:27,星期四,"104,996,948",3760,1025
2026-03-19 10:40:30,星期四,"104,997,728",3760,1025
2026-03-19 10:50:25,星期四,"104,998,534",3760,1025
2026-03-19 11:00:29,星期四,"104,999,312",3760,1025
2026-03-19 11:10:25,星期四,"105,000,192",3760,1025
2026-03-19 11:20:26,星期四,"105,001,153",3760,1025
2026-03-19 11:30:25,星期四,"105,002,083",3760,1025
2026-03-19 11:40:25,星期四,"105,002,003",3760,1025
2026-03-19 11:50:25,星期四,"105,003,975",3760,1025
2026-03-19 12:00:41,星期四,"105,004,968",3760,1025
2026-03-19 12:10:30,星期四,"105,006,067",3760,1025
2026-03-19 12:20:42,星期四,"105,007,189",3760,1025
2026-03-19 12:30:29,星期四,"105,008,294",3760,1025
2026-03-19 12:40:29,星期四,"105,009,392",3760,1025
2026-03-19 12:50:24,星期四,"105,010,462",3760,1025
2026-03-19 13:00:51,星期四,"105,011,571",3760,1025
2026-03-19 13:10:45,星期四,"105,012,622",3760,1025
2026-03-19 13:20:25,星期四,"105,013,640",3760,1025
2026-03-19 13:30:27,星期四,"105,014,691",3760,1025
2026-03-19 13:40:25,星期四,"105,015,750",3760,1025
2026-03-19 13:50:29,星期四,"105,016,801",3760,1025
2026-03-19 14:00:27,星期四,"105,017,817",3760,1025
2026-03-19 14:10:27,星期四,"105,018,809",3760,1025
2026-03-19 14:20:25,星期四,"105,019,750",3760,1025
2026-03-19 14:30:29,星期四,"105,020,704",3760,1025
2026-03-19 14:40:27,星期四,"105,021,551",3760,1025
2026-03-19 14:50:26,星期四,"105,022,483",3760,1025
2026-03-19 15:00:43,星期四,"105,023,469",3760,1025
2026-03-19 15:10:26,星期四,"105,024,344",3760,1025
2026-03-19 15:20:29,星期四,"105,025,299",3760,1025
2026-03-19 15:30:26,星期四,"105,026,201",3760,1025
2026-03-19 15:40:26,星期四,"105,027,080",3760,1025
2026-03-19 15:50:27,星期四,"105,028,055",3760,1025
2026-03-19 16:00:46,星期四,"105,029,021",3760,1025
2026-03-19 16:10:26,星期四,"105,029,948",3760,1025
2026-03-19 16:20:27,星期四,"105,030,905",3760,1025
2026-03-19 16:30:27,星期四,"105,031,927",3760,1025
2026-03-19 16:40:25,星期四,"105,032,992",3760,1025
2026-03-19 16:50:26,星期四,"105,034,022",3760,1025
2026-03-19 17:00:26,星期四,"105,035,078",3760,1025
2026-03-19 17:10:46,星期四,"105,036,165",3760,1025
2026-03-19 17:20:24,星期四,"105,037,274",3760,1025
2026-03-19 17:30:46,星期四,"105,038,395",3760,1025
2026-03-19 17:40:25,星期四,"105,039,470",3760,1025
2026-03-19 17:50:27,星期四,"105,040,576",3760,1025
2026-03-19 18:00:27,星期四,"105,041,621",3760,1025
2026-03-19 18:10:24,星期四,"105,042,674",3760,1025
2026-03-19 18:20:29,星期四,"105,043,621",3760,1025
2026-03-19 18:30:47,星期四,"105,044,602",3760,1025
2026-03-19 18:40:43,星期四,"105,045,516",3760,1025
2026-03-19 18:50:24,星期四,"105,046,490",3760,1025
2026-03-19 19:00:31,星期四,"105,047,429",3760,1025
2026-03-19 19:10:38,星期四,"105,048,413",3760,1025
2026-03-19 19:20:26,星期四,"105,049,279",3760,1025
2026-03-19 19:30:25,星期四,"105,050,161",3760,1025
2026-03-19 19:40:27,星期四,"105,051,011",3760,1025
2026-03-19 19:50:58,星期四,"105,051,918",3760,1025
2026-03-19 20:00:45,星期四,"105,052,740",3760,1025
2026-03-19 20:10:56,星期四,"105,053,615",3760,1025
2026-03-19 20:20:30,星期四,"105,054,415",3760,1025
2026-03-19 20:30:31,星期四,"105,055,279",3760,1025
2026-03-19 20:40:32,星期四,"105,056,060",3760,1025
2026-03-19 20:50:36,星期四,"105,056,887",3760,1025
2026-03-19 21:00:45,星期四,"105,057,693",3760,1025
2026-03-19 21:10:25,星期四,"105,058,520",3760,1025
2026-03-19 21:20:26,星期四,"105,059,286",3760,1025
2026-03-19 21:30:31,星期四,"105,060,030",3760,1025
2026-03-19 21:40:43,星期四,"105,060,756",3760,1025
2026-03-19 21:50:26,星期四,"105,061,435",3760,1025
2026-03-19 22:00:40,星期四,"105,062,071",3760,1025
2026-03-19 22:10:27,星期四,"105,062,843",3760,1025
2026-03-19 22:20:36,星期四,"105,063,640",3760,1025
2026-03-19 22:30:34,星期四,"105,064,313",3760,1025
2026-03-19 22:40:47,星期四,"105,064,976",3760,1025
2026-03-19 22:50:26,星期四,"105,065,635",3760,1025
2026-03-19 23:00:29,星期四,"105,066,205",3760,1025
2026-03-19 23:10:27,星期四,"105,066,829",3760,1025
2026-03-19 23:20:47,星期四,"105,067,511",3760,1025
2026-03-19 23:30:25,星期四,"105,068,118",3760,1025
2026-03-19 23:40:29,星期四,"105,068,617",3760,1025
2026-03-19 23:50:47,星期四,"105,069,039",3760,1025
2026-03-20 00:00:52,星期五,"105,069,402",3760,1025
2026-03-20 00:10:29,星期五,"105,070,114",3760,1025
2026-03-20 00:20:26,星期五,"105,070,759",3760,1025
2026-03-20 00:30:29,星期五,"105,071,326",3760,1025
2026-03-20 00:40:27,星期五,"105,071,781",3760,1025
2026-03-20 00:50:28,星期五,"105,072,146",3760,1025
2026-03-20 01:00:26,星期五,"105,072,443",3760,1025
2026-03-20 01:10:25,星期五,"105,072,793",3760,1025
2026-03-20 01:20:25,星期五,"105,073,070",3760,1025
2026-03-20 01:30:25,星期五,"105,073,318",3760,1025
2026-03-20 01:40:24,星期五,"105,073,541",3760,1025
2026-03-20 01:50:27,星期五,"105,073,722",3760,1025
2026-03-20 02:00:24,星期五,"105,073,893",3760,1025
2026-03-20 02:10:24,星期五,"105,074,056",3760,1025
2026-03-20 02:20:46,星期五,"105,074,240",3760,1025
2026-03-20 02:30:25,星期五,"105,074,380",3760,1025
2026-03-20 02:40:24,星期五,"105,074,517",3760,1025
2026-03-20 02:50:25,星期五,"105,074,645",3760,1025
2026-03-20 03:00:26,星期五,"105,074,738",3760,1025
2026-03-20 03:10:22,星期五,"105,074,847",3760,1025
2026-03-20 03:20:25,星期五,"105,074,943",3760,1025
2026-03-20 03:30:24,星期五,"105,075,019",3760,1025
2026-03-20 03:40:25,星期五,"105,075,096",3760,1025
2026-03-20 03:50:24,星期五,"105,075,169",3760,1025
2026-03-20 04:00:24,星期五,"105,075,232",3760,1025
2026-03-20 04:10:23,星期五,"105,075,286",3760,1025
2026-03-20 04:20:24,星期五,"105,075,341",3760,1025
2026-03-20 04:30:24,星期五,"105,075,394",3760,1025
2026-03-20 04:40:24,星期五,"105,075,466",3760,1025
2026-03-20 04:50:24,星期五,"105,075,526",3760,1025
2026-03-20 05:00:25,星期五,"105,075,589",3760,1025
2026-03-20 05:10:25,星期五,"105,075,653",3760,1025
2026-03-20 05:20:26,星期五,"105,075,726",3760,1025
2026-03-20 05:30:25,星期五,"105,075,814",3760,1025
2026-03-20 05:40:26,星期五,"105,075,901",3760,1025
2026-03-20 05:50:25,星期五,"105,076,025",3760,1025
2026-03-20 06:00:25,星期五,"105,076,182",3760,1025
2026-03-20 06:10:25,星期五,"105,076,316",3760,1025
2026-03-20 06:20:25,星期五,"105,076,437",3760,1025
2026-03-20 06:30:25,星期五,"105,076,628",3760,1025
2026-03-20 06:40:48,星期五,"105,076,899",3760,1025
2026-03-20 06:50:46,星期五,"105,077,236",3760,1025
2026-03-20 07:00:24,星期五,"105,077,699",3760,1025
2026-03-20 07:10:24,星期五,"105,078,195",3760,1025
2026-03-20 07:20:25,星期五,"105,078,754",3760,1025
2026-03-20 07:30:24,星期五,"105,079,443",3760,1025
2026-03-20 07:40:24,星期五,"105,080,216",3760,1025
2026-03-20 07:50:25,星期五,"105,081,145",3760,1025
2026-03-20 08:00:26,星期五,"105,082,242",3760,1025
2026-03-20 08:10:24,星期五,"105,083,308",3760,1025
2026-03-20 08:20:25,星期五,"105,084,196",3760,1025
2026-03-20 08:30:24,星期五,"105,085,032",3760,1025
2026-03-20 08:40:27,星期五,"105,085,818",3760,1025
2026-03-20 08:50:24,星期五,"105,086,607",3760,1025
2026-03-20 09:00:26,星期五,"105,087,441",3761,1025
2026-03-20 09:10:25,星期五,"105,088,261",3761,1025
2026-03-20 09:20:25,星期五,"105,089,055",3761,1025
2026-03-20 09:40:26,星期五,"105,090,669",3761,1025
2026-03-20 09:50:25,星期五,"105,091,408",3761,1025
2026-03-20 10:00:26,星期五,"105,092,130",3761,1025
2026-03-20 10:10:26,星期五,"105,092,914",3761,1025
2026-03-20 10:20:24,星期五,"105,093,716",3761,1025
2026-03-20 10:30:24,星期五,"105,094,515",3761,1025
2026-03-20 10:40:27,星期五,"105,095,292",3761,1025
2026-03-20 10:50:24,星期五,"105,096,073",3761,1025
2026-03-20 11:00:47,星期五,"105,096,817",3761,1025
2026-03-20 11:10:26,星期五,"105,097,706",3761,1025
2026-03-20 11:20:23,星期五,"105,098,699",3761,1025
2026-03-20 11:30:25,星期五,"105,099,636",3761,1025
2026-03-20 11:40:25,星期五,"105,100,589",3761,1025
2026-03-20 11:50:26,星期五,"105,101,553",3761,1025
2026-03-20 12:00:24,星期五,"105,102,574",3761,1025
2026-03-20 12:10:26,星期五,"105,103,692",3761,1025
2026-03-20 12:20:25,星期五,"105,104,942",3761,1025
2026-03-20 12:30:35,星期五,"105,106,144",3761,1025
2026-03-20 12:40:26,星期五,"105,107,258",3761,1025
2026-03-20 12:50:26,星期五,"105,108,435",3761,1025
2026-03-20 13:00:54,星期五,"105,109,623",3761,1025
2026-03-20 13:10:27,星期五,"105,110,655",3761,1025
2026-03-20 13:20:42,星期五,"105,111,794",3761,1025
2026-03-20 13:30:25,星期五,"105,112,888",3761,1025
2026-03-20 13:40:25,星期五,"105,114,007",3761,1025
2026-03-20 13:50:25,星期五,"105,115,051",3761,1025
2026-03-20 14:00:42,星期五,"105,116,292",3761,1025
2026-03-20 14:10:28,星期五,"105,117,322",3761,1025
2026-03-20 14:20:34,星期五,"105,118,377",3761,1025
2026-03-20 14:30:25,星期五,"105,119,362",3761,1025
2026-03-20 14:40:24,星期五,"105,120,392",3761,1025
2026-03-20 14:50:24,星期五,"105,121,393",3761,1025
2026-03-20 15:00:27,星期五,"105,122,451",3761,1025
2026-03-20 15:10:25,星期五,"105,123,486",3761,1025
2026-03-20 15:20:25,星期五,"105,124,523",3761,1025
2026-03-20 15:30:25,星期五,"105,125,620",3761,1025
2026-03-20 15:40:47,星期五,"105,126,754",3761,1025
2026-03-20 15:50:29,星期五,"105,127,787",3761,1025
2026-03-20 16:00:25,星期五,"105,128,881",3761,1025
2026-03-20 16:10:41,星期五,"105,129,970",3761,1025
2026-03-20 16:20:25,星期五,"105,131,056",3761,1025
2026-03-20 16:30:27,星期五,"105,132,192",3761,1025
2026-03-20 16:40:25,星期五,"105,133,275",3761,1025
2026-03-20 16:50:27,星期五,"105,134,457",3761,1025
2026-03-20 17:00:27,星期五,"105,135,575",3761,1025
2026-03-20 17:10:41,星期五,"105,136,720",3761,1025
2026-03-20 17:20:25,星期五,"105,137,779",3761,1025
2026-03-20 17:30:26,星期五,"105,138,914",3761,1025
2026-03-20 17:40:26,星期五,"105,130,015",3761,1025
2026-03-20 17:50:25,星期五,"105,141,120",3761,1025
2026-03-20 18:00:25,星期五,"105,142,175",3761,1025
2026-03-20 18:10:41,星期五,"105,143,204",3761,1025
2026-03-20 18:20:27,星期五,"105,144,232",3761,1025
2026-03-20 18:30:47,星期五,"105,145,287",3761,1025
2026-03-20 18:40:51,星期五,"105,146,316",3761,1025
2026-03-20 18:50:27,星期五,"105,147,317",3761,1025
2026-03-20 19:00:25,星期五,"105,148,352",3761,1025
2026-03-20 19:10:25,星期五,"105,149,373",3761,1025
2026-03-20 19:20:28,星期五,"105,150,371",3761,1025
2026-03-20 19:30:27,星期五,"105,151,303",3761,1025
2026-03-20 19:40:24,星期五,"105,152,230",3761,1025
2026-03-20 19:50:29,星期五,"105,153,185",3761,1025
2026-03-20 20:00:43,星期五,"105,154,148",3761,1025
2026-03-20 20:10:26,星期五,"105,154,997",3761,1025
2026-03-20 20:20:46,星期五,"105,155,930",3761,1025
2026-03-20 20:30:48,星期五,"105,156,918",3761,1025
2026-03-20 20:40:29,星期五,"105,157,790",3761,1025
2026-03-20 20:50:51,星期五,"105,158,752",3761,1025
2026-03-20 21:00:26,星期五,"105,159,597",3761,1025
2026-03-20 21:10:42,星期五,"105,160,530",3761,1025
2026-03-20 21:20:32,星期五,"105,161,408",3761,1025
2026-03-20 21:30:27,星期五,"105,162,314",3761,1025
2026-03-20 21:40:26,星期五,"105,163,168",3761,1025
2026-03-20 21:50:30,星期五,"105,164,056",3761,1025
2026-03-20 22:00:30,星期五,"105,164,808",3761,1025
2026-03-20 22:10:26,星期五,"105,165,738",3761,1025
2026-03-20 22:20:25,星期五,"105,166,660",3761,1025
2026-03-20 22:30:25,星期五,"105,167,543",3761,1025
2026-03-20 22:40:29,星期五,"105,168,371",3761,1025
2026-03-20 22:50:43,星期五,"105,169,146",3761,1025
2026-03-20 23:00:46,星期五,"105,169,839",3761,1025
2026-03-20 23:10:26,星期五,"105,170,588",3761,1025
2026-03-20 23:20:47,星期五,"105,171,354",3761,1025
2026-03-20 23:30:25,星期五,"105,172,017",3761,1025
2026-03-20 23:40:28,星期五,"105,172,510",3761,1025
2026-03-20 23:50:26,星期五,"105,173,140",3761,1025
2026-03-21 00:00:26,星期六,"105,173,653",3761,1025
2026-03-21 00:10:27,星期六,"105,174,514",3761,1025
2026-03-21 00:20:25,星期六,"105,175,310",3761,1025
2026-03-21 00:30:27,星期六,"105,176,020",3761,1025
2026-03-21 00:40:29,星期六,"105,176,568",3761,1025
2026-03-21 00:50:30,星期六,"105,177,068",3761,1025
2026-03-21 01:00:43,星期六,"105,177,497",3761,1025
2026-03-21 01:10:24,星期六,"105,177,926",3761,1025
2026-03-21 01:20:29,星期六,"105,178,308",3761,1025
2026-03-21 01:30:24,星期六,"105,178,637",3761,1025
2026-03-21 01:40:29,星期六,"105,178,983",3761,1025
2026-03-21 01:50:45,星期六,"105,179,262",3761,1025
2026-03-21 02:00:29,星期六,"105,179,491",3761,1025
2026-03-21 02:10:29,星期六,"105,179,748",3761,1025
2026-03-21 02:20:43,星期六,"105,179,996",3761,1025
2026-03-21 02:30:24,星期六,"105,180,199",3761,1025
2026-03-21 02:40:24,星期六,"105,180,360",3761,1025
2026-03-21 02:50:24,星期六,"105,180,519",3761,1025
2026-03-21 03:00:24,星期六,"105,180,660",3761,1025
2026-03-21 03:10:26,星期六,"105,180,810",3761,1025
2026-03-21 03:20:25,星期六,"105,180,919",3761,1025
2026-03-21 03:30:24,星期六,"105,181,035",3761,1025
2026-03-21 03:40:26,星期六,"105,181,146",3761,1025
2026-03-21 03:50:44,星期六,"105,181,231",3761,1025
2026-03-21 04:00:26,星期六,"105,181,322",3761,1025
2026-03-21 04:10:25,星期六,"105,181,412",3761,1025
2026-03-21 04:20:25,星期六,"105,181,488",3761,1025
2026-03-21 04:30:24,星期六,"105,181,560",3761,1025
2026-03-21 04:40:25,星期六,"105,181,646",3761,1025
2026-03-21 04:50:24,星期六,"105,181,722",3761,1025
2026-03-21 05:00:25,星期六,"105,181,785",3761,1025
2026-03-21 05:10:41,星期六,"105,181,878",3761,1025
2026-03-21 05:20:25,星期六,"105,181,977",3761,1025
2026-03-21 05:30:23,星期六,"105,182,072",3761,1025
2026-03-21 05:40:50,星期六,"105,182,189",3761,1025
2026-03-21 05:50:25,星期六,"105,182,321",3761,1025
2026-03-21 06:00:25,星期六,"105,182,476",3761,1025
2026-03-21 06:10:25,星期六,"105,182,605",3761,1025
2026-03-21 06:20:25,星期六,"105,182,715",3761,1025
2026-03-21 06:30:24,星期六,"105,182,901",3761,1025
2026-03-21 06:40:24,星期六,"105,183,102",3761,1025
2026-03-21 06:50:26,星期六,"105,183,387",3761,1025
2026-03-21 07:00:25,星期六,"105,183,745",3761,1025
2026-03-21 07:10:24,星期六,"105,184,055",3761,1025
2026-03-21 07:20:25,星期六,"105,184,412",3761,1025
2026-03-21 07:30:25,星期六,"105,184,844",3761,1025
2026-03-21 07:40:24,星期六,"105,185,377",3761,1025
2026-03-21 07:50:26,星期六,"105,186,029",3761,1025
2026-03-21 08:00:26,星期六,"105,186,713",3761,1025
2026-03-21 08:10:35,星期六,"105,187,370",3761,1025
2026-03-21 08:20:25,星期六,"105,187,927",3761,1025
2026-03-21 08:30:25,星期六,"105,188,510",3761,1025
2026-03-21 08:40:24,星期六,"105,189,189",3761,1025
2026-03-21 08:50:25,星期六,"105,189,851",3761,1025
2026-03-21 09:00:26,星期六,"105,190,580",3761,1025
2026-03-21 09:10:24,星期六,"105,191,312",3761,1025
2026-03-21 09:20:25,星期六,"105,192,165",3761,1025
2026-03-21 09:30:26,星期六,"105,193,054",3761,1025
2026-03-21 09:40:25,星期六,"105,193,968",3761,1025
2026-03-21 09:50:26,星期六,"105,194,971",3761,1025
2026-03-21 10:00:29,星期六,"105,195,885",3761,1025
2026-03-21 10:10:24,星期六,"105,196,851",3761,1025
2026-03-21 10:20:28,星期六,"105,197,853",3761,1025
2026-03-21 10:30:25,星期六,"105,198,866",3761,1025
2026-03-21 10:40:24,星期六,"105,199,966",3761,1025
2026-03-21 10:50:24,星期六,"105,201,027",3761,1025
2026-03-21 11:00:29,星期六,"105,202,093",3761,1025
2026-03-21 11:10:24,星期六,"105,203,261",3761,1025
2026-03-21 11:20:45,星期六,"105,204,504",3761,1025
2026-03-21 11:30:27,星期六,"105,205,626",3761,1025
2026-03-21 11:40:24,星期六,"105,206,755",3761,1025
2026-03-21 11:50:55,星期六,"105,207,946",3761,1025
2026-03-21 12:00:25,星期六,"105,209,033",3761,1025
2026-03-21 12:10:26,星期六,"105,210,242",3761,1025
2026-03-21 12:20:23,星期六,"105,211,453",3761,1025
2026-03-21 12:30:26,星期六,"105,212,648",3761,1025
2026-03-21 12:40:58,星期六,"105,213,884",3761,1025
2026-03-21 12:50:24,星期六,"105,215,045",3761,1025
2026-03-21 13:00:30,星期六,"105,216,251",3761,1025
2026-03-21 13:10:26,星期六,"105,217,502",3761,1025
2026-03-21 13:20:25,星期六,"105,218,679",3761,1025
2026-03-21 13:30:23,星期六,"105,219,887",3761,1025
2026-03-21 13:40:26,星期六,"105,221,191",3761,1025
2026-03-21 13:50:41,星期六,"105,222,472",3761,1025
2026-03-21 14:00:57,星期六,"105,223,841",3761,1025
2026-03-21 14:10:44,星期六,"105,225,133",3761,1025
2026-03-21 14:20:31,星期六,"105,226,332",3761,1025
2026-03-21 14:30:45,星期六,"105,227,552",3761,1025
2026-03-21 14:40:31,星期六,"105,228,699",3761,1025
2026-03-21 14:50:29,星期六,"105,229,951",3761,1025
2026-03-21 15:00:25,星期六,"105,231,073",3761,1025
2026-03-21 15:10:25,星期六,"105,232,248",3761,1025
2026-03-21 15:20:27,星期六,"105,233,436",3761,1025
2026-03-21 15:30:26,星期六,"105,234,646",3761,1025
2026-03-21 15:40:26,星期六,"105,235,806",3761,1025
2026-03-21 15:50:55,星期六,"105,237,011",3761,1025
2026-03-21 16:00:25,星期六,"105,238,109",3761,1025
2026-03-21 16:10:40,星期六,"105,239,356",3761,1025
2026-03-21 16:20:41,星期六,"105,240,608",3761,1025
2026-03-21 16:30:46,星期六,"105,241,802",3761,1025
2026-03-21 16:40:30,星期六,"105,242,986",3761,1025
2026-03-21 16:50:26,星期六,"105,244,155",3761,1025
2026-03-21 17:00:29,星期六,"105,245,332",3761,1025
2026-03-21 17:10:28,星期六,"105,246,501",3761,1025
2026-03-21 17:20:29,星期六,"105,247,602",3761,1025
2026-03-21 17:30:41,星期六,"105,248,762",3761,1025
2026-03-21 17:40:26,星期六,"105,249,844",3761,1025
2026-03-21 17:50:28,星期六,"105,250,897",3761,1025
2026-03-21 18:00:53,星期六,"105,251,979",3761,1025
2026-03-21 18:10:29,星期六,"105,252,951",3761,1025
2026-03-21 18:20:44,星期六,"105,253,914",3761,1025
2026-03-21 18:30:26,星期六,"105,254,865",3761,1025
2026-03-21 18:40:27,星期六,"105,255,799",3761,1025
2026-03-21 18:50:30,星期六,"105,256,720",3761,1025
2026-03-21 19:00:44,星期六,"105,257,599",3761,1025
2026-03-21 19:10:28,星期六,"105,258,386",3761,1025
2026-03-21 19:20:28,星期六,"105,259,209",3761,1025
2026-03-21 19:30:43,星期六,"105,260,037",3761,1025
2026-03-21 19:40:32,星期六,"105,260,857",3761,1025
2026-03-21 19:50:33,星期六,"105,261,646",3761,1025
2026-03-21 20:00:24,星期六,"105,262,427",3761,1025
2026-03-21 20:10:37,星期六,"105,263,263",3761,1025
2026-03-21 20:20:26,星期六,"105,264,061",3761,1025
2026-03-21 20:30:27,星期六,"105,264,867",3761,1025
2026-03-21 20:40:26,星期六,"105,265,670",3761,1025
2026-03-21 20:50:34,星期六,"105,266,490",3761,1025
2026-03-21 21:00:25,星期六,"105,267,317",3761,1025
2026-03-21 21:10:37,星期六,"105,268,147",3761,1025
2026-03-21 21:20:31,星期六,"105,268,940",3761,1025
2026-03-21 21:30:56,星期六,"105,269,786",3761,1025
2026-03-21 21:40:51,星期六,"105,270,498",3761,1025
2026-03-21 21:50:42,星期六,"105,271,189",3761,1025
2026-03-21 22:00:25,星期六,"105,271,858",3761,1025
2026-03-21 22:10:27,星期六,"105,272,629",3761,1025
2026-03-21 22:20:26,星期六,"105,273,433",3761,1025
2026-03-21 22:30:31,星期六,"105,274,203",3761,1025
2026-03-21 22:40:42,星期六,"105,274,944",3761,1025
2026-03-21 22:50:43,星期六,"105,275,631",3761,1025
2026-03-21 23:00:31,星期六,"105,276,245",3761,1025
2026-03-21 23:10:26,星期六,"105,276,925",3761,1025
2026-03-21 23:20:37,星期六,"105,277,626",3761,1025
2026-03-21 23:30:26,星期六,"105,278,230",3761,1025
2026-03-21 23:40:31,星期六,"105,278,724",3761,1025
2026-03-21 23:50:26,星期六,"105,279,236",3761,1025
2026-03-22 00:00:45,星期日,"105,279,663",3761,1025
2026-03-22 00:10:47,星期日,"105,280,476",3761,1025
2026-03-22 00:20:46,星期日,"105,281,241",3761,1025
2026-03-22 00:30:26,星期日,"105,281,857",3761,1025
2026-03-22 00:40:28,星期日,"105,282,390",3761,1025
2026-03-22 00:50:30,星期日,"105,282,860",3761,1025
2026-03-22 01:00:24,星期日,"105,283,243",3761,1025
2026-03-22 01:10:26,星期日,"105,283,609",3761,1025
2026-03-22 01:20:24,星期日,"105,283,973",3761,1025
2026-03-22 01:30:41,星期日,"105,284,251",3761,1025
2026-03-22 01:40:26,星期日,"105,284,539",3761,1025
2026-03-22 01:50:26,星期日,"105,284,784",3761,1025
2026-03-22 02:00:24,星期日,"105,284,989",3761,1025
2026-03-22 02:10:26,星期日,"105,285,195",3761,1025
2026-03-22 02:20:25,星期日,"105,285,300",3761,1025
2026-03-22 02:30:24,星期日,"105,285,553",3761,1025
2026-03-22 02:40:24,星期日,"105,285,696",3761,1025
2026-03-22 02:50:25,星期日,"105,285,852",3761,1025
2026-03-22 03:00:25,星期日,"105,285,999",3761,1025
2026-03-22 03:10:24,星期日,"105,286,121",3761,1025
2026-03-22 03:20:26,星期日,"105,286,221",3761,1025
2026-03-22 03:30:22,星期日,"105,286,305",3761,1025
2026-03-22 03:40:25,星期日,"105,286,400",3761,1025
2026-03-22 03:50:24,星期日,"105,286,481",3761,1025
2026-03-22 04:00:24,星期日,"105,286,572",3761,1025
2026-03-22 04:10:25,星期日,"105,286,650",3761,1025
2026-03-22 04:20:25,星期日,"105,286,717",3761,1025
2026-03-22 04:30:23,星期日,"105,286,788",3761,1025
2026-03-22 04:40:25,星期日,"105,286,861",3761,1025
2026-03-22 04:50:25,星期日,"105,286,916",3761,1025
2026-03-22 05:00:24,星期日,"105,286,975",3761,1025
2026-03-22 05:10:24,星期日,"105,287,048",3761,1025
2026-03-22 05:20:24,星期日,"105,287,133",3761,1025
2026-03-22 05:30:25,星期日,"105,287,219",3761,1025
2026-03-22 05:40:24,星期日,"105,287,317",3761,1025
2026-03-22 05:50:24,星期日,"105,287,434",3761,1025
2026-03-22 06:00:24,星期日,"105,287,562",3761,1025
2026-03-22 06:10:24,星期日,"105,287,667",3761,1025
2026-03-22 06:20:44,星期日,"105,287,781",3761,1025
2026-03-22 06:30:24,星期日,"105,287,905",3761,1025
2026-03-22 06:40:45,星期日,"105,288,091",3761,1025
2026-03-22 06:50:25,星期日,"105,288,288",3761,1025
2026-03-22 07:00:44,星期日,"105,288,566",3761,1025
2026-03-22 07:10:29,星期日,"105,288,818",3761,1025
2026-03-22 07:20:23,星期日,"105,289,093",3761,1025
2026-03-22 07:30:27,星期日,"105,289,408",3761,1025
2026-03-22 07:40:24,星期日,"105,289,781",3761,1025
2026-03-22 07:50:29,星期日,"105,290,314",3761,1025
2026-03-22 08:00:46,星期日,"105,290,888",3761,1025
2026-03-22 08:10:25,星期日,"105,291,395",3761,1025
2026-03-22 08:20:24,星期日,"105,291,849",3761,1025
2026-03-22 08:30:24,星期日,"105,292,300",3761,1025
2026-03-22 08:40:28,星期日,"105,292,792",3761,1025
2026-03-22 08:50:24,星期日,"105,293,339",3761,1025
2026-03-22 09:00:26,星期日,"105,293,852",3761,1025
2026-03-22 09:10:26,星期日,"105,294,499",3763,1025
2026-03-22 09:20:25,星期日,"105,295,183",3763,1025
2026-03-22 09:30:28,星期日,"105,295,915",3763,1025
2026-03-22 09:40:28,星期日,"105,296,629",3763,1025
2026-03-22 09:50:28,星期日,"105,297,380",3763,1025
2026-03-22 10:00:26,星期日,"105,298,223",3763,1025
2026-03-22 10:10:28,星期日,"105,299,060",3763,1025
2026-03-22 10:20:25,星期日,"105,299,971",3763,1025
2026-03-22 10:30:25,星期日,"105,300,925",3763,1025
2026-03-22 10:40:26,星期日,"105,301,900",3763,1025
2026-03-22 10:50:28,星期日,"105,302,889",3763,1025
2026-03-22 11:00:45,星期日,"105,303,865",3763,1025
2026-03-22 11:10:30,星期日,"105,304,964",3763,1025
2026-03-22 11:20:27,星期日,"105,306,035",3763,1025
2026-03-22 11:30:31,星期日,"105,307,122",3763,1025
2026-03-22 11:40:41,星期日,"105,308,226",3763,1025
2026-03-22 11:50:25,星期日,"105,309,250",3763,1025
2026-03-22 12:00:33,星期日,"105,310,318",3763,1025
2026-03-22 12:10:30,星期日,"105,311,390",3763,1025
2026-03-22 12:20:30,星期日,"105,312,533",3763,1025
2026-03-22 12:30:30,星期日,"105,313,684",3763,1025
2026-03-22 12:40:32,星期日,"105,314,753",3763,1025
2026-03-22 12:50:29,星期日,"105,315,987",3763,1025
2026-03-22 13:00:27,星期日,"105,317,174",3763,1025
2026-03-22 13:10:25,星期日,"105,318,285",3763,1025
2026-03-22 13:20:29,星期日,"105,319,512",3763,1025
2026-03-22 13:30:45,星期日,"105,320,757",3763,1025
2026-03-22 13:40:32,星期日,"105,322,040",3763,1025
2026-03-22 13:50:49,星期日,"105,323,369",3763,1025
2026-03-22 14:00:42,星期日,"105,324,712",3763,1025
2026-03-22 14:10:28,星期日,"105,325,965",3763,1025
2026-03-22 14:20:25,星期日,"105,327,158",3763,1025
2026-03-22 14:30:25,星期日,"105,328,475",3763,1025
2026-03-22 14:40:27,星期日,"105,329,771",3763,1025
2026-03-22 14:50:36,星期日,"105,331,027",3763,1025
2026-03-22 15:00:31,星期日,"105,332,282",3763,1025
2026-03-22 15:10:25,星期日,"105,333,507",3763,1025
2026-03-22 15:20:46,星期日,"105,334,850",3763,1025
2026-03-22 15:30:25,星期日,"105,336,136",3763,1025
2026-03-22 15:40:42,星期日,"105,337,453",3763,1025
2026-03-22 15:50:32,星期日,"105,338,732",3763,1025
2026-03-22 16:00:28,星期日,"105,339,963",3763,1025
2026-03-22 16:10:27,星期日,"105,341,226",3763,1025
2026-03-22 16:20:44,星期日,"105,342,531",3763,1025
2026-03-22 16:30:44,星期日,"105,343,842",3763,1025
2026-03-22 16:40:45,星期日,"105,345,116",3763,1025
2026-03-22 16:50:29,星期日,"105,346,360",3763,1025
2026-03-22 17:00:25,星期日,"105,347,661",3763,1025
2026-03-22 17:10:29,星期日,"105,348,907",3763,1025
2026-03-22 17:20:25,星期日,"105,350,109",3763,1025
2026-03-22 17:30:47,星期日,"105,351,382",3763,1025
2026-03-22 17:40:28,星期日,"105,352,568",3763,1025
2026-03-22 17:50:30,星期日,"105,353,735",3763,1025
2026-03-22 18:00:42,星期日,"105,354,936",3763,1025
2026-03-22 18:10:29,星期日,"105,356,024",3763,1025
2026-03-22 18:20:41,星期日,"105,357,098",3763,1025
2026-03-22 18:30:32,星期日,"105,358,178",3763,1025
2026-03-22 18:40:45,星期日,"105,359,197",3763,1025
2026-03-22 18:50:30,星期日,"105,360,158",3763,1025
2026-03-22 19:00:43,星期日,"105,361,112",3763,1025
2026-03-22 19:10:27,星期日,"105,362,120",3763,1025
2026-03-22 19:20:45,星期日,"105,363,071",3763,1025
2026-03-22 19:30:27,星期日,"105,363,989",3763,1025
2026-03-22 19:40:45,星期日,"105,364,934",3763,1025
2026-03-22 19:50:29,星期日,"105,365,856",3763,1025
2026-03-22 20:00:41,星期日,"105,366,737",3763,1025
2026-03-22 20:10:26,星期日,"105,367,728",3763,1025
2026-03-22 20:20:26,星期日,"105,368,724",3763,1025
2026-03-22 20:30:44,星期日,"105,369,710",3763,1025
2026-03-22 20:40:28,星期日,"105,370,505",3763,1025
2026-03-22 20:50:31,星期日,"105,371,499",3763,1025
2026-03-22 21:00:25,星期日,"105,372,373",3763,1025
2026-03-22 21:10:28,星期日,"105,373,219",3763,1025
2026-03-22 21:20:41,星期日,"105,374,057",3763,1025
2026-03-22 21:30:30,星期日,"105,374,863",3763,1025
2026-03-22 21:40:27,星期日,"105,375,596",3763,1025
2026-03-22 21:50:44,星期日,"105,376,418",3763,1025
2026-03-22 22:00:27,星期日,"105,377,068",3763,1025
2026-03-22 22:10:28,星期日,"105,377,878",3763,1025
2026-03-22 22:20:42,星期日,"105,378,690",3763,1025
2026-03-22 22:30:29,星期日,"105,379,417",3763,1025
2026-03-22 22:40:28,星期日,"105,380,132",3763,1025
2026-03-22 22:50:45,星期日,"105,380,816",3763,1025
2026-03-22 23:00:41,星期日,"105,381,425",3763,1025
2026-03-22 23:10:33,星期日,"105,382,073",3763,1025
2026-03-22 23:20:26,星期日,"105,382,698",3763,1025
2026-03-22 23:30:41,星期日,"105,383,265",3763,1025
2026-03-22 23:40:31,星期日,"105,383,784",3763,1025
2026-03-22 23:50:45,星期日,"105,384,220",3763,1025
2026-03-23 00:00:42,星期一,"105,384,584",3763,1025
2026-03-23 00:10:28,星期一,"105,385,329",3763,1025
2026-03-23 00:20:44,星期一,"105,386,040",3763,1025
2026-03-23 00:30:27,星期一,"105,386,586",3763,1025
2026-03-23 00:40:30,星期一,"105,387,040",3763,1025
2026-03-23 00:50:27,星期一,"105,387,389",3763,1025
2026-03-23 01:00:31,星期一,"105,387,756",3763,1025
2026-03-23 01:10:25,星期一,"105,388,089",3763,1025
2026-03-23 01:20:26,星期一,"105,388,377",3763,1025
2026-03-23 01:30:24,星期一,"105,388,607",3763,1025
2026-03-23 01:40:26,星期一,"105,388,817",3763,1025
2026-03-23 01:50:28,星期一,"105,388,995",3763,1025
2026-03-23 02:00:44,星期一,"105,389,161",3763,1025
2026-03-23 02:10:26,星期一,"105,389,336",3763,1025
2026-03-23 02:20:24,星期一,"105,389,503",3763,1025
2026-03-23 02:30:25,星期一,"105,389,624",3763,1025
2026-03-23 02:40:29,星期一,"105,389,745",3763,1025
2026-03-23 02:50:25,星期一,"105,389,857",3763,1025
2026-03-23 03:00:24,星期一,"105,389,966",3763,1025
2026-03-23 03:10:24,星期一,"105,390,078",3763,1025
2026-03-23 03:20:25,星期一,"105,390,164",3763,1025
2026-03-23 03:30:25,星期一,"105,390,245",3763,1025
2026-03-23 03:40:25,星期一,"105,390,330",3763,1025
2026-03-23 03:50:24,星期一,"105,390,407",3763,1025
2026-03-23 04:00:24,星期一,"105,390,476",3763,1025
2026-03-23 04:10:25,星期一,"105,390,544",3763,1025
2026-03-23 04:20:25,星期一,"105,390,596",3763,1025
2026-03-23 04:30:25,星期一,"105,390,661",3763,1025
2026-03-23 04:40:25,星期一,"105,390,724",3763,1025
2026-03-23 05:00:23,星期一,"105,390,848",3763,1025
2026-03-23 05:10:26,星期一,"105,390,909",3763,1025
2026-03-23 05:20:25,星期一,"105,390,975",3763,1025
2026-03-23 05:30:24,星期一,"105,391,055",3763,1025
2026-03-23 05:40:25,星期一,"105,391,151",3763,1025
2026-03-23 05:50:24,星期一,"105,391,268",3763,1025
2026-03-23 06:00:27,星期一,"105,391,455",3763,1025
2026-03-23 06:10:25,星期一,"105,391,598",3763,1025
2026-03-23 06:20:25,星期一,"105,391,745",3763,1025
2026-03-23 06:30:44,星期一,"105,391,949",3763,1025
2026-03-23 06:40:26,星期一,"105,392,205",3763,1025
2026-03-23 06:50:25,星期一,"105,392,555",3763,1025
2026-03-23 07:00:26,星期一,"105,393,022",3763,1025
2026-03-23 07:10:24,星期一,"105,393,502",3763,1025
2026-03-23 07:20:24,星期一,"105,394,084",3763,1025
2026-03-23 07:30:25,星期一,"105,394,764",3763,1025
2026-03-23 07:40:25,星期一,"105,395,572",3763,1025
2026-03-23 07:50:24,星期一,"105,396,405",3763,1025
2026-03-23 08:00:26,星期一,"105,397,582",3763,1025
2026-03-23 08:10:23,星期一,"105,398,603",3763,1025
2026-03-23 08:20:24,星期一,"105,399,432",3763,1025
2026-03-23 08:30:24,星期一,"105,400,282",3763,1025
2026-03-23 08:40:25,星期一,"105,401,055",3763,1025
2026-03-23 08:50:24,星期一,"105,401,828",3763,1025
2026-03-23 09:00:23,星期一,"105,402,550",3763,1025
2026-03-23 09:10:26,星期一,"105,403,335",3764,1026
2026-03-23 09:20:26,星期一,"105,404,054",3764,1026
2026-03-23 09:30:25,星期一,"105,404,806",3764,1026
2026-03-23 09:40:26,星期一,"105,405,519",3764,1026
2026-03-23 09:50:24,星期一,"105,406,241",3764,1026
2026-03-23 10:00:28,星期一,"105,406,940",3764,1026
2026-03-23 10:10:24,星期一,"105,407,621",3764,1026
2026-03-23 10:20:25,星期一,"105,408,365",3764,1026
2026-03-23 10:30:47,星期一,"105,409,099",3764,1026
2026-03-23 10:40:27,星期一,"105,409,808",3764,1026
2026-03-23 10:50:28,星期一,"105,410,549",3764,1026
2026-03-23 11:00:26,星期一,"105,411,269",3764,1026
2026-03-23 11:10:44,星期一,"105,412,125",3764,1026
2026-03-23 11:20:24,星期一,"105,412,938",3764,1026
2026-03-23 11:30:28,星期一,"105,413,830",3764,1026
2026-03-23 11:40:25,星期一,"105,414,729",3764,1026
2026-03-23 11:50:26,星期一,"105,415,621",3764,1026
2026-03-23 12:00:42,星期一,"105,416,538",3764,1026
2026-03-23 12:10:24,星期一,"105,417,533",3764,1026
2026-03-23 12:20:25,星期一,"105,418,569",3764,1026
2026-03-23 12:30:29,星期一,"105,419,657",3764,1026
2026-03-23 12:40:29,星期一,"105,420,692",3764,1026
2026-03-23 12:50:25,星期一,"105,421,727",3764,1026
2026-03-23 13:00:29,星期一,"105,422,846",3764,1026
2026-03-23 13:10:44,星期一,"105,423,897",3764,1026
2026-03-23 13:20:25,星期一,"105,424,847",3764,1026
2026-03-23 13:30:25,星期一,"105,425,816",3764,1026
2026-03-23 13:40:26,星期一,"105,426,787",3764,1026
2026-03-23 13:50:25,星期一,"105,427,726",3764,1026
2026-03-23 14:00:27,星期一,"105,428,763",3764,1026
2026-03-23 14:10:28,星期一,"105,429,661",3764,1026
2026-03-23 14:20:27,星期一,"105,430,529",3764,1026
2026-03-23 14:30:27,星期一,"105,431,305",3764,1026
2026-03-23 14:40:47,星期一,"105,432,283",3764,1026
2026-03-23 14:50:30,星期一,"105,433,139",3764,1026
2026-03-23 15:00:27,星期一,"105,433,959",3764,1026
2026-03-23 15:10:27,星期一,"105,434,760",3764,1026
2026-03-23 15:20:45,星期一,"105,435,626",3764,1026
2026-03-23 15:30:27,星期一,"105,436,486",3764,1026
2026-03-23 15:40:27,星期一,"105,437,407",3764,1026
2026-03-23 15:50:24,星期一,"105,438,288",3764,1026
2026-03-23 16:00:24,星期一,"105,439,231",3764,1026
2026-03-23 16:10:25,星期一,"105,440,141",3764,1026
2026-03-23 16:20:26,星期一,"105,441,061",3764,1026
2026-03-23 16:30:24,星期一,"105,442,026",3764,1026
2026-03-23 16:40:37,星期一,"105,442,002",3764,1026
2026-03-23 16:50:35,星期一,"105,443,908",3764,1026
2026-03-23 17:00:34,星期一,"105,444,911",3764,1026
2026-03-23 17:10:44,星期一,"105,445,910",3764,1026
2026-03-23 17:20:43,星期一,"105,446,873",3764,1026
2026-03-23 17:30:43,星期一,"105,447,892",3764,1026
2026-03-23 17:40:30,星期一,"105,448,896",3764,1026
2026-03-23 17:50:31,星期一,"105,449,890",3764,1026
2026-03-23 18:00:31,星期一,"105,450,880",3764,1026
2026-03-23 18:10:29,星期一,"105,451,881",3764,1026
2026-03-23 18:20:24,星期一,"105,452,845",3764,1026
2026-03-23 18:30:25,星期一,"105,453,822",3764,1026
2026-03-23 18:40:25,星期一,"105,454,765",3764,1026
2026-03-23 18:50:27,星期一,"105,455,697",3764,1026
2026-03-23 19:00:28,星期一,"105,456,567",3764,1026
2026-03-23 19:10:25,星期一,"105,457,455",3764,1026
2026-03-23 19:20:26,星期一,"105,458,317",3764,1026
2026-03-23 19:30:28,星期一,"105,459,179",3764,1026
2026-03-23 19:40:25,星期一,"105,460,037",3764,1026
2026-03-23 19:50:27,星期一,"105,460,875",3764,1026
2026-03-23 20:00:25,星期一,"105,461,690",3764,1026
2026-03-23 20:10:25,星期一,"105,462,518",3764,1026
2026-03-23 20:20:27,星期一,"105,463,322",3764,1026
2026-03-23 20:30:28,星期一,"105,464,129",3764,1026
2026-03-23 20:40:26,星期一,"105,464,876",3764,1026
2026-03-23 20:50:43,星期一,"105,465,623",3764,1026
2026-03-23 21:00:25,星期一,"105,466,376",3764,1026
2026-03-23 21:10:44,星期一,"105,467,183",3764,1026
2026-03-23 21:20:45,星期一,"105,467,939",3764,1026
2026-03-23 21:30:49,星期一,"105,468,637",3764,1026
2026-03-23 21:40:28,星期一,"105,469,283",3764,1026
2026-03-23 21:50:41,星期一,"105,469,873",3764,1026
2026-03-23 22:00:27,星期一,"105,470,470",3764,1026
2026-03-23 22:10:44,星期一,"105,471,212",3764,1026
2026-03-23 22:20:31,星期一,"105,471,892",3764,1026
2026-03-23 22:30:43,星期一,"105,472,539",3764,1026
2026-03-23 22:40:29,星期一,"105,473,138",3764,1026
2026-03-23 22:50:35,星期一,"105,473,719",3764,1026
2026-03-23 23:00:26,星期一,"105,474,151",3764,1026
2026-03-23 23:10:47,星期一,"105,474,792",3764,1026
2026-03-23 23:20:25,星期一,"105,475,341",3764,1026
2026-03-23 23:30:27,星期一,"105,475,849",3764,1026
2026-03-23 23:40:46,星期一,"105,476,243",3764,1026
2026-03-23 23:50:44,星期一,"105,476,636",3764,1026
2026-03-24 00:00:26,星期二,"105,476,932",3764,1026
2026-03-24 00:10:31,星期二,"105,477,565",3764,1026
2026-03-24 00:20:42,星期二,"105,478,216",3764,1026
2026-03-24 00:30:25,星期二,"105,478,650",3764,1026
2026-03-24 00:40:34,星期二,"105,479,049",3764,1026
2026-03-24 00:50:32,星期二,"105,479,374",3764,1026
2026-03-24 01:00:32,星期二,"105,479,656",3764,1026
2026-03-24 01:10:33,星期二,"105,479,957",3764,1026
2026-03-24 01:20:31,星期二,"105,480,178",3764,1026
2026-03-24 01:30:31,星期二,"105,480,392",3764,1026
2026-03-24 01:40:31,星期二,"105,480,581",3764,1026
2026-03-24 01:50:32,星期二,"105,480,768",3764,1026
2026-03-24 02:00:34,星期二,"105,480,911",3764,1026
2026-03-24 02:10:32,星期二,"105,481,065",3764,1026
2026-03-24 02:20:32,星期二,"105,481,221",3764,1026
2026-03-24 02:30:31,星期二,"105,481,350",3764,1026
2026-03-24 02:40:31,星期二,"105,481,454",3764,1026
2026-03-24 02:50:31,星期二,"105,481,571",3764,1026
2026-03-24 03:00:26,星期二,"105,481,672",3764,1026
2026-03-24 03:10:25,星期二,"105,481,763",3764,1026
2026-03-24 03:20:25,星期二,"105,481,844",3764,1026
2026-03-24 03:30:45,星期二,"105,481,930",3764,1026
2026-03-24 03:40:26,星期二,"105,481,986",3764,1026
2026-03-24 03:50:25,星期二,"105,482,049",3764,1026
2026-03-24 04:00:25,星期二,"105,482,105",3764,1026
2026-03-24 04:10:25,星期二,"105,482,161",3764,1026
2026-03-24 04:20:41,星期二,"105,482,229",3764,1026
2026-03-24 04:30:26,星期二,"105,482,296",3764,1026
2026-03-24 04:40:25,星期二,"105,482,344",3764,1026
2026-03-24 04:50:25,星期二,"105,482,397",3764,1026
2026-03-24 05:00:25,星期二,"105,482,453",3764,1026
2026-03-24 05:10:57,星期二,"105,482,518",3764,1026
2026-03-24 05:20:24,星期二,"105,482,590",3764,1026
2026-03-24 05:30:24,星期二,"105,482,664",3764,1026
2026-03-24 05:40:24,星期二,"105,482,760",3764,1026
2026-03-24 05:50:24,星期二,"105,482,879",3764,1026
2026-03-24 06:00:26,星期二,"105,483,031",3764,1026
2026-03-24 06:10:24,星期二,"105,483,147",3764,1026
2026-03-24 06:20:24,星期二,"105,483,273",3764,1026
2026-03-24 06:30:25,星期二,"105,483,453",3764,1026
2026-03-24 06:40:26,星期二,"105,483,708",3764,1026
2026-03-24 06:50:40,星期二,"105,484,027",3764,1026
2026-03-24 07:00:25,星期二,"105,484,413",3764,1026
2026-03-24 07:10:29,星期二,"105,484,871",3764,1026
2026-03-24 07:20:25,星期二,"105,485,416",3764,1026
2026-03-24 07:30:25,星期二,"105,486,029",3764,1026
2026-03-24 07:40:24,星期二,"105,486,762",3764,1026
2026-03-24 07:50:24,星期二,"105,487,641",3764,1026
2026-03-24 08:00:24,星期二,"105,488,609",3764,1026
2026-03-24 08:10:59,星期二,"105,489,620",3764,1026
2026-03-24 08:20:25,星期二,"105,490,472",3764,1026
2026-03-24 08:30:25,星期二,"105,491,239",3764,1026
2026-03-24 08:40:25,星期二,"105,491,990",3764,1026
2026-03-24 08:50:24,星期二,"105,492,763",3764,1026
2026-03-24 09:00:28,星期二,"105,493,475",3764,1026
2026-03-24 09:10:27,星期二,"105,494,202",3765,1026
2026-03-24 09:20:25,星期二,"105,494,941",3765,1026
2026-03-24 09:30:25,星期二,"105,495,706",3765,1026
2026-03-24 09:40:27,星期二,"105,496,424",3765,1026
2026-03-24 09:50:25,星期二,"105,497,140",3765,1026
2026-03-24 10:00:25,星期二,"105,497,869",3765,1026
2026-03-24 10:10:25,星期二,"105,498,621",3765,1026
2026-03-24 10:20:29,星期二,"105,499,349",3765,1026
2026-03-24 10:30:25,星期二,"105,500,084",3765,1026
2026-03-24 10:40:52,星期二,"105,500,881",3765,1026
2026-03-24 10:50:29,星期二,"105,501,592",3765,1026
2026-03-24 11:00:25,星期二,"105,502,251",3765,1026
2026-03-24 11:10:26,星期二,"105,503,140",3765,1026
2026-03-24 11:20:41,星期二,"105,504,041",3765,1026
2026-03-24 11:30:25,星期二,"105,504,892",3765,1026
2026-03-24 11:40:26,星期二,"105,505,781",3765,1026
2026-03-24 11:50:26,星期二,"105,506,753",3765,1026
2026-03-24 12:00:25,星期二,"105,507,709",3765,1026
2026-03-24 12:10:29,星期二,"105,508,689",3765,1026
2026-03-24 12:20:25,星期二,"105,509,780",3765,1026
2026-03-24 12:30:51,星期二,"105,510,850",3765,1026
2026-03-24 12:40:25,星期二,"105,511,878",3765,1026
2026-03-24 12:50:42,星期二,"105,512,891",3765,1026
2026-03-24 13:00:26,星期二,"105,513,962",3765,1026
2026-03-24 13:10:26,星期二,"105,514,955",3765,1026
2026-03-24 13:20:30,星期二,"105,515,913",3765,1026
2026-03-24 13:30:48,星期二,"105,516,916",3765,1026
2026-03-24 13:40:30,星期二,"105,517,897",3765,1026
2026-03-24 13:50:25,星期二,"105,518,899",3765,1026
2026-03-24 14:00:44,星期二,"105,519,904",3765,1026
2026-03-24 14:10:26,星期二,"105,520,813",3765,1026
2026-03-24 14:20:29,星期二,"105,521,752",3765,1026
2026-03-24 14:30:25,星期二,"105,522,675",3765,1026
2026-03-24 14:40:32,星期二,"105,523,580",3765,1026
2026-03-24 14:50:24,星期二,"105,524,435",3765,1026
2026-03-24 15:00:27,星期二,"105,525,330",3765,1026
2026-03-24 15:10:27,星期二,"105,526,243",3765,1026
2026-03-24 15:20:29,星期二,"105,527,125",3765,1026
2026-03-24 15:30:28,星期二,"105,528,104",3765,1026
2026-03-24 15:40:42,星期二,"105,529,040",3765,1026
2026-03-24 15:50:44,星期二,"105,529,948",3765,1026
2026-03-24 16:00:44,星期二,"105,530,912",3765,1026
2026-03-24 16:10:31,星期二,"105,531,826",3765,1026
2026-03-24 16:20:43,星期二,"105,532,768",3765,1026
2026-03-24 16:30:46,星期二,"105,533,758",3765,1026
2026-03-24 16:40:25,星期二,"105,534,684",3765,1026
2026-03-24 16:50:43,星期二,"105,535,789",3765,1026
2026-03-24 17:00:26,星期二,"105,536,844",3765,1026
2026-03-24 17:10:40,星期二,"105,537,949",3765,1026
2026-03-24 17:20:39,星期二,"105,538,982",3765,1026
2026-03-24 17:30:25,星期二,"105,530,004",3765,1026
2026-03-24 17:40:27,星期二,"105,541,065",3765,1026
2026-03-24 17:50:26,星期二,"105,542,075",3765,1026
2026-03-24 18:00:26,星期二,"105,543,050",3765,1026
2026-03-24 18:10:29,星期二,"105,544,135",3765,1026
2026-03-24 18:20:30,星期二,"105,545,148",3765,1026
2026-03-24 18:31:21,星期二,"105,546,225",3765,1026
2026-03-24 18:40:48,星期二,"105,547,129",3765,1026
2026-03-24 18:50:57,星期二,"105,548,121",3765,1026
2026-03-24 19:00:28,星期二,"105,548,975",3765,1026
2026-03-24 19:10:29,星期二,"105,549,907",3765,1026
2026-03-24 19:20:30,星期二,"105,550,724",3765,1026
2026-03-24 19:30:26,星期二,"105,551,643",3765,1026
2026-03-24 19:40:26,星期二,"105,552,528",3765,1026
2026-03-24 19:50:25,星期二,"105,553,386",3765,1026
2026-03-24 20:00:26,星期二,"105,554,228",3765,1026
2026-03-24 20:10:30,星期二,"105,555,069",3765,1026
2026-03-24 20:20:25,星期二,"105,555,948",3765,1026
2026-03-24 20:30:25,星期二,"105,556,758",3765,1026
2026-03-24 20:40:25,星期二,"105,557,548",3765,1026
2026-03-24 20:50:29,星期二,"105,558,374",3765,1026
2026-03-24 21:00:30,星期二,"105,559,170",3765,1026
2026-03-24 21:10:28,星期二,"105,559,964",3765,1026
2026-03-24 21:20:32,星期二,"105,560,721",3765,1026
2026-03-24 21:30:26,星期二,"105,561,437",3765,1026
2026-03-24 21:40:28,星期二,"105,562,178",3765,1026
2026-03-24 21:50:27,星期二,"105,562,807",3765,1026
2026-03-24 22:00:28,星期二,"105,563,463",3765,1026
2026-03-24 22:10:41,星期二,"105,564,201",3765,1026
2026-03-24 22:20:45,星期二,"105,564,951",3765,1026
2026-03-24 22:30:23,星期二,"105,565,609",3765,1026
2026-03-24 22:40:29,星期二,"105,566,275",3765,1026
2026-03-24 22:50:32,星期二,"105,566,888",3765,1026
2026-03-24 23:00:42,星期二,"105,567,408",3765,1026
2026-03-24 23:10:30,星期二,"105,568,035",3765,1026
2026-03-24 23:20:31,星期二,"105,568,656",3765,1026
2026-03-24 23:30:26,星期二,"105,569,177",3765,1026
2026-03-24 23:40:29,星期二,"105,569,647",3765,1026
2026-03-24 23:50:29,星期二,"105,570,069",3765,1026
2026-03-25 00:00:29,星期三,"105,570,399",3765,1026
2026-03-25 00:10:28,星期三,"105,571,033",3765,1026
2026-03-25 00:20:27,星期三,"105,571,700",3765,1026
2026-03-25 00:30:26,星期三,"105,572,206",3765,1026
2026-03-25 00:40:27,星期三,"105,572,618",3765,1026
2026-03-25 00:50:24,星期三,"105,572,942",3765,1026
2026-03-25 01:00:25,星期三,"105,573,249",3765,1026
2026-03-25 01:10:24,星期三,"105,573,526",3765,1026
2026-03-25 01:20:25,星期三,"105,573,795",3765,1026
2026-03-25 01:30:25,星期三,"105,574,021",3765,1026
2026-03-25 01:40:26,星期三,"105,574,219",3765,1026
2026-03-25 01:50:30,星期三,"105,574,386",3765,1026
2026-03-25 02:00:24,星期三,"105,574,536",3765,1026
2026-03-25 02:10:24,星期三,"105,574,692",3765,1026
2026-03-25 02:20:25,星期三,"105,574,816",3765,1026
2026-03-25 02:30:23,星期三,"105,574,932",3765,1026
2026-03-25 02:40:25,星期三,"105,575,050",3765,1026
2026-03-25 02:50:45,星期三,"105,575,154",3765,1026
2026-03-25 03:00:25,星期三,"105,575,246",3765,1026
2026-03-25 03:10:43,星期三,"105,575,351",3765,1026
2026-03-25 03:20:47,星期三,"105,575,428",3765,1026
2026-03-25 03:30:25,星期三,"105,575,504",3765,1026
2026-03-25 03:40:25,星期三,"105,575,577",3765,1026
2026-03-25 03:50:25,星期三,"105,575,657",3765,1026
2026-03-25 04:00:25,星期三,"105,575,715",3765,1026
2026-03-25 04:10:24,星期三,"105,575,761",3765,1026
2026-03-25 04:20:26,星期三,"105,575,819",3765,1026
2026-03-25 04:30:25,星期三,"105,575,865",3765,1026
2026-03-25 04:40:29,星期三,"105,575,924",3765,1026
2026-03-25 04:50:25,星期三,"105,575,983",3765,1026
2026-03-25 05:00:25,星期三,"105,576,045",3765,1026
2026-03-25 05:10:24,星期三,"105,576,102",3765,1026
2026-03-25 05:20:24,星期三,"105,576,179",3765,1026
2026-03-25 05:30:25,星期三,"105,576,269",3765,1026
2026-03-25 05:40:26,星期三,"105,576,365",3765,1026
2026-03-25 05:50:25,星期三,"105,576,488",3765,1026
2026-03-25 06:00:25,星期三,"105,576,626",3765,1026
2026-03-25 06:10:28,星期三,"105,576,756",3765,1026
2026-03-25 06:20:23,星期三,"105,576,886",3765,1026
2026-03-25 06:30:23,星期三,"105,577,051",3765,1026
2026-03-25 06:40:26,星期三,"105,577,299",3765,1026
2026-03-25 06:50:45,星期三,"105,577,681",3765,1026
2026-03-25 07:00:25,星期三,"105,578,143",3765,1026
2026-03-25 07:10:25,星期三,"105,578,605",3765,1026
2026-03-25 07:20:25,星期三,"105,579,130",3765,1026
2026-03-25 07:30:25,星期三,"105,579,796",3765,1026
2026-03-25 07:40:24,星期三,"105,580,607",3765,1026
2026-03-25 07:50:23,星期三,"105,581,562",3765,1026
2026-03-25 08:00:25,星期三,"105,582,573",3765,1026
2026-03-25 08:10:25,星期三,"105,583,562",3765,1026
2026-03-25 08:20:25,星期三,"105,584,390",3765,1026
2026-03-25 08:30:25,星期三,"105,585,215",3765,1026
2026-03-25 08:40:25,星期三,"105,586,003",3765,1026
2026-03-25 08:50:47,星期三,"105,586,826",3765,1026
2026-03-25 09:00:26,星期三,"105,587,577",3765,1026
2026-03-25 09:10:25,星期三,"105,588,377",3765,1026
2026-03-25 09:20:54,星期三,"105,589,195",3765,1026
2026-03-25 09:30:25,星期三,"105,589,941",3765,1026
2026-03-25 09:40:25,星期三,"105,590,681",3765,1026
2026-03-25 09:50:25,星期三,"105,591,408",3765,1026
2026-03-25 10:00:26,星期三,"105,592,115",3765,1026
2026-03-25 10:10:28,星期三,"105,592,869",3766,1026
2026-03-25 10:20:25,星期三,"105,593,655",3766,1026
2026-03-25 10:30:26,星期三,"105,594,426",3766,1026
2026-03-25 10:40:25,星期三,"105,595,120",3766,1026
2026-03-25 10:50:25,星期三,"105,595,826",3766,1026
2026-03-25 11:00:25,星期三,"105,596,604",3766,1026
2026-03-25 11:10:41,星期三,"105,597,500",3766,1026
2026-03-25 11:20:46,星期三,"105,598,403",3766,1026
2026-03-25 11:30:53,星期三,"105,599,326",3766,1026
2026-03-25 11:40:27,星期三,"105,600,169",3766,1026
2026-03-25 11:50:25,星期三,"105,601,051",3766,1026
2026-03-25 12:00:25,星期三,"105,602,003",3766,1026
2026-03-25 12:10:29,星期三,"105,603,047",3766,1026
2026-03-25 12:20:41,星期三,"105,604,139",3766,1026
2026-03-25 12:30:28,星期三,"105,605,252",3766,1026
2026-03-25 12:40:27,星期三,"105,606,283",3766,1026
2026-03-25 12:50:26,星期三,"105,607,402",3766,1026
2026-03-25 13:00:29,星期三,"105,608,404",3766,1026
2026-03-25 13:10:26,星期三,"105,609,430",3766,1026
2026-03-25 13:20:44,星期三,"105,610,437",3766,1026
2026-03-25 13:30:26,星期三,"105,611,404",3766,1026
2026-03-25 13:40:26,星期三,"105,612,439",3766,1026
2026-03-25 13:50:30,星期三,"105,613,443",3766,1026
2026-03-25 14:00:33,星期三,"105,614,516",3766,1026
2026-03-25 14:10:28,星期三,"105,615,349",3766,1026
2026-03-25 14:20:27,星期三,"105,616,307",3766,1026
2026-03-25 14:30:48,星期三,"105,617,250",3766,1026
2026-03-25 14:40:27,星期三,"105,618,135",3766,1026
2026-03-25 14:50:46,星期三,"105,619,062",3766,1026
2026-03-25 15:00:24,星期三,"105,619,926",3766,1026
2026-03-25 15:10:25,星期三,"105,620,850",3766,1026
2026-03-25 15:20:28,星期三,"105,621,711",3766,1026
2026-03-25 15:30:28,星期三,"105,622,616",3766,1026
2026-03-25 15:40:26,星期三,"105,623,487",3766,1026
2026-03-25 15:50:25,星期三,"105,624,393",3766,1026
2026-03-25 16:00:25,星期三,"105,625,318",3766,1026
2026-03-25 16:10:30,星期三,"105,626,254",3766,1026
2026-03-25 16:20:24,星期三,"105,627,165",3766,1026
2026-03-25 16:30:46,星期三,"105,628,176",3766,1026
2026-03-25 16:40:31,星期三,"105,629,152",3766,1026
2026-03-25 16:50:46,星期三,"105,630,209",3766,1026
2026-03-25 17:00:27,星期三,"105,631,154",3766,1026
2026-03-25 17:10:27,星期三,"105,632,203",3766,1026
2026-03-25 17:20:29,星期三,"105,633,248",3766,1026
2026-03-25 17:30:42,星期三,"105,634,244",3766,1026
2026-03-25 17:40:29,星期三,"105,635,244",3766,1026
2026-03-25 17:50:32,星期三,"105,636,254",3766,1026
2026-03-25 18:00:25,星期三,"105,637,205",3766,1026
2026-03-25 18:10:30,星期三,"105,638,192",3766,1026
2026-03-25 18:20:53,星期三,"105,639,182",3766,1026
2026-03-25 18:30:26,星期三,"105,640,107",3766,1026
2026-03-25 18:40:46,星期三,"105,641,107",3766,1026
2026-03-25 18:50:26,星期三,"105,641,981",3766,1026
2026-03-25 19:00:26,星期三,"105,642,871",3766,1026
2026-03-25 19:10:45,星期三,"105,643,786",3766,1026
2026-03-25 19:20:26,星期三,"105,644,679",3766,1026
2026-03-25 19:30:31,星期三,"105,645,578",3766,1026
2026-03-25 19:40:45,星期三,"105,646,510",3766,1026
2026-03-25 19:50:26,星期三,"105,647,376",3766,1026
2026-03-25 20:00:29,星期三,"105,648,252",3766,1026
2026-03-25 20:10:41,星期三,"105,649,086",3766,1026
2026-03-25 20:20:27,星期三,"105,649,914",3766,1026
2026-03-25 20:30:44,星期三,"105,650,801",3766,1026
2026-03-25 20:40:26,星期三,"105,651,627",3766,1026
2026-03-25 20:50:30,星期三,"105,652,405",3766,1026
2026-03-25 21:00:26,星期三,"105,653,188",3766,1026
2026-03-25 21:10:50,星期三,"105,654,001",3766,1026
2026-03-25 21:20:30,星期三,"105,654,764",3766,1026
2026-03-25 21:30:42,星期三,"105,655,554",3766,1026
2026-03-25 21:40:50,星期三,"105,656,317",3766,1026
2026-03-25 21:50:50,星期三,"105,656,986",3766,1026
2026-03-25 22:00:26,星期三,"105,657,578",3766,1026
2026-03-25 22:10:29,星期三,"105,658,322",3766,1026
2026-03-25 22:20:24,星期三,"105,659,114",3766,1026
2026-03-25 22:30:26,星期三,"105,659,786",3766,1026
2026-03-25 22:40:31,星期三,"105,660,484",3766,1026
2026-03-25 22:50:25,星期三,"105,661,007",3766,1026
2026-03-25 23:00:26,星期三,"105,661,644",3766,1026
2026-03-25 23:10:24,星期三,"105,662,234",3766,1026
2026-03-25 23:20:30,星期三,"105,662,903",3766,1026
2026-03-25 23:30:27,星期三,"105,663,428",3766,1026
2026-03-25 23:40:32,星期三,"105,663,900",3766,1026
2026-03-25 23:50:41,星期三,"105,664,322",3766,1026
2026-03-26 00:00:29,星期四,"105,664,708",3766,1026
2026-03-26 00:10:39,星期四,"105,665,397",3766,1026
2026-03-26 00:20:42,星期四,"105,666,048",3766,1026
2026-03-26 00:30:26,星期四,"105,666,592",3766,1026
2026-03-26 00:40:26,星期四,"105,667,010",3766,1026
2026-03-26 00:51:12,星期四,"105,667,403",3766,1026
2026-03-26 01:00:24,星期四,"105,667,684",3766,1026
2026-03-26 01:10:24,星期四,"105,667,974",3766,1026
2026-03-26 01:20:24,星期四,"105,668,232",3766,1026
2026-03-26 01:30:25,星期四,"105,668,459",3766,1026
2026-03-26 01:40:39,星期四,"105,668,659",3766,1026
2026-03-26 01:50:25,星期四,"105,668,832",3766,1026
2026-03-26 02:00:24,星期四,"105,668,985",3766,1026
2026-03-26 02:10:26,星期四,"105,669,144",3766,1026
2026-03-26 02:20:24,星期四,"105,669,280",3766,1026
2026-03-26 02:30:25,星期四,"105,669,418",3766,1026
2026-03-26 02:40:42,星期四,"105,669,530",3766,1026
2026-03-26 02:50:25,星期四,"105,669,647",3766,1026
2026-03-26 03:00:25,星期四,"105,669,741",3766,1026
2026-03-26 03:10:25,星期四,"105,669,829",3766,1026
2026-03-26 03:20:23,星期四,"105,669,915",3766,1026
2026-03-26 03:30:26,星期四,"105,669,995",3766,1026
2026-03-26 03:40:24,星期四,"105,670,074",3766,1026
2026-03-26 03:50:25,星期四,"105,670,139",3766,1026
2026-03-26 04:00:24,星期四,"105,670,205",3766,1026
2026-03-26 04:10:25,星期四,"105,670,282",3766,1026
2026-03-26 04:20:25,星期四,"105,670,351",3766,1026
2026-03-26 04:30:24,星期四,"105,670,410",3766,1026
2026-03-26 04:40:25,星期四,"105,670,463",3766,1026
2026-03-26 04:50:25,星期四,"105,670,523",3766,1026
2026-03-26 05:00:23,星期四,"105,670,580",3766,1026
2026-03-26 05:10:24,星期四,"105,670,636",3766,1026
2026-03-26 05:20:25,星期四,"105,670,700",3766,1026
2026-03-26 05:30:23,星期四,"105,670,790",3766,1026
2026-03-26 05:40:28,星期四,"105,670,900",3766,1026
2026-03-26 05:50:26,星期四,"105,671,027",3766,1026
2026-03-26 06:00:25,星期四,"105,671,179",3766,1026
2026-03-26 06:10:25,星期四,"105,671,331",3766,1026
2026-03-26 06:20:24,星期四,"105,671,456",3766,1026
2026-03-26 06:30:25,星期四,"105,671,644",3766,1026
2026-03-26 06:40:25,星期四,"105,671,885",3766,1026
2026-03-26 06:50:24,星期四,"105,672,237",3766,1026
2026-03-26 07:00:23,星期四,"105,672,663",3766,1026
2026-03-26 07:10:26,星期四,"105,673,129",3766,1026
2026-03-26 07:20:24,星期四,"105,673,656",3766,1026
2026-03-26 07:30:26,星期四,"105,674,203",3766,1026
2026-03-26 07:40:23,星期四,"105,675,108",3766,1026
2026-03-26 07:50:29,星期四,"105,676,043",3766,1026
2026-03-26 08:00:28,星期四,"105,677,058",3766,1026
2026-03-26 08:10:25,星期四,"105,677,955",3766,1026
2026-03-26 08:20:29,星期四,"105,678,797",3766,1026
2026-03-26 08:30:24,星期四,"105,679,536",3766,1026
2026-03-26 08:40:25,星期四,"105,680,310",3766,1026
2026-03-26 08:50:25,星期四,"105,681,034",3766,1026
2026-03-26 09:00:25,星期四,"105,681,755",3766,1026
2026-03-26 09:10:25,星期四,"105,682,564",3767,1026
2026-03-26 09:20:25,星期四,"105,683,324",3767,1026
2026-03-26 09:30:23,星期四,"105,684,081",3767,1026
2026-03-26 09:40:27,星期四,"105,684,856",3767,1026
2026-03-26 09:50:29,星期四,"105,685,612",3767,1026
2026-03-26 10:00:25,星期四,"105,686,393",3767,1026
2026-03-26 10:10:29,星期四,"105,687,126",3767,1026
2026-03-26 10:20:24,星期四,"105,687,882",3767,1026
2026-03-26 10:30:26,星期四,"105,688,632",3767,1026
2026-03-26 10:40:46,星期四,"105,689,416",3767,1026
2026-03-26 10:50:30,星期四,"105,690,138",3767,1026
2026-03-26 11:00:26,星期四,"105,690,849",3767,1026
2026-03-26 11:10:25,星期四,"105,691,702",3767,1026
2026-03-26 11:20:23,星期四,"105,692,506",3767,1026
2026-03-26 11:30:28,星期四,"105,693,510",3767,1026
2026-03-26 11:40:25,星期四,"105,694,409",3767,1026
2026-03-26 11:50:26,星期四,"105,695,322",3767,1026
2026-03-26 12:00:28,星期四,"105,696,251",3767,1026
2026-03-26 12:10:29,星期四,"105,697,323",3767,1026
2026-03-26 12:20:47,星期四,"105,698,362",3767,1026
2026-03-26 12:30:45,星期四,"105,699,466",3767,1026
2026-03-26 12:40:26,星期四,"105,700,481",3767,1026
2026-03-26 12:50:59,星期四,"105,701,552",3767,1026
2026-03-26 13:00:26,星期四,"105,702,515",3767,1026
2026-03-26 13:10:47,星期四,"105,703,525",3767,1026
2026-03-26 13:20:45,星期四,"105,704,485",3767,1026
2026-03-26 13:30:29,星期四,"105,705,424",3767,1026
2026-03-26 13:40:26,星期四,"105,706,429",3767,1026
2026-03-26 13:50:45,星期四,"105,707,475",3767,1026
2026-03-26 14:00:25,星期四,"105,708,528",3767,1026
2026-03-26 14:10:28,星期四,"105,709,485",3767,1026
2026-03-26 14:20:27,星期四,"105,710,388",3767,1026
2026-03-26 14:30:29,星期四,"105,711,258",3767,1026
2026-03-26 14:40:26,星期四,"105,712,141",3767,1026
2026-03-26 14:50:24,星期四,"105,712,994",3767,1026
2026-03-26 15:00:29,星期四,"105,713,910",3767,1026
2026-03-26 15:10:26,星期四,"105,714,795",3767,1026
2026-03-26 15:20:48,星期四,"105,715,700",3767,1026
2026-03-26 15:30:42,星期四,"105,716,584",3767,1026
2026-03-26 15:40:27,星期四,"105,717,450",3767,1026
2026-03-26 15:50:29,星期四,"105,718,415",3767,1026
2026-03-26 16:00:24,星期四,"105,719,352",3767,1026
2026-03-26 16:10:28,星期四,"105,720,317",3767,1026
2026-03-26 16:20:25,星期四,"105,721,249",3767,1026
2026-03-26 16:30:26,星期四,"105,722,210",3767,1026
2026-03-26 16:40:25,星期四,"105,723,214",3767,1026
2026-03-26 16:50:27,星期四,"105,724,170",3767,1026
2026-03-26 17:00:27,星期四,"105,725,171",3767,1026
2026-03-26 17:10:27,星期四,"105,726,227",3767,1026
2026-03-26 17:20:24,星期四,"105,727,201",3767,1026
2026-03-26 17:30:26,星期四,"105,728,196",3767,1026
2026-03-26 17:40:55,星期四,"105,729,212",3767,1026
2026-03-26 17:50:25,星期四,"105,730,200",3767,1026
2026-03-26 18:00:42,星期四,"105,731,212",3767,1026
2026-03-26 18:10:44,星期四,"105,732,217",3767,1026
2026-03-26 18:20:28,星期四,"105,733,198",3767,1026
2026-03-26 18:30:24,星期四,"105,734,172",3767,1026
2026-03-26 18:40:42,星期四,"105,735,121",3767,1026
2026-03-26 18:50:28,星期四,"105,736,067",3767,1026
2026-03-26 19:00:43,星期四,"105,736,969",3767,1026
2026-03-26 19:10:25,星期四,"105,737,884",3767,1026
2026-03-26 19:20:30,星期四,"105,738,826",3767,1026
2026-03-26 19:30:29,星期四,"105,739,681",3767,1026
2026-03-26 19:40:26,星期四,"105,740,568",3767,1026
2026-03-26 19:50:30,星期四,"105,741,402",3767,1026
2026-03-26 20:00:25,星期四,"105,742,265",3767,1026
2026-03-26 20:10:28,星期四,"105,743,111",3767,1026
2026-03-26 20:20:25,星期四,"105,743,932",3767,1026
2026-03-26 20:30:45,星期四,"105,744,838",3767,1026
2026-03-26 20:40:27,星期四,"105,745,635",3767,1026
2026-03-26 20:50:24,星期四,"105,746,427",3767,1026
2026-03-26 21:00:25,星期四,"105,747,171",3767,1026
2026-03-26 21:10:26,星期四,"105,747,899",3767,1026
2026-03-26 21:20:31,星期四,"105,748,672",3767,1026
2026-03-26 21:30:28,星期四,"105,749,433",3767,1026
2026-03-26 21:40:47,星期四,"105,750,157",3767,1026
2026-03-26 21:50:32,星期四,"105,750,792",3767,1026
2026-03-26 22:00:43,星期四,"105,751,494",3767,1026
2026-03-26 22:10:30,星期四,"105,752,217",3767,1026
2026-03-26 22:20:24,星期四,"105,752,978",3767,1026
2026-03-26 22:30:32,星期四,"105,753,659",3767,1026
2026-03-26 22:40:30,星期四,"105,754,337",3767,1026
2026-03-26 22:50:30,星期四,"105,754,952",3767,1026
2026-03-26 23:00:25,星期四,"105,755,478",3767,1026
2026-03-26 23:10:52,星期四,"105,756,134",3767,1026
2026-03-26 23:20:26,星期四,"105,756,786",3767,1026
2026-03-26 23:30:36,星期四,"105,757,322",3767,1026
2026-03-26 23:40:26,星期四,"105,757,786",3767,1026
2026-03-26 23:50:26,星期四,"105,758,198",3767,1026
2026-03-27 00:00:29,星期五,"105,758,589",3767,1026
2026-03-27 00:10:29,星期五,"105,759,269",3767,1026
2026-03-27 00:20:43,星期五,"105,759,978",3767,1026
2026-03-27 00:30:25,星期五,"105,760,491",3767,1026
2026-03-27 00:40:26,星期五,"105,760,962",3767,1026
2026-03-27 00:50:31,星期五,"105,761,331",3767,1026
2026-03-27 01:00:25,星期五,"105,761,649",3767,1026
2026-03-27 01:10:27,星期五,"105,761,928",3767,1026
2026-03-27 01:20:25,星期五,"105,762,176",3767,1026
2026-03-27 01:30:30,星期五,"105,762,426",3767,1026
2026-03-27 01:40:24,星期五,"105,762,663",3767,1026
2026-03-27 01:50:26,星期五,"105,762,854",3767,1026
2026-03-27 02:00:24,星期五,"105,763,026",3767,1026
2026-03-27 02:10:25,星期五,"105,763,192",3767,1026
2026-03-27 02:20:24,星期五,"105,763,336",3767,1026
2026-03-27 02:30:24,星期五,"105,763,458",3767,1026
2026-03-27 02:40:25,星期五,"105,763,570",3767,1026
2026-03-27 02:50:24,星期五,"105,763,682",3767,1026
2026-03-27 03:00:24,星期五,"105,763,780",3767,1026
2026-03-27 03:10:26,星期五,"105,763,875",3767,1026
2026-03-27 03:20:24,星期五,"105,763,963",3767,1026
2026-03-27 03:30:24,星期五,"105,764,036",3767,1026
2026-03-27 03:40:25,星期五,"105,764,117",3767,1026
2026-03-27 03:50:25,星期五,"105,764,188",3767,1026
2026-03-27 04:00:25,星期五,"105,764,239",3767,1026
2026-03-27 04:10:25,星期五,"105,764,306",3767,1026
2026-03-27 04:20:25,星期五,"105,764,376",3767,1026
2026-03-27 04:30:25,星期五,"105,764,449",3767,1026
2026-03-27 04:40:23,星期五,"105,764,500",3767,1026
2026-03-27 04:50:28,星期五,"105,764,579",3767,1026
2026-03-27 05:00:25,星期五,"105,764,637",3767,1026
2026-03-27 05:10:26,星期五,"105,764,698",3767,1026
2026-03-27 05:20:26,星期五,"105,764,747",3767,1026
2026-03-27 05:30:24,星期五,"105,764,847",3767,1026
2026-03-27 05:40:25,星期五,"105,764,922",3767,1026
2026-03-27 05:50:26,星期五,"105,765,060",3767,1026
2026-03-27 06:00:25,星期五,"105,765,229",3767,1026
2026-03-27 06:10:24,星期五,"105,765,342",3767,1026
2026-03-27 06:20:25,星期五,"105,765,480",3767,1026
2026-03-27 06:30:24,星期五,"105,765,686",3767,1026
2026-03-27 06:40:25,星期五,"105,765,954",3767,1026
2026-03-27 06:50:25,星期五,"105,766,272",3767,1026
2026-03-27 07:00:25,星期五,"105,766,707",3767,1026
2026-03-27 07:10:25,星期五,"105,767,202",3767,1026
2026-03-27 07:20:25,星期五,"105,767,748",3767,1026
2026-03-27 07:30:24,星期五,"105,768,471",3767,1026
2026-03-27 07:40:30,星期五,"105,769,223",3767,1026
2026-03-27 07:50:39,星期五,"105,770,120",3767,1026
2026-03-27 08:00:26,星期五,"105,771,145",3767,1026
2026-03-27 08:10:24,星期五,"105,772,166",3767,1026
2026-03-27 08:20:25,星期五,"105,773,002",3767,1026
2026-03-27 08:30:24,星期五,"105,773,852",3767,1026
2026-03-27 08:40:25,星期五,"105,774,671",3767,1026
2026-03-27 08:50:45,星期五,"105,775,485",3767,1026
2026-03-27 09:00:30,星期五,"105,776,204",3769,1026
2026-03-27 09:10:25,星期五,"105,776,970",3769,1026
2026-03-27 09:20:25,星期五,"105,777,710",3769,1026
2026-03-27 09:30:29,星期五,"105,778,457",3769,1026
2026-03-27 09:40:25,星期五,"105,779,115",3769,1026
2026-03-27 09:50:28,星期五,"105,779,995",3769,1026
2026-03-27 10:00:29,星期五,"105,780,727",3769,1026
2026-03-27 10:10:26,星期五,"105,781,466",3769,1026
2026-03-27 10:20:26,星期五,"105,782,264",3769,1026
2026-03-27 10:30:24,星期五,"105,783,014",3769,1026
2026-03-27 10:40:27,星期五,"105,783,743",3769,1026
2026-03-27 10:50:30,星期五,"105,784,472",3769,1026
2026-03-27 11:00:24,星期五,"105,785,252",3769,1026
2026-03-27 11:10:45,星期五,"105,786,129",3769,1026
2026-03-27 11:20:26,星期五,"105,787,086",3769,1026
2026-03-27 11:30:25,星期五,"105,788,033",3769,1026
2026-03-27 11:40:29,星期五,"105,788,984",3769,1026
2026-03-27 11:50:27,星期五,"105,789,989",3769,1026
2026-03-27 12:00:26,星期五,"105,790,969",3769,1026
2026-03-27 12:10:25,星期五,"105,792,104",3769,1026
2026-03-27 12:20:26,星期五,"105,793,296",3769,1026
2026-03-27 12:30:24,星期五,"105,794,454",3769,1026
2026-03-27 12:40:51,星期五,"105,795,614",3769,1026
2026-03-27 12:50:30,星期五,"105,796,729",3769,1026
2026-03-27 13:00:25,星期五,"105,797,869",3769,1026
2026-03-27 13:10:29,星期五,"105,798,977",3769,1026
2026-03-27 13:20:26,星期五,"105,799,028",3769,1026
2026-03-27 13:30:24,星期五,"105,801,089",3769,1026
2026-03-27 13:40:29,星期五,"105,802,168",3769,1026
2026-03-27 13:50:41,星期五,"105,803,261",3769,1026
2026-03-27 14:00:27,星期五,"105,804,377",3769,1026
2026-03-27 14:10:26,星期五,"105,805,405",3769,1026
2026-03-27 14:20:29,星期五,"105,806,401",3769,1026
2026-03-27 14:30:27,星期五,"105,807,462",3769,1026
2026-03-27 14:40:25,星期五,"105,808,482",3769,1026
2026-03-27 14:50:24,星期五,"105,809,530",3769,1026
2026-03-27 15:00:26,星期五,"105,810,542",3769,1026
2026-03-27 15:10:25,星期五,"105,811,579",3769,1026
2026-03-27 15:20:43,星期五,"105,812,660",3769,1026
2026-03-27 15:30:25,星期五,"105,813,684",3769,1026
2026-03-27 15:40:25,星期五,"105,814,749",3769,1026
2026-03-27 15:50:25,星期五,"105,815,848",3769,1026
2026-03-27 16:00:42,星期五,"105,817,005",3769,1026
2026-03-27 16:10:25,星期五,"105,818,067",3769,1026
2026-03-27 16:20:25,星期五,"105,819,119",3769,1026
2026-03-27 16:30:45,星期五,"105,820,297",3769,1026
2026-03-27 16:40:26,星期五,"105,821,437",3769,1026
2026-03-27 16:50:23,星期五,"105,822,548",3769,1026
2026-03-27 17:00:26,星期五,"105,823,712",3769,1026
2026-03-27 17:10:23,星期五,"105,824,853",3769,1026
2026-03-27 17:20:26,星期五,"105,826,001",3769,1026
2026-03-27 17:30:28,星期五,"105,827,179",3769,1026
2026-03-27 17:40:29,星期五,"105,828,301",3769,1026
2026-03-27 17:50:25,星期五,"105,829,398",3769,1026
2026-03-27 18:00:26,星期五,"105,830,529",3769,1026
2026-03-27 18:10:25,星期五,"105,831,529",3769,1026
2026-03-27 18:20:29,星期五,"105,832,575",3769,1026
2026-03-27 18:30:26,星期五,"105,833,665",3769,1026
2026-03-27 18:40:26,星期五,"105,834,630",3769,1026
2026-03-27 18:50:25,星期五,"105,835,686",3769,1026
2026-03-27 19:00:30,星期五,"105,836,703",3769,1026
2026-03-27 19:10:27,星期五,"105,837,692",3769,1026
2026-03-27 19:20:46,星期五,"105,838,729",3769,1026
2026-03-27 19:30:27,星期五,"105,839,706",3769,1026
2026-03-27 19:40:24,星期五,"105,840,596",3769,1026
2026-03-27 19:50:28,星期五,"105,841,540",3769,1026
2026-03-27 20:00:41,星期五,"105,842,475",3769,1026
2026-03-27 20:10:24,星期五,"105,843,393",3769,1026
2026-03-27 20:20:24,星期五,"105,844,359",3769,1026
2026-03-27 20:30:25,星期五,"105,845,295",3769,1026
2026-03-27 20:40:50,星期五,"105,846,295",3769,1026
2026-03-27 20:50:26,星期五,"105,847,162",3769,1026
2026-03-27 21:00:26,星期五,"105,848,044",3769,1026
2026-03-27 21:10:28,星期五,"105,848,969",3769,1026
2026-03-27 21:20:46,星期五,"105,849,850",3769,1026
2026-03-27 21:30:48,星期五,"105,850,711",3769,1026
2026-03-27 21:40:41,星期五,"105,851,533",3769,1026
2026-03-27 21:50:30,星期五,"105,852,352",3769,1026
2026-03-27 22:00:28,星期五,"105,853,106",3769,1026
2026-03-27 22:10:37,星期五,"105,854,042",3769,1026
2026-03-27 22:20:50,星期五,"105,854,964",3769,1026
2026-03-27 22:30:29,星期五,"105,855,745",3769,1026
2026-03-27 22:40:41,星期五,"105,856,609",3769,1026
2026-03-27 22:50:27,星期五,"105,857,384",3769,1026
2026-03-27 23:00:34,星期五,"105,858,064",3769,1026
2026-03-27 23:10:31,星期五,"105,858,825",3769,1026
2026-03-27 23:20:27,星期五,"105,859,550",3769,1026
2026-03-27 23:30:26,星期五,"105,860,214",3769,1026
2026-03-27 23:40:28,星期五,"105,860,792",3769,1026
2026-03-27 23:50:43,星期五,"105,861,377",3769,1026
2026-03-28 00:00:36,星期六,"105,861,854",3769,1026
2026-03-28 00:10:32,星期六,"105,862,736",3769,1026
2026-03-28 00:20:53,星期六,"105,863,569",3769,1026
2026-03-28 00:30:50,星期六,"105,864,306",3769,1026
2026-03-28 00:40:40,星期六,"105,864,878",3769,1026
2026-03-28 00:50:25,星期六,"105,865,327",3769,1026
2026-03-28 01:00:31,星期六,"105,865,778",3769,1026
2026-03-28 01:10:26,星期六,"105,866,197",3769,1026
2026-03-28 01:20:27,星期六,"105,866,557",3769,1026
2026-03-28 01:30:24,星期六,"105,866,883",3769,1026
2026-03-28 01:40:23,星期六,"105,867,179",3769,1026
2026-03-28 01:50:24,星期六,"105,867,435",3769,1026
2026-03-28 02:10:28,星期六,"105,867,931",3769,1026
2026-03-28 02:20:25,星期六,"105,868,139",3769,1026
2026-03-28 02:30:24,星期六,"105,868,321",3769,1026
2026-03-28 02:40:25,星期六,"105,868,486",3769,1026
2026-03-28 02:50:23,星期六,"105,868,653",3769,1026
2026-03-28 03:00:24,星期六,"105,868,807",3769,1026
2026-03-28 03:10:23,星期六,"105,868,951",3769,1026
2026-03-28 03:20:25,星期六,"105,869,069",3769,1026
2026-03-28 03:30:23,星期六,"105,869,191",3769,1026
2026-03-28 03:40:26,星期六,"105,869,318",3769,1026
2026-03-28 03:50:24,星期六,"105,869,425",3769,1026
2026-03-28 04:00:25,星期六,"105,869,518",3769,1026
2026-03-28 04:10:24,星期六,"105,869,602",3769,1026
2026-03-28 04:20:25,星期六,"105,869,685",3769,1026
2026-03-28 04:30:24,星期六,"105,869,755",3769,1026
2026-03-28 04:40:24,星期六,"105,869,832",3769,1026
2026-03-28 04:50:25,星期六,"105,869,920",3769,1026
2026-03-28 05:00:25,星期六,"105,870,013",3769,1026
2026-03-28 05:10:26,星期六,"105,870,096",3769,1026
2026-03-28 05:20:24,星期六,"105,870,183",3769,1026
2026-03-28 05:30:45,星期六,"105,870,287",3769,1026
2026-03-28 05:40:24,星期六,"105,870,409",3769,1026
2026-03-28 05:50:26,星期六,"105,870,536",3769,1026
2026-03-28 06:00:24,星期六,"105,870,704",3769,1026
2026-03-28 06:10:25,星期六,"105,870,845",3769,1026
2026-03-28 06:20:23,星期六,"105,871,011",3769,1026
2026-03-28 06:30:48,星期六,"105,871,189",3769,1026
2026-03-28 06:40:25,星期六,"105,871,403",3769,1026
2026-03-28 06:50:25,星期六,"105,871,719",3769,1026
2026-03-28 07:00:25,星期六,"105,872,069",3769,1026
2026-03-28 07:10:24,星期六,"105,872,464",3769,1026
2026-03-28 07:20:26,星期六,"105,872,859",3769,1026
2026-03-28 07:30:25,星期六,"105,873,349",3769,1026
2026-03-28 07:40:24,星期六,"105,873,856",3769,1026
2026-03-28 07:50:25,星期六,"105,874,525",3769,1026
2026-03-28 08:00:25,星期六,"105,875,262",3769,1026
2026-03-28 08:10:25,星期六,"105,875,946",3769,1026
2026-03-28 08:20:24,星期六,"105,876,576",3769,1026
2026-03-28 08:30:56,星期六,"105,877,252",3769,1026
2026-03-28 08:40:25,星期六,"105,877,891",3769,1026
2026-03-28 08:50:24,星期六,"105,878,608",3769,1026
2026-03-28 09:00:25,星期六,"105,879,358",3769,1026
2026-03-28 09:10:25,星期六,"105,880,131",3770,1026
2026-03-28 09:20:24,星期六,"105,880,942",3770,1026
2026-03-28 09:30:25,星期六,"105,881,719",3770,1026
2026-03-28 09:40:24,星期六,"105,882,680",3770,1026
2026-03-28 09:50:24,星期六,"105,883,621",3770,1026
2026-03-28 10:00:24,星期六,"105,884,496",3770,1026
2026-03-28 10:10:24,星期六,"105,885,455",3770,1026
2026-03-28 10:20:24,星期六,"105,886,487",3770,1026
2026-03-28 10:30:24,星期六,"105,887,482",3770,1026
2026-03-28 10:40:25,星期六,"105,888,538",3770,1026
2026-03-28 10:50:23,星期六,"105,889,498",3770,1026
2026-03-28 11:00:25,星期六,"105,890,483",3770,1026
2026-03-28 11:10:28,星期六,"105,891,634",3770,1026
2026-03-28 11:20:25,星期六,"105,892,754",3770,1026
2026-03-28 11:30:26,星期六,"105,893,868",3770,1026
2026-03-28 11:40:26,星期六,"105,894,959",3770,1026
2026-03-28 11:50:29,星期六,"105,896,064",3770,1026
2026-03-28 12:00:23,星期六,"105,897,125",3770,1026
2026-03-28 12:10:25,星期六,"105,898,281",3770,1026
2026-03-28 12:20:24,星期六,"105,899,442",3770,1026
2026-03-28 12:30:24,星期六,"105,900,631",3770,1026
2026-03-28 12:40:24,星期六,"105,901,834",3770,1026
2026-03-28 12:50:41,星期六,"105,902,977",3770,1026
2026-03-28 13:00:24,星期六,"105,904,155",3770,1026
2026-03-28 13:10:25,星期六,"105,905,346",3770,1026
2026-03-28 13:20:30,星期六,"105,906,457",3770,1026
2026-03-28 13:30:25,星期六,"105,907,698",3770,1026
2026-03-28 13:40:28,星期六,"105,908,930",3770,1026
2026-03-28 13:50:29,星期六,"105,910,204",3770,1026
2026-03-28 14:00:45,星期六,"105,911,489",3770,1026
2026-03-28 14:10:31,星期六,"105,912,637",3770,1026
2026-03-28 14:20:42,星期六,"105,913,931",3770,1026
2026-03-28 14:30:29,星期六,"105,915,137",3770,1026
2026-03-28 14:40:26,星期六,"105,916,286",3770,1026
2026-03-28 14:50:25,星期六,"105,917,509",3770,1026
2026-03-28 15:00:34,星期六,"105,918,720",3770,1026
2026-03-28 15:10:23,星期六,"105,919,905",3770,1026
2026-03-28 15:20:31,星期六,"105,921,056",3770,1026
2026-03-28 15:30:47,星期六,"105,922,298",3770,1026
2026-03-28 15:40:31,星期六,"105,923,432",3770,1026
2026-03-28 15:50:39,星期六,"105,924,671",3770,1026
2026-03-28 16:00:26,星期六,"105,925,819",3770,1026
2026-03-28 16:10:29,星期六,"105,927,036",3770,1026
2026-03-28 16:20:32,星期六,"105,928,272",3770,1026
2026-03-28 16:30:23,星期六,"105,929,443",3770,1026
2026-03-28 16:40:25,星期六,"105,930,579",3770,1026
2026-03-28 16:50:24,星期六,"105,931,854",3770,1026
2026-03-28 17:00:30,星期六,"105,933,004",3770,1026
2026-03-28 17:10:29,星期六,"105,934,178",3770,1026
2026-03-28 17:20:32,星期六,"105,935,319",3770,1026
2026-03-28 17:30:29,星期六,"105,936,486",3770,1026
2026-03-28 17:40:43,星期六,"105,937,587",3770,1026
2026-03-28 17:50:29,星期六,"105,938,673",3770,1026
2026-03-28 18:00:24,星期六,"105,939,695",3770,1026
2026-03-28 18:10:25,星期六,"105,940,704",3770,1026
2026-03-28 18:20:25,星期六,"105,941,688",3770,1026
2026-03-28 18:30:23,星期六,"105,942,628",3770,1026
2026-03-28 18:40:26,星期六,"105,943,545",3770,1026
2026-03-28 18:50:41,星期六,"105,944,420",3770,1026
2026-03-28 19:00:43,星期六,"105,945,310",3770,1026
2026-03-28 19:10:25,星期六,"105,946,157",3770,1026
2026-03-28 19:20:24,星期六,"105,946,986",3770,1026
2026-03-28 19:30:44,星期六,"105,947,813",3770,1026
2026-03-28 19:40:24,星期六,"105,948,591",3770,1026
2026-03-28 19:50:31,星期六,"105,949,420",3770,1026
2026-03-28 20:00:25,星期六,"105,950,206",3770,1026
2026-03-28 20:10:27,星期六,"105,951,032",3770,1026
2026-03-28 20:20:26,星期六,"105,951,812",3770,1026
2026-03-28 20:30:33,星期六,"105,952,644",3770,1026
2026-03-28 20:40:25,星期六,"105,953,439",3770,1026
2026-03-28 20:50:30,星期六,"105,954,302",3770,1026
2026-03-28 21:00:31,星期六,"105,955,153",3770,1026
2026-03-28 21:10:25,星期六,"105,955,956",3770,1026
2026-03-28 21:20:25,星期六,"105,956,731",3770,1026
2026-03-28 21:30:29,星期六,"105,957,575",3770,1026
2026-03-28 21:40:27,星期六,"105,958,327",3770,1026
2026-03-28 21:50:26,星期六,"105,959,012",3770,1026
2026-03-28 22:00:25,星期六,"105,959,758",3770,1026
2026-03-28 22:10:46,星期六,"105,960,564",3770,1026
2026-03-28 22:20:31,星期六,"105,961,431",3770,1026
2026-03-28 22:30:30,星期六,"105,962,186",3770,1026
2026-03-28 22:40:47,星期六,"105,962,952",3770,1026
2026-03-28 22:50:50,星期六,"105,963,661",3770,1026
2026-03-28 23:00:43,星期六,"105,964,266",3770,1026
2026-03-28 23:10:32,星期六,"105,964,988",3770,1026
2026-03-28 23:20:27,星期六,"105,965,655",3770,1026
2026-03-28 23:30:25,星期六,"105,966,332",3770,1026
2026-03-28 23:40:26,星期六,"105,966,892",3770,1026
2026-03-28 23:50:31,星期六,"105,967,376",3770,1026
2026-03-29 00:00:30,星期日,"105,967,833",3770,1026
2026-03-29 00:10:31,星期日,"105,968,537",3770,1026
2026-03-29 00:20:32,星期日,"105,969,292",3770,1026
2026-03-29 00:30:28,星期日,"105,969,916",3770,1026
2026-03-29 00:40:24,星期日,"105,970,467",3770,1026
2026-03-29 00:50:24,星期日,"105,970,908",3770,1026
2026-03-29 01:00:29,星期日,"105,971,298",3770,1026
2026-03-29 01:10:24,星期日,"105,971,647",3770,1026
2026-03-29 01:20:34,星期日,"105,971,966",3770,1026
2026-03-29 01:30:25,星期日,"105,972,278",3770,1026
2026-03-29 01:40:25,星期日,"105,972,547",3770,1026
2026-03-29 01:50:24,星期日,"105,972,771",3770,1026
2026-03-29 02:00:26,星期日,"105,972,969",3770,1026
2026-03-29 02:10:28,星期日,"105,973,187",3770,1026
2026-03-29 02:20:25,星期日,"105,973,366",3770,1026
2026-03-29 02:30:24,星期日,"105,973,527",3770,1026
2026-03-29 02:40:24,星期日,"105,973,701",3770,1026
2026-03-29 02:50:24,星期日,"105,973,845",3770,1026
2026-03-29 03:00:23,星期日,"105,973,975",3770,1026
2026-03-29 03:10:24,星期日,"105,974,097",3770,1026
2026-03-29 03:20:45,星期日,"105,974,217",3770,1026
2026-03-29 03:30:25,星期日,"105,974,314",3770,1026
2026-03-29 03:40:23,星期日,"105,974,300",3770,1026
2026-03-29 03:50:24,星期日,"105,974,488",3770,1026
2026-03-29 04:00:25,星期日,"105,974,550",3770,1026
2026-03-29 04:10:24,星期日,"105,974,618",3770,1026
2026-03-29 04:20:25,星期日,"105,974,680",3770,1026
2026-03-29 04:30:25,星期日,"105,974,746",3770,1026
2026-03-29 04:40:25,星期日,"105,974,809",3770,1026
2026-03-29 04:50:25,星期日,"105,974,867",3770,1026
2026-03-29 05:00:25,星期日,"105,974,933",3770,1026
2026-03-29 05:10:25,星期日,"105,975,008",3770,1026
2026-03-29 05:20:25,星期日,"105,975,092",3770,1026
2026-03-29 05:30:24,星期日,"105,975,183",3770,1026
2026-03-29 05:40:25,星期日,"105,975,287",3770,1026
2026-03-29 05:50:25,星期日,"105,975,424",3770,1026
2026-03-29 06:00:25,星期日,"105,975,567",3770,1026
2026-03-29 06:10:25,星期日,"105,975,687",3770,1026
2026-03-29 06:20:26,星期日,"105,975,826",3770,1026
2026-03-29 06:30:26,星期日,"105,975,966",3770,1026
2026-03-29 06:40:24,星期日,"105,976,158",3770,1026
2026-03-29 06:50:25,星期日,"105,976,381",3770,1026
2026-03-29 07:00:25,星期日,"105,976,647",3770,1026
2026-03-29 07:10:25,星期日,"105,976,908",3770,1026
2026-03-29 07:20:26,星期日,"105,977,203",3770,1026
2026-03-29 07:30:42,星期日,"105,977,575",3770,1026
2026-03-29 07:40:26,星期日,"105,977,980",3770,1026
2026-03-29 07:50:26,星期日,"105,978,544",3770,1026
2026-03-29 08:00:25,星期日,"105,979,174",3770,1026
2026-03-29 08:10:25,星期日,"105,979,696",3770,1026
2026-03-29 08:20:45,星期日,"105,980,177",3770,1026
2026-03-29 08:30:25,星期日,"105,980,647",3770,1026
2026-03-29 08:40:25,星期日,"105,981,148",3770,1026
2026-03-29 08:50:24,星期日,"105,981,744",3770,1026
2026-03-29 09:00:25,星期日,"105,982,390",3770,1026
2026-03-29 09:10:24,星期日,"105,983,032",3770,1026
2026-03-29 09:20:26,星期日,"105,983,761",3770,1026
2026-03-29 09:30:25,星期日,"105,984,496",3770,1026
2026-03-29 09:40:25,星期日,"105,985,291",3770,1026
2026-03-29 09:50:23,星期日,"105,986,104",3770,1026
2026-03-29 10:00:25,星期日,"105,986,887",3770,1026
2026-03-29 10:10:49,星期日,"105,987,787",3770,1026
2026-03-29 10:20:41,星期日,"105,988,690",3770,1026
2026-03-29 10:30:26,星期日,"105,989,686",3770,1026
2026-03-29 10:40:25,星期日,"105,990,638",3770,1026
2026-03-29 10:50:25,星期日,"105,991,601",3770,1026
2026-03-29 11:00:29,星期日,"105,992,574",3770,1026
2026-03-29 11:10:23,星期日,"105,993,659",3770,1026
2026-03-29 11:20:29,星期日,"105,994,786",3770,1026
2026-03-29 11:30:25,星期日,"105,995,965",3770,1026
2026-03-29 11:40:24,星期日,"105,997,010",3770,1026
2026-03-29 11:50:25,星期日,"105,998,106",3770,1026
2026-03-29 12:00:24,星期日,"105,999,155",3770,1026
2026-03-29 12:10:26,星期日,"106,000,294",3770,1026
2026-03-29 12:20:25,星期日,"106,001,430",3770,1026
2026-03-29 12:30:25,星期日,"106,002,626",3770,1026
2026-03-29 12:40:28,星期日,"106,003,805",3770,1026
2026-03-29 12:50:26,星期日,"106,004,957",3770,1026
2026-03-29 13:00:47,星期日,"106,006,191",3770,1026
2026-03-29 13:10:33,星期日,"106,007,379",3770,1026
2026-03-29 13:20:51,星期日,"106,008,636",3770,1026
2026-03-29 13:30:37,星期日,"106,009,912",3770,1026
2026-03-29 13:40:32,星期日,"106,011,215",3770,1026
2026-03-29 13:50:24,星期日,"106,012,488",3770,1026
2026-03-29 14:00:28,星期日,"106,013,851",3770,1026
2026-03-29 14:10:25,星期日,"106,015,190",3770,1026
2026-03-29 14:20:25,星期日,"106,016,473",3770,1026
2026-03-29 14:30:32,星期日,"106,017,764",3770,1026
2026-03-29 14:40:28,星期日,"106,019,014",3770,1026
2026-03-29 14:50:25,星期日,"106,020,258",3770,1026
2026-03-29 15:00:40,星期日,"106,021,586",3770,1026
2026-03-29 15:10:26,星期日,"106,022,905",3770,1026
2026-03-29 15:20:24,星期日,"106,024,203",3770,1026
2026-03-29 15:30:28,星期日,"106,025,484",3770,1026
2026-03-29 15:40:23,星期日,"106,026,793",3770,1026
2026-03-29 15:50:28,星期日,"106,028,089",3770,1026
2026-03-29 16:00:25,星期日,"106,029,372",3770,1026
2026-03-29 16:10:33,星期日,"106,030,692",3770,1026
2026-03-29 16:20:29,星期日,"106,031,953",3770,1026
2026-03-29 16:30:27,星期日,"106,033,255",3770,1026
2026-03-29 16:40:26,星期日,"106,034,475",3770,1026
2026-03-29 16:50:25,星期日,"106,035,739",3770,1026
2026-03-29 17:00:26,星期日,"106,036,973",3770,1026
2026-03-29 17:10:25,星期日,"106,038,291",3770,1026
2026-03-29 17:20:26,星期日,"106,039,553",3770,1026
2026-03-29 17:30:50,星期日,"106,040,869",3770,1026
2026-03-29 17:40:24,星期日,"106,042,051",3770,1026
2026-03-29 17:50:24,星期日,"106,043,229",3770,1026
2026-03-29 18:00:25,星期日,"106,044,337",3770,1026
2026-03-29 18:10:54,星期日,"106,045,480",3770,1026
2026-03-29 18:20:24,星期日,"106,046,560",3770,1026
2026-03-29 18:30:28,星期日,"106,047,708",3770,1026
2026-03-29 18:40:26,星期日,"106,048,802",3770,1026
2026-03-29 18:50:25,星期日,"106,049,806",3770,1026
2026-03-29 19:00:28,星期日,"106,050,791",3770,1026
2026-03-29 19:10:27,星期日,"106,051,768",3770,1026
2026-03-29 19:20:24,星期日,"106,052,692",3770,1026
2026-03-29 19:30:26,星期日,"106,053,675",3770,1026
2026-03-29 19:40:26,星期日,"106,054,674",3770,1026
2026-03-29 19:50:28,星期日,"106,055,673",3770,1026
2026-03-29 20:00:25,星期日,"106,056,595",3770,1026
2026-03-29 20:10:31,星期日,"106,057,591",3770,1026
2026-03-29 20:20:26,星期日,"106,058,472",3770,1026
2026-03-29 20:30:25,星期日,"106,059,397",3770,1026
2026-03-29 20:40:25,星期日,"106,060,383",3770,1026
2026-03-29 20:50:30,星期日,"106,061,296",3770,1026
2026-03-29 21:00:25,星期日,"106,062,209",3770,1026
2026-03-29 21:10:25,星期日,"106,063,057",3770,1026
2026-03-29 21:20:26,星期日,"106,063,942",3770,1026
2026-03-29 21:30:30,星期日,"106,064,755",3770,1026
2026-03-29 21:40:28,星期日,"106,065,490",3770,1026
2026-03-29 21:50:42,星期日,"106,066,256",3770,1026
2026-03-29 22:00:33,星期日,"106,066,952",3770,1026
2026-03-29 22:10:44,星期日,"106,067,741",3770,1026
2026-03-29 22:20:30,星期日,"106,068,519",3770,1026
2026-03-29 22:30:25,星期日,"106,069,255",3770,1026
2026-03-29 22:40:24,星期日,"106,069,903",3770,1026
2026-03-29 22:50:32,星期日,"106,070,672",3770,1026
2026-03-29 23:00:25,星期日,"106,071,275",3770,1026
2026-03-29 23:10:25,星期日,"106,071,953",3770,1026
2026-03-29 23:20:45,星期日,"106,072,589",3770,1026
2026-03-29 23:30:29,星期日,"106,073,121",3770,1026
2026-03-29 23:40:24,星期日,"106,073,592",3770,1026
2026-03-29 23:50:27,星期日,"106,074,029",3770,1026
2026-03-30 00:00:25,星期一,"106,074,412",3770,1026
2026-03-30 00:10:26,星期一,"106,075,130",3770,1026
2026-03-30 00:20:24,星期一,"106,075,862",3770,1026
2026-03-30 00:30:29,星期一,"106,076,404",3770,1026
2026-03-30 00:40:24,星期一,"106,076,833",3770,1026
2026-03-30 00:50:43,星期一,"106,077,216",3770,1026
2026-03-30 01:00:25,星期一,"106,077,512",3770,1026
2026-03-30 01:10:47,星期一,"106,077,818",3770,1026
2026-03-30 01:20:40,星期一,"106,078,115",3770,1026
2026-03-30 01:30:24,星期一,"106,078,359",3770,1026
2026-03-30 01:40:26,星期一,"106,078,608",3770,1026
2026-03-30 01:50:25,星期一,"106,078,810",3770,1026
2026-03-30 02:00:24,星期一,"106,078,965",3770,1026
2026-03-30 02:10:24,星期一,"106,079,131",3770,1026
2026-03-30 02:20:25,星期一,"106,079,281",3770,1026
2026-03-30 02:30:24,星期一,"106,079,415",3770,1026
2026-03-30 02:40:45,星期一,"106,079,546",3770,1026
2026-03-30 02:50:25,星期一,"106,079,653",3770,1026
2026-03-30 03:00:25,星期一,"106,079,741",3770,1026
2026-03-30 03:10:23,星期一,"106,079,839",3770,1026
2026-03-30 03:20:25,星期一,"106,079,943",3770,1026
2026-03-30 03:30:25,星期一,"106,080,032",3770,1026
2026-03-30 03:40:25,星期一,"106,080,102",3770,1026
2026-03-30 03:50:25,星期一,"106,080,174",3770,1026
2026-03-30 04:00:24,星期一,"106,080,247",3770,1026
2026-03-30 04:10:24,星期一,"106,080,307",3770,1026
2026-03-30 04:20:25,星期一,"106,080,373",3770,1026
2026-03-30 04:30:25,星期一,"106,080,433",3770,1026
2026-03-30 04:40:25,星期一,"106,080,496",3770,1026
2026-03-30 04:50:25,星期一,"106,080,560",3770,1026
2026-03-30 05:00:24,星期一,"106,080,628",3770,1026
2026-03-30 05:10:24,星期一,"106,080,705",3770,1026
2026-03-30 05:20:23,星期一,"106,080,767",3770,1026
2026-03-30 05:30:25,星期一,"106,080,838",3770,1026
2026-03-30 05:40:23,星期一,"106,080,952",3770,1026
2026-03-30 05:50:25,星期一,"106,081,093",3770,1026
2026-03-30 06:00:24,星期一,"106,081,270",3770,1026
2026-03-30 06:10:24,星期一,"106,081,422",3770,1026
2026-03-30 06:20:25,星期一,"106,081,570",3770,1026
2026-03-30 06:30:45,星期一,"106,081,773",3770,1026
2026-03-30 06:40:26,星期一,"106,082,022",3770,1026
2026-03-30 06:50:24,星期一,"106,082,385",3770,1026
2026-03-30 07:00:26,星期一,"106,082,831",3770,1026
2026-03-30 07:10:25,星期一,"106,083,377",3770,1026
2026-03-30 07:20:24,星期一,"106,083,998",3770,1026
2026-03-30 07:30:25,星期一,"106,084,683",3770,1026
2026-03-30 07:40:25,星期一,"106,085,450",3770,1026
2026-03-30 07:50:24,星期一,"106,086,393",3770,1026
2026-03-30 08:00:27,星期一,"106,087,423",3770,1026
2026-03-30 08:10:24,星期一,"106,088,414",3770,1026
2026-03-30 08:20:25,星期一,"106,089,226",3770,1026
2026-03-30 08:30:25,星期一,"106,090,031",3770,1026
2026-03-30 08:40:25,星期一,"106,090,807",3770,1026
2026-03-30 08:51:06,星期一,"106,091,625",3770,1026
2026-03-30 09:00:24,星期一,"106,092,354",3770,1026
2026-03-30 09:10:45,星期一,"106,093,092",3773,1026
2026-03-30 09:20:26,星期一,"106,093,839",3773,1026
2026-03-30 09:30:28,星期一,"106,094,620",3773,1026
2026-03-30 09:40:27,星期一,"106,095,383",3773,1026
2026-03-30 09:50:23,星期一,"106,096,100",3773,1026
2026-03-30 10:00:29,星期一,"106,096,824",3773,1026
2026-03-30 10:10:24,星期一,"106,097,505",3773,1026
2026-03-30 10:20:24,星期一,"106,098,248",3773,1026
2026-03-30 10:30:45,星期一,"106,098,996",3773,1026
2026-03-30 10:40:25,星期一,"106,099,694",3773,1026
2026-03-30 10:50:25,星期一,"106,100,385",3773,1026
2026-03-30 11:00:24,星期一,"106,101,119",3773,1026
2026-03-30 11:10:29,星期一,"106,101,977",3773,1026
2026-03-30 11:20:25,星期一,"106,102,861",3773,1026
2026-03-30 11:30:26,星期一,"106,103,717",3773,1026
2026-03-30 11:40:26,星期一,"106,104,562",3773,1026
2026-03-30 11:50:25,星期一,"106,105,446",3773,1026
2026-03-30 12:00:46,星期一,"106,106,377",3773,1026
2026-03-30 12:10:29,星期一,"106,107,435",3773,1026
2026-03-30 12:20:24,星期一,"106,108,430",3773,1026
2026-03-30 12:30:25,星期一,"106,109,476",3773,1026
2026-03-30 12:40:27,星期一,"106,110,415",3773,1026
2026-03-30 12:50:25,星期一,"106,111,533",3773,1026
2026-03-30 13:00:30,星期一,"106,112,570",3773,1026
2026-03-30 13:10:44,星期一,"106,113,578",3773,1026
2026-03-30 13:20:24,星期一,"106,114,544",3773,1026
2026-03-30 13:30:24,星期一,"106,115,522",3773,1026
2026-03-30 13:40:24,星期一,"106,116,457",3773,1026
2026-03-30 13:50:26,星期一,"106,117,434",3773,1026
2026-03-30 14:00:44,星期一,"106,118,394",3773,1026
2026-03-30 14:10:27,星期一,"106,119,294",3773,1026
2026-03-30 14:20:26,星期一,"106,120,254",3773,1026
2026-03-30 14:30:44,星期一,"106,121,150",3773,1026
2026-03-30 14:40:31,星期一,"106,121,966",3773,1026
2026-03-30 14:50:30,星期一,"106,122,826",3773,1026
2026-03-30 15:00:29,星期一,"106,123,662",3773,1026
2026-03-30 15:10:26,星期一,"106,124,522",3773,1026
2026-03-30 15:20:29,星期一,"106,125,411",3773,1026
2026-03-30 15:30:31,星期一,"106,126,351",3773,1026
2026-03-30 15:40:26,星期一,"106,127,279",3773,1026
2026-03-30 15:50:25,星期一,"106,128,179",3773,1026
2026-03-30 16:00:28,星期一,"106,129,109",3773,1026
2026-03-30 16:10:24,星期一,"106,129,019",3773,1026
2026-03-30 16:20:24,星期一,"106,130,981",3773,1026
2026-03-30 16:30:26,星期一,"106,131,977",3773,1026
2026-03-30 16:40:45,星期一,"106,132,900",3773,1026
2026-03-30 16:50:25,星期一,"106,133,939",3773,1026
2026-03-30 17:00:28,星期一,"106,134,902",3773,1026
2026-03-30 17:10:45,星期一,"106,135,945",3773,1026
2026-03-30 17:20:28,星期一,"106,136,923",3773,1026
2026-03-30 17:30:25,星期一,"106,137,930",3773,1026
2026-03-30 17:40:25,星期一,"106,138,921",3773,1026
2026-03-30 17:50:23,星期一,"106,139,932",3773,1026
2026-03-30 18:00:25,星期一,"106,140,964",3773,1026
2026-03-30 18:10:25,星期一,"106,142,004",3773,1026
2026-03-30 18:20:23,星期一,"106,142,950",3773,1026
2026-03-30 18:30:24,星期一,"106,143,993",3773,1026
2026-03-30 18:40:26,星期一,"106,144,917",3773,1026
2026-03-30 18:50:29,星期一,"106,145,814",3773,1026
2026-03-30 19:00:24,星期一,"106,146,714",3773,1026
2026-03-30 19:10:25,星期一,"106,147,640",3773,1026
2026-03-30 19:20:28,星期一,"106,148,549",3773,1026
2026-03-30 19:30:24,星期一,"106,149,412",3773,1026
2026-03-30 19:40:28,星期一,"106,150,256",3773,1026
2026-03-30 19:50:25,星期一,"106,151,071",3773,1026
2026-03-30 20:00:25,星期一,"106,151,922",3773,1026
2026-03-30 20:10:26,星期一,"106,152,759",3773,1026
2026-03-30 20:20:41,星期一,"106,153,531",3773,1026
2026-03-30 20:30:26,星期一,"106,154,333",3773,1026
2026-03-30 20:40:26,星期一,"106,155,117",3773,1026
2026-03-30 20:50:30,星期一,"106,155,918",3773,1026
2026-03-30 21:00:40,星期一,"106,156,708",3773,1026
2026-03-30 21:10:30,星期一,"106,157,434",3773,1026
2026-03-30 21:20:30,星期一,"106,158,167",3773,1026
2026-03-30 21:30:26,星期一,"106,158,811",3773,1026
2026-03-30 21:40:42,星期一,"106,159,585",3773,1026
2026-03-30 21:50:25,星期一,"106,160,187",3773,1026
2026-03-30 22:00:26,星期一,"106,160,790",3773,1026
2026-03-30 22:10:25,星期一,"106,161,503",3773,1026
2026-03-30 22:20:53,星期一,"106,162,241",3773,1026
2026-03-30 22:30:26,星期一,"106,162,854",3773,1026
2026-03-30 22:40:25,星期一,"106,163,497",3773,1026
2026-03-30 22:50:26,星期一,"106,164,079",3773,1026
2026-03-30 23:00:26,星期一,"106,164,603",3773,1026
2026-03-30 23:10:24,星期一,"106,165,174",3773,1026
2026-03-30 23:20:24,星期一,"106,165,748",3773,1026
2026-03-30 23:30:26,星期一,"106,166,229",3773,1026
2026-03-30 23:40:29,星期一,"106,166,657",3773,1026
2026-03-30 23:50:26,星期一,"106,166,989",3773,1026
2026-03-31 00:00:26,星期二,"106,167,308",3773,1026
2026-03-31 00:10:25,星期二,"106,167,941",3773,1026
2026-03-31 00:20:44,星期二,"106,168,608",3773,1026
2026-03-31 00:30:27,星期二,"106,169,070",3773,1026
2026-03-31 00:40:25,星期二,"106,169,433",3773,1026
2026-03-31 00:50:25,星期二,"106,169,736",3773,1026
2026-03-31 01:00:29,星期二,"106,170,020",3773,1026
2026-03-31 01:10:25,星期二,"106,170,334",3773,1026
2026-03-31 01:20:24,星期二,"106,170,600",3773,1026
2026-03-31 01:30:28,星期二,"106,170,829",3773,1026
2026-03-31 01:40:25,星期二,"106,171,037",3773,1026
2026-03-31 01:50:25,星期二,"106,171,227",3773,1026
2026-03-31 02:00:24,星期二,"106,171,366",3773,1026
2026-03-31 02:10:45,星期二,"106,171,535",3773,1026
2026-03-31 02:20:25,星期二,"106,171,666",3773,1026
2026-03-31 02:30:25,星期二,"106,171,805",3773,1026
2026-03-31 02:40:25,星期二,"106,171,936",3773,1026
2026-03-31 02:50:24,星期二,"106,172,029",3773,1026
2026-03-31 03:00:26,星期二,"106,172,131",3773,1026
2026-03-31 03:10:24,星期二,"106,172,216",3773,1026
2026-03-31 03:20:26,星期二,"106,172,296",3773,1026
2026-03-31 03:30:23,星期二,"106,172,381",3773,1026
2026-03-31 03:40:44,星期二,"106,172,459",3773,1026
2026-03-31 03:50:25,星期二,"106,172,529",3773,1026
2026-03-31 04:00:25,星期二,"106,172,597",3773,1026
2026-03-31 04:10:25,星期二,"106,172,669",3773,1026
2026-03-31 04:20:25,星期二,"106,172,726",3773,1026
2026-03-31 04:30:28,星期二,"106,172,780",3773,1026
2026-03-31 04:40:24,星期二,"106,172,828",3773,1026
2026-03-31 04:50:26,星期二,"106,172,881",3773,1026
2026-03-31 05:00:24,星期二,"106,172,937",3773,1026
2026-03-31 05:10:45,星期二,"106,173,008",3773,1026
2026-03-31 05:20:28,星期二,"106,173,064",3773,1026
2026-03-31 05:30:25,星期二,"106,173,123",3773,1026
2026-03-31 05:40:26,星期二,"106,173,194",3773,1026
2026-03-31 05:50:25,星期二,"106,173,320",3773,1026
2026-03-31 06:00:26,星期二,"106,173,460",3773,1026
2026-03-31 06:10:24,星期二,"106,173,594",3773,1026
2026-03-31 06:20:26,星期二,"106,173,727",3773,1026
2026-03-31 06:30:25,星期二,"106,173,925",3773,1026
2026-03-31 06:40:24,星期二,"106,174,147",3773,1026
2026-03-31 06:50:42,星期二,"106,174,475",3773,1026
2026-03-31 07:00:26,星期二,"106,174,926",3773,1026
2026-03-31 07:10:24,星期二,"106,175,423",3773,1026
2026-03-31 07:20:25,星期二,"106,175,947",3773,1026
2026-03-31 07:30:44,星期二,"106,176,614",3773,1026
2026-03-31 07:40:24,星期二,"106,177,412",3773,1026
2026-03-31 07:50:25,星期二,"106,178,334",3773,1026
2026-03-31 08:00:26,星期二,"106,179,349",3773,1026
2026-03-31 08:10:25,星期二,"106,180,288",3773,1026
2026-03-31 08:20:25,星期二,"106,181,156",3773,1026
2026-03-31 08:30:25,星期二,"106,181,939",3773,1026
2026-03-31 08:40:58,星期二,"106,182,768",3773,1026
2026-03-31 08:50:25,星期二,"106,183,477",3773,1026
2026-03-31 09:00:25,星期二,"106,184,243",3773,1026
2026-03-31 09:10:24,星期二,"106,184,993",3786,1027
2026-03-31 09:20:24,星期二,"106,185,753",3786,1027
2026-03-31 09:30:25,星期二,"106,186,522",3786,1027
2026-03-31 09:40:25,星期二,"106,187,257",3786,1027
2026-03-31 09:50:24,星期二,"106,188,003",3786,1027
2026-03-31 10:00:25,星期二,"106,188,744",3786,1027
2026-03-31 10:10:30,星期二,"106,189,485",3786,1027
2026-03-31 10:20:54,星期二,"106,190,244",3786,1027
2026-03-31 10:30:29,星期二,"106,190,934",3786,1027
2026-03-31 10:40:25,星期二,"106,191,636",3786,1027
2026-03-31 10:50:25,星期二,"106,192,371",3786,1027
2026-03-31 11:00:25,星期二,"106,193,083",3786,1027
2026-03-31 11:10:45,星期二,"106,193,990",3786,1027
2026-03-31 11:20:25,星期二,"106,194,879",3786,1027
2026-03-31 11:30:26,星期二,"106,195,774",3786,1027
2026-03-31 11:40:25,星期二,"106,196,643",3786,1027
2026-03-31 11:50:25,星期二,"106,197,607",3786,1027
2026-03-31 12:00:25,星期二,"106,198,514",3786,1027
2026-03-31 12:10:25,星期二,"106,199,536",3786,1027
2026-03-31 12:20:26,星期二,"106,200,580",3786,1027
2026-03-31 12:30:28,星期二,"106,201,642",3786,1027
2026-03-31 12:40:26,星期二,"106,202,711",3786,1027
2026-03-31 12:50:26,星期二,"106,203,727",3786,1027
2026-03-31 13:00:29,星期二,"106,204,828",3786,1027
2026-03-31 13:10:25,星期二,"106,205,829",3786,1027
2026-03-31 13:20:43,星期二,"106,206,861",3786,1027
2026-03-31 13:30:25,星期二,"106,207,861",3786,1027
2026-03-31 13:40:26,星期二,"106,208,930",3786,1027
2026-03-31 13:50:25,星期二,"106,209,945",3786,1027
2026-03-31 14:00:25,星期二,"106,210,008",3786,1027
2026-03-31 14:10:48,星期二,"106,212,014",3786,1027
2026-03-31 14:20:26,星期二,"106,212,912",3786,1027
2026-03-31 14:30:44,星期二,"106,213,846",3786,1027
2026-03-31 14:40:28,星期二,"106,214,726",3786,1027
2026-03-31 14:50:25,星期二,"106,215,628",3786,1027
2026-03-31 15:00:43,星期二,"106,216,574",3786,1027
2026-03-31 15:10:28,星期二,"106,217,491",3786,1027
2026-03-31 15:20:26,星期二,"106,218,446",3786,1027
2026-03-31 15:30:45,星期二,"106,219,448",3786,1027
2026-03-31 15:40:26,星期二,"106,220,411",3786,1027
2026-03-31 15:50:51,星期二,"106,221,430",3786,1027
2026-03-31 16:00:30,星期二,"106,222,303",3786,1027
2026-03-31 16:10:28,星期二,"106,223,372",3786,1027
2026-03-31 16:20:25,星期二,"106,224,376",3786,1027
2026-03-31 16:30:26,星期二,"106,225,382",3786,1027
2026-03-31 16:40:25,星期二,"106,226,448",3786,1027
2026-03-31 16:50:28,星期二,"106,227,449",3786,1027
2026-03-31 17:00:26,星期二,"106,228,476",3786,1027
2026-03-31 17:10:25,星期二,"106,229,467",3786,1027
2026-03-31 17:20:25,星期二,"106,230,472",3786,1027
2026-03-31 17:30:25,星期二,"106,231,548",3786,1027
2026-03-31 17:40:24,星期二,"106,232,643",3786,1027
2026-03-31 17:50:25,星期二,"106,233,729",3786,1027
2026-03-31 18:00:56,星期二,"106,234,835",3786,1027
2026-03-31 18:10:25,星期二,"106,235,862",3786,1027
2026-03-31 18:20:30,星期二,"106,236,935",3786,1027
2026-03-31 18:30:25,星期二,"106,237,923",3786,1027
2026-03-31 18:40:43,星期二,"106,239,031",3786,1027
2026-03-31 18:50:28,星期二,"106,240,070",3786,1027
2026-03-31 19:00:25,星期二,"106,241,052",3786,1027
2026-03-31 19:10:42,星期二,"106,242,036",3786,1027
2026-03-31 19:20:25,星期二,"106,242,973",3786,1027
2026-03-31 19:30:24,星期二,"106,243,901",3786,1027
2026-03-31 19:40:44,星期二,"106,244,890",3786,1027
2026-03-31 19:50:29,星期二,"106,245,821",3786,1027
2026-03-31 20:00:25,星期二,"106,246,754",3786,1027
2026-03-31 20:10:27,星期二,"106,247,659",3786,1027
2026-03-31 20:20:27,星期二,"106,248,639",3786,1027
2026-03-31 20:30:26,星期二,"106,249,558",3786,1027
2026-03-31 20:40:25,星期二,"106,250,502",3786,1027
2026-03-31 20:50:41,星期二,"106,251,423",3786,1027
2026-03-31 21:00:30,星期二,"106,252,334",3786,1027
2026-03-31 21:10:26,星期二,"106,253,168",3786,1027
2026-03-31 21:20:25,星期二,"106,254,051",3786,1027
2026-03-31 21:30:32,星期二,"106,254,893",3786,1027
2026-03-31 21:40:29,星期二,"106,255,748",3786,1027
2026-03-31 21:50:42,星期二,"106,256,544",3786,1027
2026-03-31 22:00:26,星期二,"106,257,235",3786,1027
2026-03-31 22:10:33,星期二,"106,258,058",3786,1027
2026-03-31 22:20:31,星期二,"106,258,834",3786,1027
2026-03-31 22:30:32,星期二,"106,259,580",3786,1027
2026-03-31 22:40:32,星期二,"106,260,328",3786,1027
2026-03-31 22:50:30,星期二,"106,261,041",3786,1027
2026-03-31 23:00:29,星期二,"106,261,616",3786,1027
2026-03-31 23:10:26,星期二,"106,262,302",3786,1027
2026-03-31 23:20:45,星期二,"106,263,039",3786,1027
2026-03-31 23:30:29,星期二,"106,263,597",3786,1027
2026-03-31 23:40:40,星期二,"106,264,117",3786,1027
2026-03-31 23:50:31,星期二,"106,264,558",3786,1027
2026-04-01 00:00:25,星期三,"106,264,989",3786,1027
2026-04-01 00:10:32,星期三,"106,265,693",3786,1027
2026-04-01 00:20:33,星期三,"106,266,412",3786,1027
2026-04-01 00:30:28,星期三,"106,266,936",3786,1027
2026-04-01 00:40:30,星期三,"106,267,384",3786,1027
2026-04-01 00:50:31,星期三,"106,267,737",3786,1027
2026-04-01 01:10:31,星期三,"106,268,382",3786,1027
2026-04-01 01:20:27,星期三,"106,268,693",3786,1027
2026-04-01 01:30:26,星期三,"106,268,949",3786,1027
2026-04-01 01:40:27,星期三,"106,269,161",3786,1027
2026-04-01 01:50:25,星期三,"106,269,360",3786,1027
2026-04-01 02:00:25,星期三,"106,269,531",3786,1027
2026-04-01 02:10:27,星期三,"106,269,704",3786,1027
2026-04-01 02:20:26,星期三,"106,269,856",3786,1027
2026-04-01 02:30:23,星期三,"106,270,011",3786,1027
2026-04-01 02:40:25,星期三,"106,270,146",3786,1027
2026-04-01 02:50:25,星期三,"106,270,273",3786,1027
2026-04-01 03:00:25,星期三,"106,270,393",3786,1027
2026-04-01 03:10:30,星期三,"106,270,492",3786,1027
2026-04-01 03:20:25,星期三,"106,270,586",3786,1027
2026-04-01 03:30:29,星期三,"106,270,670",3786,1027
2026-04-01 03:40:25,星期三,"106,270,751",3786,1027
2026-04-01 03:50:24,星期三,"106,270,843",3786,1027
2026-04-01 04:00:24,星期三,"106,270,913",3786,1027
2026-04-01 04:10:25,星期三,"106,270,973",3786,1027
2026-04-01 04:20:24,星期三,"106,271,044",3786,1027
2026-04-01 04:30:46,星期三,"106,271,124",3786,1027
2026-04-01 04:40:25,星期三,"106,271,170",3786,1027
2026-04-01 04:50:24,星期三,"106,271,240",3786,1027
2026-04-01 05:00:25,星期三,"106,271,307",3786,1027
2026-04-01 05:10:28,星期三,"106,271,363",3786,1027
2026-04-01 05:20:25,星期三,"106,271,440",3786,1027
2026-04-01 05:30:24,星期三,"106,271,543",3786,1027
2026-04-01 05:40:25,星期三,"106,271,634",3786,1027
2026-04-01 05:50:25,星期三,"106,271,781",3786,1027
2026-04-01 06:00:24,星期三,"106,271,965",3786,1027
2026-04-01 06:10:23,星期三,"106,272,101",3786,1027
2026-04-01 06:20:24,星期三,"106,272,249",3786,1027
2026-04-01 06:30:23,星期三,"106,272,465",3786,1027
2026-04-01 06:40:25,星期三,"106,272,734",3786,1027
2026-04-01 06:50:24,星期三,"106,273,130",3786,1027
2026-04-01 07:00:24,星期三,"106,273,604",3786,1027
2026-04-01 07:10:24,星期三,"106,274,082",3786,1027
2026-04-01 07:20:24,星期三,"106,274,656",3786,1027
2026-04-01 07:30:24,星期三,"106,275,348",3786,1027
2026-04-01 07:40:25,星期三,"106,276,246",3786,1027
2026-04-01 07:50:24,星期三,"106,277,141",3786,1027
2026-04-01 08:00:26,星期三,"106,278,103",3786,1027
2026-04-01 08:10:25,星期三,"106,279,119",3786,1027
2026-04-01 08:20:24,星期三,"106,279,963",3786,1027
2026-04-01 08:30:24,星期三,"106,280,765",3786,1027
2026-04-01 08:40:25,星期三,"106,281,575",3786,1027
2026-04-01 08:50:42,星期三,"106,282,430",3786,1027
2026-04-01 09:00:26,星期三,"106,283,238",3786,1027
2026-04-01 09:10:24,星期三,"106,284,040",3786,1027
2026-04-01 09:20:24,星期三,"106,284,891",3786,1027
2026-04-01 09:30:24,星期三,"106,285,732",3786,1027
2026-04-01 09:40:24,星期三,"106,286,576",3786,1027
2026-04-01 09:50:25,星期三,"106,287,427",3786,1027
2026-04-01 10:00:24,星期三,"106,288,261",3786,1027
2026-04-01 10:10:25,星期三,"106,289,085",3786,1027
2026-04-01 10:20:26,星期三,"106,289,902",3786,1027
2026-04-01 10:30:24,星期三,"106,290,739",3786,1027
2026-04-01 10:40:28,星期三,"106,291,611",3786,1027
2026-04-01 10:50:25,星期三,"106,292,402",3786,1027
2026-04-01 11:00:41,星期三,"106,293,266",3786,1027
2026-04-01 11:10:25,星期三,"106,294,188",3786,1027
2026-04-01 11:20:25,星期三,"106,295,216",3786,1027
2026-04-01 11:30:26,星期三,"106,296,180",3786,1027
2026-04-01 11:40:25,星期三,"106,297,159",3786,1027
2026-04-01 11:50:24,星期三,"106,298,126",3786,1027
2026-04-01 12:00:24,星期三,"106,299,112",3786,1027
2026-04-01 12:10:25,星期三,"106,300,278",3786,1027
2026-04-01 12:20:24,星期三,"106,301,454",3786,1027
2026-04-01 12:30:25,星期三,"106,302,649",3786,1027
2026-04-01 12:40:44,星期三,"106,303,798",3786,1027
2026-04-01 12:50:27,星期三,"106,304,963",3786,1027
2026-04-01 13:00:24,星期三,"106,306,109",3786,1027
2026-04-01 13:10:29,星期三,"106,307,219",3786,1027
2026-04-01 13:20:25,星期三,"106,308,270",3786,1027
2026-04-01 13:30:26,星期三,"106,309,379",3786,1027
2026-04-01 13:40:25,星期三,"106,310,474",3786,1027
2026-04-01 13:50:24,星期三,"106,311,619",3786,1027
2026-04-01 14:00:25,星期三,"106,312,733",3786,1027
2026-04-01 14:10:52,星期三,"106,313,886",3786,1027
2026-04-01 14:20:27,星期三,"106,314,858",3786,1027
2026-04-01 14:30:24,星期三,"106,315,910",3786,1027
2026-04-01 14:40:25,星期三,"106,316,923",3786,1027
2026-04-01 14:50:27,星期三,"106,317,925",3786,1027
2026-04-01 15:00:25,星期三,"106,318,966",3786,1027
2026-04-01 15:10:27,星期三,"106,319,931",3786,1027
2026-04-01 15:20:24,星期三,"106,320,953",3786,1027
2026-04-01 15:30:25,星期三,"106,321,968",3786,1027
2026-04-01 15:40:25,星期三,"106,322,984",3786,1027
2026-04-01 15:50:46,星期三,"106,324,040",3786,1027
2026-04-01 16:00:23,星期三,"106,325,056",3786,1027
2026-04-01 16:10:25,星期三,"106,326,080",3786,1027
2026-04-01 16:20:23,星期三,"106,327,050",3786,1027
2026-04-01 16:30:26,星期三,"106,328,048",3786,1027
2026-04-01 16:40:24,星期三,"106,329,037",3786,1027
2026-04-01 16:50:27,星期三,"106,330,065",3786,1027
2026-04-01 17:00:23,星期三,"106,331,144",3786,1027
2026-04-01 17:10:25,星期三,"106,332,239",3786,1027
2026-04-01 17:20:24,星期三,"106,333,202",3786,1027
2026-04-01 17:30:25,星期三,"106,334,356",3786,1027
2026-04-01 17:40:25,星期三,"106,335,433",3786,1027
2026-04-01 17:50:24,星期三,"106,336,516",3786,1027
2026-04-01 18:00:23,星期三,"106,337,605",3786,1027
2026-04-01 18:10:25,星期三,"106,338,673",3786,1027
2026-04-01 18:20:24,星期三,"106,339,676",3786,1027
2026-04-01 18:30:24,星期三,"106,340,709",3786,1027
2026-04-01 18:40:25,星期三,"106,341,726",3786,1027
2026-04-01 18:50:54,星期三,"106,342,784",3786,1027
2026-04-01 19:00:26,星期三,"106,343,724",3786,1027
2026-04-01 19:10:24,星期三,"106,344,658",3786,1027
2026-04-01 19:20:25,星期三,"106,345,563",3786,1027
2026-04-01 19:30:45,星期三,"106,346,514",3786,1027
2026-04-01 19:40:25,星期三,"106,347,358",3786,1027
2026-04-01 19:50:42,星期三,"106,348,262",3786,1027
2026-04-01 20:00:25,星期三,"106,349,179",3786,1027
2026-04-01 20:10:25,星期三,"106,350,067",3786,1027
2026-04-01 20:20:28,星期三,"106,350,931",3786,1027
2026-04-01 20:30:25,星期三,"106,351,812",3786,1027
2026-04-01 20:40:28,星期三,"106,352,689",3786,1027
2026-04-01 20:50:25,星期三,"106,353,544",3786,1027
2026-04-01 21:00:25,星期三,"106,354,370",3786,1027
2026-04-01 21:10:28,星期三,"106,355,199",3786,1027
2026-04-01 21:20:25,星期三,"106,355,016",3786,1027
2026-04-01 21:30:26,星期三,"106,356,867",3786,1027
2026-04-01 21:40:30,星期三,"106,357,609",3786,1027
2026-04-01 21:50:24,星期三,"106,358,306",3786,1027
2026-04-01 22:00:52,星期三,"106,359,003",3786,1027
2026-04-01 22:10:26,星期三,"106,359,810",3786,1027
2026-04-01 22:20:27,星期三,"106,360,606",3786,1027
2026-04-01 22:30:26,星期三,"106,361,302",3786,1027
2026-04-01 22:40:26,星期三,"106,362,059",3786,1027
2026-04-01 22:50:29,星期三,"106,362,767",3786,1027
2026-04-01 23:00:33,星期三,"106,363,346",3786,1027
2026-04-01 23:10:29,星期三,"106,363,971",3786,1027
2026-04-01 23:20:26,星期三,"106,364,612",3786,1027
2026-04-01 23:30:28,星期三,"106,365,215",3786,1027
2026-04-01 23:40:28,星期三,"106,365,689",3786,1027
2026-04-01 23:50:25,星期三,"106,366,162",3786,1027
2026-04-02 00:00:24,星期四,"106,366,552",3786,1027
2026-04-02 00:10:29,星期四,"106,367,259",3786,1027
2026-04-02 00:20:29,星期四,"106,367,917",3786,1027
2026-04-02 00:30:25,星期四,"106,368,461",3786,1027
2026-04-02 00:40:25,星期四,"106,368,912",3786,1027
2026-04-02 00:50:25,星期四,"106,369,278",3786,1027
2026-04-02 01:00:24,星期四,"106,369,621",3786,1027
2026-04-02 01:10:26,星期四,"106,369,940",3786,1027
2026-04-02 01:20:44,星期四,"106,370,231",3786,1027
2026-04-02 01:30:43,星期四,"106,370,477",3786,1027
2026-04-02 01:40:24,星期四,"106,370,722",3786,1027
2026-04-02 01:50:25,星期四,"106,370,894",3786,1027
2026-04-02 02:00:24,星期四,"106,371,037",3786,1027
2026-04-02 02:10:25,星期四,"106,371,231",3786,1027
2026-04-02 02:20:25,星期四,"106,371,391",3786,1027
2026-04-02 02:30:29,星期四,"106,371,522",3786,1027
2026-04-02 02:40:24,星期四,"106,371,655",3786,1027
2026-04-02 02:50:26,星期四,"106,371,775",3786,1027
2026-04-02 03:00:25,星期四,"106,371,874",3786,1027
2026-04-02 03:10:26,星期四,"106,371,979",3786,1027
2026-04-02 03:20:25,星期四,"106,372,068",3786,1027
2026-04-02 03:30:24,星期四,"106,372,142",3786,1027
2026-04-02 03:40:24,星期四,"106,372,218",3786,1027
2026-04-02 03:50:45,星期四,"106,372,312",3786,1027
2026-04-02 04:00:25,星期四,"106,372,367",3786,1027
2026-04-02 04:10:25,星期四,"106,372,448",3786,1027
2026-04-02 04:20:25,星期四,"106,372,518",3786,1027
2026-04-02 04:30:24,星期四,"106,372,581",3786,1027
2026-04-02 04:40:26,星期四,"106,372,628",3786,1027
2026-04-02 04:50:23,星期四,"106,372,708",3786,1027
2026-04-02 05:00:29,星期四,"106,372,771",3786,1027
2026-04-02 05:10:25,星期四,"106,372,834",3786,1027
2026-04-02 05:20:25,星期四,"106,372,914",3786,1027
2026-04-02 05:30:25,星期四,"106,372,981",3786,1027
2026-04-02 05:40:24,星期四,"106,373,074",3786,1027
2026-04-02 05:50:24,星期四,"106,373,215",3786,1027
2026-04-02 06:00:25,星期四,"106,373,379",3786,1027
2026-04-02 06:10:23,星期四,"106,373,517",3786,1027
2026-04-02 06:20:28,星期四,"106,373,691",3786,1027
2026-04-02 06:30:24,星期四,"106,373,888",3786,1027
2026-04-02 06:40:26,星期四,"106,374,129",3786,1027
2026-04-02 06:50:24,星期四,"106,374,476",3786,1027
2026-04-02 07:00:44,星期四,"106,374,931",3786,1027
2026-04-02 07:10:24,星期四,"106,375,404",3786,1027
2026-04-02 07:20:24,星期四,"106,375,937",3786,1027
2026-04-02 07:30:54,星期四,"106,376,637",3786,1027
2026-04-02 07:40:25,星期四,"106,377,339",3786,1027
2026-04-02 07:50:25,星期四,"106,378,166",3786,1027
2026-04-02 08:00:24,星期四,"106,379,104",3786,1027
2026-04-02 08:10:46,星期四,"106,380,174",3786,1027
2026-04-02 08:20:44,星期四,"106,380,981",3786,1027
2026-04-02 08:30:45,星期四,"106,381,712",3786,1027
2026-04-02 08:40:25,星期四,"106,382,483",3786,1027
2026-04-02 08:50:24,星期四,"106,383,281",3786,1027
2026-04-02 09:00:25,星期四,"106,384,083",3786,1027
2026-04-02 09:10:26,星期四,"106,384,953",3788,1027
2026-04-02 09:20:45,星期四,"106,385,750",3788,1027
2026-04-02 09:30:26,星期四,"106,386,548",3788,1027
2026-04-02 09:40:45,星期四,"106,387,393",3788,1027
2026-04-02 09:50:24,星期四,"106,388,248",3788,1027
2026-04-02 10:00:25,星期四,"106,389,116",3788,1027
2026-04-02 10:10:25,星期四,"106,389,986",3788,1027
2026-04-02 10:20:25,星期四,"106,390,846",3788,1027
2026-04-02 10:30:26,星期四,"106,391,718",3788,1027
2026-04-02 10:40:26,星期四,"106,392,519",3788,1027
2026-04-02 10:50:24,星期四,"106,393,344",3788,1027
2026-04-02 11:00:26,星期四,"106,394,239",3788,1027
2026-04-02 11:10:26,星期四,"106,395,108",3788,1027
2026-04-02 11:20:26,星期四,"106,396,140",3788,1027
2026-04-02 11:30:26,星期四,"106,397,134",3788,1027
2026-04-02 11:40:25,星期四,"106,398,105",3788,1027
2026-04-02 11:50:29,星期四,"106,399,086",3788,1027
2026-04-02 12:00:29,星期四,"106,400,093",3788,1027
2026-04-02 12:10:24,星期四,"106,401,144",3788,1027
2026-04-02 12:20:23,星期四,"106,402,312",3788,1027
2026-04-02 12:30:24,星期四,"106,403,463",3788,1027
2026-04-02 12:40:33,星期四,"106,404,613",3788,1027
2026-04-02 12:50:25,星期四,"106,405,796",3788,1027
2026-04-02 13:00:27,星期四,"106,406,919",3788,1027
2026-04-02 13:10:25,星期四,"106,408,071",3788,1027
2026-04-02 13:20:24,星期四,"106,409,201",3788,1027
2026-04-02 13:30:25,星期四,"106,410,319",3788,1027
2026-04-02 13:40:25,星期四,"106,411,399",3788,1027
2026-04-02 13:50:25,星期四,"106,412,533",3788,1027
2026-04-02 14:00:24,星期四,"106,413,736",3788,1027
2026-04-02 14:10:26,星期四,"106,414,822",3788,1027
2026-04-02 14:20:24,星期四,"106,415,874",3788,1027
2026-04-02 14:30:35,星期四,"106,416,969",3788,1027
2026-04-02 14:40:24,星期四,"106,417,950",3788,1027
2026-04-02 14:50:46,星期四,"106,419,017",3788,1027
2026-04-02 15:00:25,星期四,"106,419,020",3788,1027
2026-04-02 15:10:24,星期四,"106,420,993",3788,1027
2026-04-02 15:20:46,星期四,"106,422,038",3788,1027
2026-04-02 15:30:43,星期四,"106,423,040",3788,1027
2026-04-02 15:40:41,星期四,"106,424,074",3788,1027
2026-04-02 15:50:44,星期四,"106,425,160",3788,1027
2026-04-02 16:00:25,星期四,"106,426,166",3788,1027
2026-04-02 16:10:45,星期四,"106,427,234",3788,1027
2026-04-02 16:20:26,星期四,"106,428,306",3788,1027
2026-04-02 16:30:25,星期四,"106,429,410",3788,1027
2026-04-02 16:40:26,星期四,"106,430,492",3788,1027
2026-04-02 16:50:26,星期四,"106,431,604",3788,1027
2026-04-02 17:00:55,星期四,"106,432,713",3788,1027
2026-04-02 17:10:25,星期四,"106,433,774",3788,1027
2026-04-02 17:20:28,星期四,"106,434,853",3788,1027
2026-04-02 17:30:24,星期四,"106,435,995",3788,1027
2026-04-02 17:40:24,星期四,"106,437,156",3788,1027
2026-04-02 17:50:43,星期四,"106,438,329",3788,1027
2026-04-02 18:00:45,星期四,"106,439,505",3788,1027
2026-04-02 18:10:25,星期四,"106,440,572",3788,1027
2026-04-02 18:20:46,星期四,"106,441,631",3788,1027
2026-04-02 18:30:27,星期四,"106,442,677",3788,1027
2026-04-02 18:40:44,星期四,"106,443,686",3788,1027
2026-04-02 18:50:25,星期四,"106,444,663",3788,1027
2026-04-02 19:00:42,星期四,"106,445,652",3788,1027
2026-04-02 19:10:30,星期四,"106,446,617",3788,1027
2026-04-02 19:20:28,星期四,"106,447,563",3788,1027
2026-04-02 19:30:24,星期四,"106,448,477",3788,1027
2026-04-02 19:40:45,星期四,"106,449,438",3788,1027
2026-04-02 19:50:27,星期四,"106,450,324",3788,1027
2026-04-02 20:00:26,星期四,"106,451,256",3788,1027
2026-04-02 20:10:26,星期四,"106,452,131",3788,1027
2026-04-02 20:20:25,星期四,"106,453,057",3788,1027
2026-04-02 20:30:43,星期四,"106,453,967",3788,1027
2026-04-02 20:40:26,星期四,"106,454,830",3788,1027
2026-04-02 20:50:43,星期四,"106,455,713",3788,1027
2026-04-02 21:00:28,星期四,"106,456,576",3788,1027
2026-04-02 21:10:24,星期四,"106,457,444",3788,1027
2026-04-02 21:20:43,星期四,"106,458,281",3788,1027
2026-04-02 21:30:44,星期四,"106,459,142",3788,1027
2026-04-02 21:40:41,星期四,"106,459,927",3788,1027
2026-04-02 21:50:36,星期四,"106,460,659",3788,1027
2026-04-02 22:00:27,星期四,"106,461,371",3788,1027
2026-04-02 22:10:29,星期四,"106,462,253",3788,1027
2026-04-02 22:20:27,星期四,"106,463,101",3788,1027
2026-04-02 22:30:25,星期四,"106,463,858",3788,1027
2026-04-02 22:40:48,星期四,"106,464,634",3788,1027
2026-04-02 22:50:28,星期四,"106,465,328",3788,1027
2026-04-02 23:00:26,星期四,"106,465,943",3788,1027
2026-04-02 23:10:43,星期四,"106,466,650",3788,1027
2026-04-02 23:20:26,星期四,"106,467,368",3788,1027
2026-04-02 23:30:44,星期四,"106,468,005",3788,1027
2026-04-02 23:40:25,星期四,"106,468,557",3788,1027
2026-04-02 23:50:41,星期四,"106,469,068",3788,1027
2026-04-03 00:00:29,星期五,"106,469,486",3788,1027
2026-04-03 00:10:27,星期五,"106,470,232",3788,1027
2026-04-03 00:20:26,星期五,"106,471,057",3788,1027
2026-04-03 00:30:26,星期五,"106,471,669",3788,1027
2026-04-03 00:40:28,星期五,"106,472,163",3788,1027
2026-04-03 00:50:24,星期五,"106,472,590",3788,1027
2026-04-03 01:00:29,星期五,"106,472,980",3788,1027
2026-04-03 01:10:25,星期五,"106,473,303",3788,1027
2026-04-03 01:20:37,星期五,"106,473,635",3788,1027
2026-04-03 01:30:23,星期五,"106,473,939",3788,1027
2026-04-03 01:40:25,星期五,"106,474,187",3788,1027
2026-04-03 01:50:25,星期五,"106,474,423",3788,1027
2026-04-03 02:00:26,星期五,"106,474,621",3788,1027
2026-04-03 02:10:25,星期五,"106,474,846",3788,1027
2026-04-03 02:20:24,星期五,"106,475,030",3788,1027
2026-04-03 02:30:28,星期五,"106,475,223",3788,1027
2026-04-03 02:40:25,星期五,"106,475,354",3788,1027
2026-04-03 02:50:24,星期五,"106,475,484",3788,1027
2026-04-03 03:00:24,星期五,"106,475,607",3788,1027
2026-04-03 03:10:25,星期五,"106,475,718",3788,1027
2026-04-03 03:20:25,星期五,"106,475,813",3788,1027
2026-04-03 03:30:25,星期五,"106,475,899",3788,1027
2026-04-03 03:40:51,星期五,"106,475,997",3788,1027
2026-04-03 03:50:27,星期五,"106,476,099",3788,1027
2026-04-03 04:00:26,星期五,"106,476,178",3788,1027
2026-04-03 04:10:42,星期五,"106,476,252",3788,1027
2026-04-03 04:20:29,星期五,"106,476,319",3788,1027
2026-04-03 04:30:25,星期五,"106,476,398",3788,1027
2026-04-03 04:40:25,星期五,"106,476,468",3788,1027
2026-04-03 04:50:24,星期五,"106,476,535",3788,1027
2026-04-03 05:00:53,星期五,"106,476,619",3788,1027
2026-04-03 05:10:25,星期五,"106,476,682",3788,1027
2026-04-03 05:20:24,星期五,"106,476,771",3788,1027
2026-04-03 05:30:24,星期五,"106,476,864",3788,1027
2026-04-03 05:40:24,星期五,"106,476,991",3788,1027
2026-04-03 05:50:25,星期五,"106,477,138",3788,1027
2026-04-03 06:00:24,星期五,"106,477,315",3788,1027
2026-04-03 06:10:25,星期五,"106,477,451",3788,1027
2026-04-03 06:20:23,星期五,"106,477,606",3788,1027
2026-04-03 06:30:25,星期五,"106,477,828",3788,1027
2026-04-03 06:40:25,星期五,"106,478,120",3788,1027
2026-04-03 06:50:24,星期五,"106,478,504",3788,1027
2026-04-03 07:00:24,星期五,"106,478,963",3788,1027
2026-04-03 07:10:45,星期五,"106,479,479",3788,1027
2026-04-03 07:20:26,星期五,"106,480,006",3788,1027
2026-04-03 07:30:25,星期五,"106,480,726",3788,1027
2026-04-03 07:40:25,星期五,"106,481,549",3788,1027
2026-04-03 07:50:25,星期五,"106,482,501",3788,1027
2026-04-03 08:00:55,星期五,"106,483,579",3788,1027
2026-04-03 08:10:24,星期五,"106,484,514",3788,1027
2026-04-03 08:20:24,星期五,"106,485,370",3788,1027
2026-04-03 08:30:53,星期五,"106,486,207",3788,1027
2026-04-03 08:40:25,星期五,"106,487,038",3788,1027
2026-04-03 08:50:25,星期五,"106,487,857",3788,1027
2026-04-03 09:00:25,星期五,"106,488,706",3788,1027
2026-04-03 09:10:24,星期五,"106,489,521",3788,1027
2026-04-03 09:20:24,星期五,"106,490,355",3788,1027
2026-04-03 09:30:24,星期五,"106,491,225",3788,1027
2026-04-03 09:40:24,星期五,"106,492,079",3788,1027
2026-04-03 09:50:24,星期五,"106,492,950",3788,1027
2026-04-03 10:00:25,星期五,"106,493,827",3788,1027
2026-04-03 10:10:24,星期五,"106,494,727",3788,1027
2026-04-03 10:20:24,星期五,"106,495,574",3788,1027
2026-04-03 10:30:28,星期五,"106,496,504",3788,1027
2026-04-03 10:40:24,星期五,"106,497,485",3788,1027
2026-04-03 10:50:24,星期五,"106,498,391",3788,1027
2026-04-03 11:00:25,星期五,"106,499,334",3788,1027
2026-04-03 11:10:25,星期五,"106,500,382",3788,1027
2026-04-03 11:20:25,星期五,"106,501,474",3788,1027
2026-04-03 11:30:24,星期五,"106,502,652",3788,1027
2026-04-03 11:40:25,星期五,"106,503,800",3788,1027
2026-04-03 11:50:25,星期五,"106,505,031",3788,1027
2026-04-03 12:00:26,星期五,"106,506,227",3788,1027
2026-04-03 12:10:25,星期五,"106,507,559",3788,1027
2026-04-03 12:20:24,星期五,"106,508,881",3788,1027
2026-04-03 12:30:34,星期五,"106,510,395",3788,1027
2026-04-03 12:40:26,星期五,"106,511,718",3788,1027
2026-04-03 12:50:47,星期五,"106,513,153",3788,1027
2026-04-03 13:00:26,星期五,"106,514,446",3788,1027
2026-04-03 13:10:27,星期五,"106,515,876",3788,1027
2026-04-03 13:20:26,星期五,"106,517,297",3788,1027
2026-04-03 13:30:42,星期五,"106,518,681",3788,1027
2026-04-03 13:40:24,星期五,"106,520,034",3788,1027
2026-04-03 13:50:30,星期五,"106,521,527",3788,1027
2026-04-03 14:00:27,星期五,"106,522,978",3788,1027
2026-04-03 14:10:26,星期五,"106,524,322",3788,1027
2026-04-03 14:20:25,星期五,"106,525,641",3788,1027
2026-04-03 14:30:29,星期五,"106,526,974",3788,1027
2026-04-03 14:40:26,星期五,"106,528,289",3788,1027
2026-04-03 14:50:30,星期五,"106,529,607",3788,1027
2026-04-03 15:00:34,星期五,"106,530,896",3788,1027
2026-04-03 15:10:42,星期五,"106,532,146",3788,1027
2026-04-03 15:20:25,星期五,"106,533,504",3788,1027
2026-04-03 15:30:44,星期五,"106,534,863",3788,1027
2026-04-03 15:40:24,星期五,"106,536,240",3788,1027
2026-04-03 15:50:26,星期五,"106,537,592",3788,1027
2026-04-03 16:00:25,星期五,"106,539,075",3788,1027
2026-04-03 16:10:25,星期五,"106,540,510",3788,1027
2026-04-03 16:20:30,星期五,"106,541,902",3788,1027
2026-04-03 16:30:26,星期五,"106,543,346",3788,1027
2026-04-03 16:40:29,星期五,"106,544,813",3788,1027
2026-04-03 16:50:45,星期五,"106,546,326",3788,1027
2026-04-03 17:00:26,星期五,"106,547,770",3788,1027
2026-04-03 17:10:24,星期五,"106,549,217",3788,1027
2026-04-03 17:20:28,星期五,"106,550,603",3788,1027
2026-04-03 17:30:24,星期五,"106,552,024",3788,1027
2026-04-03 17:40:26,星期五,"106,553,447",3788,1027
2026-04-03 17:50:25,星期五,"106,554,853",3788,1027
2026-04-03 18:00:26,星期五,"106,556,276",3788,1027
2026-04-03 18:10:26,星期五,"106,557,695",3788,1027
2026-04-03 18:20:30,星期五,"106,559,074",3788,1027
2026-04-03 18:30:25,星期五,"106,560,392",3788,1027
2026-04-03 18:40:25,星期五,"106,561,756",3788,1027
2026-04-03 18:50:26,星期五,"106,563,109",3788,1027
2026-04-03 19:00:34,星期五,"106,564,365",3788,1027
2026-04-03 19:10:29,星期五,"106,565,652",3788,1027
2026-04-03 19:20:25,星期五,"106,566,966",3788,1027
2026-04-03 19:30:26,星期五,"106,568,217",3788,1027
2026-04-03 19:40:28,星期五,"106,569,495",3788,1027
2026-04-03 19:50:24,星期五,"106,570,737",3788,1027
2026-04-03 20:00:26,星期五,"106,572,033",3788,1027
2026-04-03 20:10:45,星期五,"106,573,307",3788,1027
2026-04-03 20:20:30,星期五,"106,574,570",3788,1027
2026-04-03 20:30:44,星期五,"106,575,811",3788,1027
2026-04-03 20:40:29,星期五,"106,577,021",3788,1027
2026-04-03 20:50:27,星期五,"106,578,246",3788,1027
2026-04-03 21:00:28,星期五,"106,579,508",3788,1027
2026-04-03 21:10:25,星期五,"106,580,725",3788,1027
2026-04-03 21:20:40,星期五,"106,582,004",3788,1027
2026-04-03 21:30:32,星期五,"106,583,179",3788,1027
2026-04-03 21:40:30,星期五,"106,584,369",3788,1027
2026-04-03 21:50:28,星期五,"106,585,404",3788,1027
2026-04-03 22:00:29,星期五,"106,586,564",3788,1027
2026-04-03 22:10:29,星期五,"106,587,822",3788,1027
2026-04-03 22:20:32,星期五,"106,589,041",3788,1027
2026-04-03 22:30:29,星期五,"106,590,204",3788,1027
2026-04-03 22:40:31,星期五,"106,591,319",3788,1027
2026-04-03 22:50:26,星期五,"106,592,571",3788,1027
2026-04-03 23:00:25,星期五,"106,593,594",3788,1027
2026-04-03 23:10:26,星期五,"106,594,722",3788,1027
2026-04-03 23:20:46,星期五,"106,595,840",3788,1027
2026-04-03 23:30:44,星期五,"106,596,844",3788,1027
2026-04-03 23:40:36,星期五,"106,597,786",3788,1027
2026-04-03 23:50:37,星期五,"106,598,623",3788,1027
2026-04-04 00:00:32,星期六,"106,599,434",3788,1027
2026-04-04 00:10:31,星期六,"106,600,590",3788,1027
2026-04-04 00:20:25,星期六,"106,601,870",3788,1027
2026-04-04 00:30:25,星期六,"106,603,036",3788,1027
2026-04-04 00:40:30,星期六,"106,604,060",3788,1027
2026-04-04 00:50:25,星期六,"106,604,976",3788,1027
2026-04-04 01:00:25,星期六,"106,605,753",3788,1027
2026-04-04 01:10:29,星期六,"106,606,527",3788,1027
2026-04-04 01:20:24,星期六,"106,607,210",3788,1027
2026-04-04 01:30:25,星期六,"106,607,796",3788,1027
2026-04-04 01:40:28,星期六,"106,608,374",3788,1027
2026-04-04 01:50:24,星期六,"106,608,892",3788,1027
2026-04-04 02:00:25,星期六,"106,609,387",3788,1027
2026-04-04 02:10:24,星期六,"106,609,884",3788,1027
2026-04-04 02:20:26,星期六,"106,610,330",3788,1027
2026-04-04 02:30:46,星期六,"106,610,749",3788,1027
2026-04-04 02:40:24,星期六,"106,611,129",3788,1027
2026-04-04 02:50:24,星期六,"106,611,503",3788,1027
2026-04-04 03:00:25,星期六,"106,611,804",3788,1027
2026-04-04 03:10:23,星期六,"106,612,130",3788,1027
2026-04-04 03:20:25,星期六,"106,612,400",3788,1027
2026-04-04 03:30:25,星期六,"106,612,679",3788,1027
2026-04-04 03:40:24,星期六,"106,612,912",3788,1027
2026-04-04 03:50:39,星期六,"106,613,148",3788,1027
2026-04-04 04:00:24,星期六,"106,613,398",3788,1027
2026-04-04 04:10:25,星期六,"106,613,609",3788,1027
2026-04-04 04:20:23,星期六,"106,613,815",3788,1027
2026-04-04 04:30:25,星期六,"106,614,034",3788,1027
2026-04-04 04:40:24,星期六,"106,614,270",3788,1027
2026-04-04 04:50:25,星期六,"106,614,525",3788,1027
2026-04-04 05:10:25,星期六,"106,614,954",3788,1027
2026-04-04 05:20:25,星期六,"106,615,182",3788,1027
2026-04-04 05:30:25,星期六,"106,615,430",3788,1027
2026-04-04 05:40:25,星期六,"106,615,696",3788,1027
2026-04-04 05:50:25,星期六,"106,616,017",3788,1027
2026-04-04 06:00:24,星期六,"106,616,383",3788,1027
2026-04-04 06:10:23,星期六,"106,616,730",3788,1027
2026-04-04 06:20:46,星期六,"106,617,055",3788,1027
2026-04-04 06:30:25,星期六,"106,617,420",3788,1027
2026-04-04 06:40:25,星期六,"106,617,861",3788,1027
2026-04-04 06:50:25,星期六,"106,618,419",3788,1027
2026-04-04 07:00:42,星期六,"106,619,050",3788,1027
2026-04-04 07:10:25,星期六,"106,619,640",3788,1027
2026-04-04 07:20:26,星期六,"106,620,260",3788,1027
2026-04-04 07:30:24,星期六,"106,621,000",3788,1027
2026-04-04 07:40:24,星期六,"106,621,830",3788,1027
2026-04-04 07:50:24,星期六,"106,622,792",3788,1027
2026-04-04 08:00:24,星期六,"106,623,902",3788,1027
2026-04-04 08:10:24,星期六,"106,624,908",3788,1027
2026-04-04 08:20:25,星期六,"106,625,784",3788,1027
2026-04-04 08:30:25,星期六,"106,626,687",3788,1027
2026-04-04 08:40:23,星期六,"106,627,603",3788,1027
2026-04-04 08:50:25,星期六,"106,628,750",3788,1027
2026-04-04 09:00:25,星期六,"106,629,800",3788,1027
2026-04-04 09:10:31,星期六,"106,630,022",3789,1027
2026-04-04 09:20:25,星期六,"106,632,273",3789,1027
2026-04-04 09:30:25,星期六,"106,633,567",3789,1027
2026-04-04 09:40:26,星期六,"106,634,916",3789,1027
2026-04-04 09:50:24,星期六,"106,636,253",3789,1027
2026-04-04 10:00:26,星期六,"106,637,646",3789,1027
2026-04-04 10:10:24,星期六,"106,639,143",3789,1027
2026-04-04 10:20:24,星期六,"106,640,636",3789,1027
2026-04-04 10:30:25,星期六,"106,642,162",3789,1027
2026-04-04 10:40:25,星期六,"106,643,686",3789,1027
2026-04-04 10:50:24,星期六,"106,645,216",3789,1027
2026-04-04 11:00:44,星期六,"106,646,701",3789,1027
2026-04-04 11:10:26,星期六,"106,648,257",3789,1027
2026-04-04 11:20:31,星期六,"106,649,908",3789,1027
2026-04-04 11:30:25,星期六,"106,651,526",3789,1027
2026-04-04 11:40:45,星期六,"106,653,170",3789,1027
2026-04-04 11:50:29,星期六,"106,654,606",3789,1027
2026-04-04 12:00:27,星期六,"106,656,244",3789,1027
2026-04-04 12:10:24,星期六,"106,657,902",3789,1027
2026-04-04 12:20:26,星期六,"106,659,543",3789,1027
2026-04-04 12:30:25,星期六,"106,661,201",3789,1027
2026-04-04 12:40:25,星期六,"106,662,883",3789,1027
2026-04-04 12:50:25,星期六,"106,664,545",3789,1027
2026-04-04 13:00:26,星期六,"106,666,201",3789,1027
2026-04-04 13:10:25,星期六,"106,667,884",3789,1027
2026-04-04 13:20:29,星期六,"106,669,541",3789,1027
2026-04-04 13:30:30,星期六,"106,671,272",3789,1027
2026-04-04 13:40:42,星期六,"106,673,010",3789,1027
2026-04-04 13:50:25,星期六,"106,674,818",3789,1027
2026-04-04 14:00:24,星期六,"106,676,531",3789,1027
2026-04-04 14:10:25,星期六,"106,678,336",3789,1027
2026-04-04 14:20:26,星期六,"106,680,020",3789,1027
2026-04-04 14:30:25,星期六,"106,681,742",3789,1027
2026-04-04 14:40:30,星期六,"106,683,503",3789,1027
2026-04-04 14:50:27,星期六,"106,685,207",3789,1027
2026-04-04 15:00:29,星期六,"106,686,895",3789,1027
2026-04-04 15:10:29,星期六,"106,688,472",3789,1027
2026-04-04 15:20:24,星期六,"106,690,172",3789,1027
2026-04-04 15:30:29,星期六,"106,691,780",3789,1027
2026-04-04 15:40:29,星期六,"106,693,460",3789,1027
2026-04-04 15:50:42,星期六,"106,695,000",3789,1027
2026-04-04 16:00:24,星期六,"106,696,672",3789,1027
2026-04-04 16:10:25,星期六,"106,698,276",3789,1027
2026-04-04 16:20:24,星期六,"106,699,890",3789,1027
2026-04-04 16:30:25,星期六,"106,701,468",3789,1027
2026-04-04 16:40:25,星期六,"106,703,038",3789,1027
2026-04-04 16:50:29,星期六,"106,704,588",3789,1027
2026-04-04 17:00:25,星期六,"106,706,104",3789,1027
2026-04-04 17:10:44,星期六,"106,707,725",3789,1027
2026-04-04 17:20:25,星期六,"106,709,105",3789,1027
2026-04-04 17:30:25,星期六,"106,710,738",3789,1027
2026-04-04 17:40:30,星期六,"106,712,142",3789,1027
2026-04-04 17:50:29,星期六,"106,713,553",3789,1027
2026-04-04 18:00:26,星期六,"106,714,923",3789,1027
2026-04-04 18:10:26,星期六,"106,716,284",3789,1027
2026-04-04 18:20:26,星期六,"106,717,596",3789,1027
2026-04-04 18:30:24,星期六,"106,718,837",3789,1027
2026-04-04 18:40:25,星期六,"106,720,077",3789,1027
2026-04-04 18:50:28,星期六,"106,721,358",3789,1027
2026-04-04 19:00:41,星期六,"106,722,552",3789,1027
2026-04-04 19:10:26,星期六,"106,723,694",3789,1027
2026-04-04 19:20:43,星期六,"106,724,820",3789,1027
2026-04-04 19:30:29,星期六,"106,725,008",3789,1027
2026-04-04 19:40:45,星期六,"106,727,158",3789,1027
2026-04-04 19:50:47,星期六,"106,728,262",3789,1027
2026-04-04 20:00:25,星期六,"106,729,327",3789,1027
2026-04-04 20:10:29,星期六,"106,730,471",3789,1027
2026-04-04 20:20:30,星期六,"106,731,553",3789,1027
2026-04-04 20:30:26,星期六,"106,732,694",3789,1027
2026-04-04 20:40:25,星期六,"106,733,778",3789,1027
2026-04-04 20:50:25,星期六,"106,734,916",3789,1027
2026-04-04 21:00:25,星期六,"106,735,001",3789,1027
2026-04-04 21:10:26,星期六,"106,737,111",3789,1027
2026-04-04 21:20:44,星期六,"106,738,259",3789,1027
2026-04-04 21:30:26,星期六,"106,739,285",3789,1027
2026-04-04 21:40:24,星期六,"106,740,283",3789,1027
2026-04-04 21:50:42,星期六,"106,741,251",3789,1027
2026-04-04 22:00:27,星期六,"106,742,139",3789,1027
2026-04-04 22:10:28,星期六,"106,743,211",3789,1027
2026-04-04 22:20:33,星期六,"106,744,327",3789,1027
2026-04-04 22:30:39,星期六,"106,745,315",3789,1027
2026-04-04 22:40:29,星期六,"106,746,299",3789,1027
2026-04-04 22:50:26,星期六,"106,747,202",3789,1027
2026-04-04 23:00:26,星期六,"106,748,023",3789,1027
2026-04-04 23:10:27,星期六,"106,748,910",3789,1027
2026-04-04 23:20:43,星期六,"106,749,830",3789,1027
2026-04-04 23:30:27,星期六,"106,750,603",3789,1027
2026-04-04 23:40:26,星期六,"106,751,291",3789,1027
2026-04-04 23:50:29,星期六,"106,751,936",3789,1027
2026-04-05 00:00:27,星期日,"106,752,482",3789,1027
2026-04-05 00:10:26,星期日,"106,753,396",3789,1027
2026-04-05 00:20:27,星期日,"106,754,303",3789,1027
2026-04-05 00:30:26,星期日,"106,755,069",3789,1027
2026-04-05 00:40:27,星期日,"106,755,677",3789,1027
2026-04-05 00:50:24,星期日,"106,756,226",3789,1027
2026-04-05 01:00:29,星期日,"106,756,740",3789,1027
2026-04-05 01:10:26,星期日,"106,757,139",3789,1027
2026-04-05 01:20:27,星期日,"106,757,559",3789,1027
2026-04-05 01:30:26,星期日,"106,757,946",3789,1027
2026-04-05 01:40:25,星期日,"106,758,251",3789,1027
2026-04-05 01:50:24,星期日,"106,758,540",3789,1027
2026-04-05 02:00:46,星期日,"106,758,815",3789,1027
2026-04-05 02:10:24,星期日,"106,759,067",3789,1027
2026-04-05 02:20:25,星期日,"106,759,309",3789,1027
2026-04-05 02:30:24,星期日,"106,759,537",3789,1027
2026-04-05 02:40:26,星期日,"106,759,712",3789,1027
2026-04-05 02:50:24,星期日,"106,759,866",3789,1027
2026-04-05 03:00:25,星期日,"106,760,019",3789,1027
2026-04-05 03:10:26,星期日,"106,760,155",3789,1027
2026-04-05 03:20:25,星期日,"106,760,287",3789,1027
2026-04-05 03:30:45,星期日,"106,760,394",3789,1027
2026-04-05 03:40:27,星期日,"106,760,487",3789,1027
2026-04-05 03:50:25,星期日,"106,760,598",3789,1027
2026-04-05 04:00:26,星期日,"106,760,702",3789,1027
2026-04-05 04:10:25,星期日,"106,760,796",3789,1027
2026-04-05 04:20:25,星期日,"106,760,878",3789,1027
2026-04-05 04:30:26,星期日,"106,760,963",3789,1027
2026-04-05 04:40:27,星期日,"106,761,061",3789,1027
2026-04-05 04:50:25,星期日,"106,761,170",3789,1027
2026-04-05 05:00:27,星期日,"106,761,261",3789,1027
2026-04-05 05:10:25,星期日,"106,761,363",3789,1027
2026-04-05 05:20:25,星期日,"106,761,467",3789,1027
2026-04-05 05:30:24,星期日,"106,761,594",3789,1027
2026-04-05 05:40:25,星期日,"106,761,734",3789,1027
2026-04-05 05:50:26,星期日,"106,761,935",3789,1027
2026-04-05 06:00:24,星期日,"106,762,161",3789,1027
2026-04-05 06:10:26,星期日,"106,762,363",3789,1027
2026-04-05 06:20:25,星期日,"106,762,559",3789,1027
2026-04-05 06:30:25,星期日,"106,762,840",3789,1027
2026-04-05 06:40:26,星期日,"106,763,150",3789,1027
2026-04-05 06:50:26,星期日,"106,763,488",3789,1027
2026-04-05 07:00:25,星期日,"106,763,913",3789,1027
2026-04-05 07:10:27,星期日,"106,764,336",3789,1027
2026-04-05 07:20:25,星期日,"106,764,789",3789,1027
2026-04-05 07:30:27,星期日,"106,765,353",3789,1027
2026-04-05 07:40:26,星期日,"106,766,014",3789,1027
2026-04-05 07:50:26,星期日,"106,766,747",3789,1027
2026-04-05 08:00:28,星期日,"106,767,553",3789,1027
2026-04-05 08:10:25,星期日,"106,768,254",3789,1027
2026-04-05 08:20:26,星期日,"106,768,889",3789,1027
2026-04-05 08:30:25,星期日,"106,769,562",3789,1027
2026-04-05 08:40:45,星期日,"106,770,351",3789,1027
2026-04-05 08:50:29,星期日,"106,771,151",3789,1027
2026-04-05 09:00:26,星期日,"106,772,004",3789,1027
2026-04-05 09:10:29,星期日,"106,772,908",3789,1027
2026-04-05 09:20:26,星期日,"106,773,863",3789,1027
2026-04-05 09:30:24,星期日,"106,774,920",3789,1027
2026-04-05 09:40:26,星期日,"106,776,030",3789,1027
2026-04-05 09:50:25,星期日,"106,777,158",3789,1027
2026-04-05 10:00:25,星期日,"106,778,371",3789,1027
2026-04-05 10:10:25,星期日,"106,779,547",3789,1027
2026-04-05 10:20:44,星期日,"106,780,852",3789,1027
2026-04-05 10:30:27,星期日,"106,782,149",3789,1027
2026-04-05 10:40:26,星期日,"106,783,501",3789,1027
2026-04-05 10:50:50,星期日,"106,784,842",3789,1027
2026-04-05 11:00:29,星期日,"106,786,042",3789,1027
2026-04-05 11:10:43,星期日,"106,787,440",3789,1027
2026-04-05 11:20:26,星期日,"106,788,894",3789,1027
2026-04-05 11:30:26,星期日,"106,790,268",3789,1027
2026-04-05 11:40:27,星期日,"106,791,655",3789,1027
2026-04-05 11:50:26,星期日,"106,793,043",3789,1027
2026-04-05 12:00:28,星期日,"106,794,350",3789,1027
2026-04-05 12:10:26,星期日,"106,795,713",3789,1027
2026-04-05 12:20:25,星期日,"106,797,190",3789,1027
2026-04-05 12:30:29,星期日,"106,798,620",3789,1027
2026-04-05 12:40:25,星期日,"106,799,947",3789,1027
2026-04-05 12:50:42,星期日,"106,801,421",3789,1027
2026-04-05 13:00:30,星期日,"106,802,844",3789,1027
2026-04-05 13:10:25,星期日,"106,804,257",3789,1027
2026-04-05 13:20:26,星期日,"106,805,744",3789,1027
2026-04-05 13:30:42,星期日,"106,807,209",3789,1027
2026-04-05 13:40:29,星期日,"106,808,770",3789,1027
2026-04-05 13:50:26,星期日,"106,810,397",3789,1027
2026-04-05 14:00:29,星期日,"106,812,057",3789,1027
2026-04-05 14:10:32,星期日,"106,813,696",3789,1027
2026-04-05 14:20:26,星期日,"106,815,197",3789,1027
2026-04-05 14:30:53,星期日,"106,816,820",3789,1027
2026-04-05 14:40:27,星期日,"106,818,379",3789,1027
2026-04-05 14:50:41,星期日,"106,820,040",3789,1027
2026-04-05 15:00:26,星期日,"106,821,625",3789,1027
2026-04-05 15:10:26,星期日,"106,823,124",3789,1027
2026-04-05 15:20:29,星期日,"106,824,773",3789,1027
2026-04-05 15:30:28,星期日,"106,826,425",3789,1027
2026-04-05 15:50:26,星期日,"106,829,593",3789,1027
2026-04-05 16:00:38,星期日,"106,831,156",3789,1027
2026-04-05 16:10:29,星期日,"106,832,602",3789,1027
2026-04-05 16:20:29,星期日,"106,834,171",3789,1027
2026-04-05 16:30:26,星期日,"106,835,752",3789,1027
2026-04-05 16:40:26,星期日,"106,837,404",3789,1027
2026-04-05 16:50:25,星期日,"106,838,946",3789,1027
2026-04-05 17:00:26,星期日,"106,840,450",3789,1027
2026-04-05 17:10:30,星期日,"106,841,947",3789,1027
2026-04-05 17:20:25,星期日,"106,843,387",3789,1027
2026-04-05 17:30:34,星期日,"106,844,872",3789,1027
2026-04-05 17:40:25,星期日,"106,846,307",3789,1027
2026-04-05 17:50:25,星期日,"106,847,664",3789,1027
2026-04-05 18:00:26,星期日,"106,849,116",3789,1027
2026-04-05 18:20:25,星期日,"106,851,799",3789,1027
2026-04-05 18:30:31,星期日,"106,853,120",3789,1027
2026-04-05 18:40:25,星期日,"106,854,318",3789,1027
2026-04-05 18:50:25,星期日,"106,855,613",3789,1027
2026-04-05 19:00:26,星期日,"106,856,815",3789,1027
2026-04-05 19:10:27,星期日,"106,858,006",3789,1027
2026-04-05 19:20:27,星期日,"106,859,211",3789,1027
2026-04-05 19:30:30,星期日,"106,860,417",3789,1027
2026-04-05 19:40:26,星期日,"106,861,589",3789,1027
2026-04-05 19:50:25,星期日,"106,862,718",3789,1027
2026-04-05 20:00:31,星期日,"106,863,881",3789,1027
2026-04-05 20:10:28,星期日,"106,865,045",3789,1027
2026-04-05 20:20:35,星期日,"106,866,290",3789,1027
2026-04-05 20:30:46,星期日,"106,867,523",3789,1027
2026-04-05 20:40:27,星期日,"106,868,681",3789,1027
2026-04-05 20:50:26,星期日,"106,869,842",3789,1027
2026-04-05 21:00:26,星期日,"106,870,969",3789,1027
2026-04-05 21:10:27,星期日,"106,872,057",3789,1027
2026-04-05 21:20:26,星期日,"106,873,219",3789,1027
2026-04-05 21:30:30,星期日,"106,874,243",3789,1027
2026-04-05 21:40:44,星期日,"106,875,323",3789,1027
2026-04-05 21:50:25,星期日,"106,876,223",3789,1027
2026-04-05 22:00:31,星期日,"106,877,119",3789,1027
2026-04-05 22:10:27,星期日,"106,878,242",3789,1027
2026-04-05 22:20:29,星期日,"106,879,301",3789,1027
2026-04-05 22:30:27,星期日,"106,880,272",3789,1027
2026-04-05 22:40:28,星期日,"106,881,282",3789,1027
2026-04-05 22:50:31,星期日,"106,882,229",3789,1027
2026-04-05 23:00:25,星期日,"106,883,059",3789,1027
2026-04-05 23:10:26,星期日,"106,883,965",3789,1027
2026-04-05 23:20:31,星期日,"106,884,837",3789,1027
2026-04-05 23:30:51,星期日,"106,885,657",3789,1027
2026-04-05 23:40:44,星期日,"106,886,373",3789,1027
2026-04-05 23:50:47,星期日,"106,887,024",3789,1027
2026-04-06 00:00:31,星期一,"106,887,575",3789,1027
2026-04-06 00:10:27,星期一,"106,888,543",3789,1027
2026-04-06 00:20:28,星期一,"106,889,529",3789,1027
2026-04-06 00:30:29,星期一,"106,890,330",3789,1027
2026-04-06 00:40:27,星期一,"106,891,003",3789,1027
2026-04-06 00:50:41,星期一,"106,891,609",3789,1027
2026-04-06 01:00:27,星期一,"106,892,157",3789,1027
2026-04-06 01:10:32,星期一,"106,892,671",3789,1027
2026-04-06 01:20:31,星期一,"106,893,134",3789,1027
2026-04-06 01:30:31,星期一,"106,893,537",3789,1027
2026-04-06 01:40:27,星期一,"106,893,893",3789,1027
2026-04-06 01:50:25,星期一,"106,894,202",3789,1027
2026-04-06 02:00:27,星期一,"106,894,468",3789,1027
2026-04-06 02:10:26,星期一,"106,894,780",3789,1027
2026-04-06 02:20:26,星期一,"106,895,063",3789,1027
2026-04-06 02:30:25,星期一,"106,895,300",3789,1027
2026-04-06 02:40:26,星期一,"106,895,506",3789,1027
2026-04-06 02:50:25,星期一,"106,895,723",3789,1027
2026-04-06 03:00:27,星期一,"106,895,921",3789,1027
2026-04-06 03:10:44,星期一,"106,896,110",3789,1027
2026-04-06 03:20:26,星期一,"106,896,283",3789,1027
2026-04-06 03:30:27,星期一,"106,896,429",3789,1027
2026-04-06 03:40:25,星期一,"106,896,559",3789,1027
2026-04-06 03:50:25,星期一,"106,896,697",3789,1027
2026-04-06 04:00:25,星期一,"106,896,811",3789,1027
2026-04-06 04:10:26,星期一,"106,896,933",3789,1027
2026-04-06 04:20:25,星期一,"106,897,040",3789,1027
2026-04-06 04:30:25,星期一,"106,897,157",3789,1027
2026-04-06 04:40:25,星期一,"106,897,274",3789,1027
2026-04-06 04:50:26,星期一,"106,897,398",3789,1027
2026-04-06 05:00:45,星期一,"106,897,511",3789,1027
2026-04-06 05:10:25,星期一,"106,897,610",3789,1027
2026-04-06 05:20:25,星期一,"106,897,743",3789,1027
2026-04-06 05:30:25,星期一,"106,897,887",3789,1027
2026-04-06 05:40:26,星期一,"106,898,030",3789,1027
2026-04-06 05:50:26,星期一,"106,898,230",3789,1027
2026-04-06 06:00:25,星期一,"106,898,466",3789,1027
2026-04-06 06:10:26,星期一,"106,898,650",3789,1027
2026-04-06 06:20:26,星期一,"106,898,847",3789,1027
2026-04-06 06:30:28,星期一,"106,899,078",3789,1027
2026-04-06 06:40:25,星期一,"106,899,358",3789,1027
2026-04-06 06:50:25,星期一,"106,899,705",3789,1027
2026-04-06 07:00:27,星期一,"106,900,112",3789,1027
2026-04-06 07:10:24,星期一,"106,900,523",3789,1027
2026-04-06 07:20:24,星期一,"106,900,973",3789,1027
2026-04-06 07:30:26,星期一,"106,901,518",3789,1027
2026-04-06 07:40:25,星期一,"106,902,079",3789,1027
2026-04-06 07:50:26,星期一,"106,902,815",3789,1027
2026-04-06 08:00:25,星期一,"106,903,605",3789,1027
2026-04-06 08:10:26,星期一,"106,904,324",3789,1027
2026-04-06 08:20:24,星期一,"106,904,927",3789,1027
2026-04-06 08:30:25,星期一,"106,905,621",3789,1027
2026-04-06 08:40:25,星期一,"106,906,341",3789,1027
2026-04-06 08:50:25,星期一,"106,907,117",3789,1027
2026-04-06 09:00:25,星期一,"106,907,885",3789,1027
2026-04-06 09:10:24,星期一,"106,908,713",3789,1027
2026-04-06 09:20:25,星期一,"106,909,761",3789,1027
2026-04-06 09:30:26,星期一,"106,910,851",3789,1027
2026-04-06 09:40:28,星期一,"106,911,933",3789,1027
2026-04-06 09:50:25,星期一,"106,913,086",3789,1027
2026-04-06 10:00:25,星期一,"106,914,242",3789,1027
2026-04-06 10:10:24,星期一,"106,915,448",3789,1027
2026-04-06 10:20:32,星期一,"106,916,802",3789,1027
2026-04-06 10:30:24,星期一,"106,918,085",3789,1027
2026-04-06 10:40:25,星期一,"106,919,431",3789,1027
2026-04-06 10:50:25,星期一,"106,920,822",3789,1027
2026-04-06 11:00:28,星期一,"106,922,208",3789,1027
2026-04-06 11:10:28,星期一,"106,923,815",3789,1027
2026-04-06 11:20:26,星期一,"106,925,499",3789,1027
2026-04-06 11:30:25,星期一,"106,927,051",3789,1027
2026-04-06 11:40:26,星期一,"106,928,635",3789,1027
2026-04-06 11:50:24,星期一,"106,930,143",3789,1027
2026-04-06 12:00:27,星期一,"106,931,631",3789,1027
2026-04-06 12:10:23,星期一,"106,933,336",3789,1027
2026-04-06 12:20:25,星期一,"106,934,964",3789,1027
2026-04-06 12:30:26,星期一,"106,936,651",3789,1027
2026-04-06 12:40:30,星期一,"106,938,275",3789,1027
2026-04-06 12:50:28,星期一,"106,939,841",3789,1027
2026-04-06 13:00:36,星期一,"106,941,597",3789,1027
2026-04-06 13:10:25,星期一,"106,943,197",3789,1027
2026-04-06 13:20:24,星期一,"106,944,898",3789,1027
2026-04-06 13:30:30,星期一,"106,946,713",3789,1027
2026-04-06 13:40:43,星期一,"106,948,555",3789,1027
2026-04-06 13:50:30,星期一,"106,950,358",3789,1027
2026-04-06 14:00:25,星期一,"106,952,188",3789,1027
2026-04-06 14:10:25,星期一,"106,953,986",3789,1027
2026-04-06 14:20:26,星期一,"106,955,805",3789,1027
2026-04-06 14:30:25,星期一,"106,957,542",3789,1027
2026-04-06 14:40:25,星期一,"106,959,285",3789,1027
2026-04-06 14:50:30,星期一,"106,961,075",3789,1027
2026-04-06 15:00:31,星期一,"106,962,903",3789,1027
2026-04-06 15:10:29,星期一,"106,964,598",3789,1027
2026-04-06 15:20:26,星期一,"106,966,332",3789,1027
2026-04-06 15:30:33,星期一,"106,968,120",3789,1027
2026-04-06 15:40:26,星期一,"106,969,789",3789,1027
2026-04-06 15:50:30,星期一,"106,971,545",3789,1027
2026-04-06 16:00:45,星期一,"106,973,315",3789,1027
2026-04-06 16:10:30,星期一,"106,975,105",3789,1027
2026-04-06 16:20:27,星期一,"106,976,712",3789,1027
2026-04-06 16:30:37,星期一,"106,978,396",3789,1027
2026-04-06 16:40:26,星期一,"106,980,079",3789,1027
2026-04-06 16:50:32,星期一,"106,981,712",3789,1027
2026-04-06 17:00:24,星期一,"106,983,328",3789,1027
2026-04-06 17:10:28,星期一,"106,985,027",3789,1027
2026-04-06 17:20:45,星期一,"106,986,679",3789,1027
2026-04-06 17:30:25,星期一,"106,988,209",3789,1027
2026-04-06 17:40:26,星期一,"106,989,843",3789,1027
2026-04-06 17:50:26,星期一,"106,991,364",3789,1027
2026-04-06 18:00:26,星期一,"106,992,763",3789,1027
2026-04-06 18:10:26,星期一,"106,994,309",3789,1027
2026-04-06 18:20:29,星期一,"106,995,769",3789,1027
2026-04-06 18:30:46,星期一,"106,997,181",3789,1027
2026-04-06 18:40:24,星期一,"106,998,549",3789,1027
2026-04-06 18:50:25,星期一,"106,999,833",3789,1027
2026-04-06 19:00:26,星期一,"107,001,194",3789,1027
2026-04-06 19:10:29,星期一,"107,002,526",3789,1027
2026-04-06 19:20:27,星期一,"107,003,815",3789,1027
2026-04-06 19:30:28,星期一,"107,005,077",3789,1027
2026-04-06 19:40:37,星期一,"107,006,409",3789,1027
2026-04-06 19:50:26,星期一,"107,007,651",3789,1027
2026-04-06 20:00:30,星期一,"107,008,871",3789,1027
2026-04-06 20:10:37,星期一,"107,010,205",3789,1027
2026-04-06 20:20:27,星期一,"107,011,460",3789,1027
2026-04-06 20:30:26,星期一,"107,012,718",3789,1027
2026-04-06 20:40:44,星期一,"107,013,927",3789,1027
2026-04-06 20:50:30,星期一,"107,015,097",3789,1027
2026-04-06 21:00:29,星期一,"107,016,179",3789,1027
2026-04-06 21:10:44,星期一,"107,017,381",3789,1027
2026-04-06 21:20:28,星期一,"107,018,478",3789,1027
2026-04-06 21:30:25,星期一,"107,019,537",3789,1027
2026-04-06 21:40:25,星期一,"107,020,555",3789,1027
2026-04-06 21:50:32,星期一,"107,021,476",3789,1027
2026-04-06 22:00:34,星期一,"107,022,366",3789,1027
2026-04-06 22:10:30,星期一,"107,023,407",3789,1027
2026-04-06 22:20:25,星期一,"107,024,414",3789,1027
2026-04-06 22:30:30,星期一,"107,025,360",3789,1027
2026-04-06 22:40:26,星期一,"107,026,269",3789,1027
2026-04-06 22:50:32,星期一,"107,027,133",3789,1027
2026-04-06 23:00:37,星期一,"107,027,926",3789,1027
2026-04-06 23:10:31,星期一,"107,028,799",3789,1027
2026-04-06 23:20:51,星期一,"107,029,659",3789,1027
2026-04-06 23:30:44,星期一,"107,030,367",3789,1027
2026-04-06 23:40:30,星期一,"107,030,968",3789,1027
2026-04-06 23:50:43,星期一,"107,031,529",3789,1027
2026-04-07 00:00:26,星期二,"107,032,019",3789,1027
2026-04-07 00:10:29,星期二,"107,032,905",3789,1027
2026-04-07 00:20:27,星期二,"107,033,726",3789,1027
2026-04-07 00:30:27,星期二,"107,034,301",3789,1027
2026-04-07 00:40:27,星期二,"107,034,961",3789,1027
2026-04-07 00:50:24,星期二,"107,035,431",3789,1027
2026-04-07 01:00:27,星期二,"107,035,808",3789,1027
2026-04-07 01:10:42,星期二,"107,036,227",3789,1027
2026-04-07 01:20:58,星期二,"107,036,609",3789,1027
2026-04-07 01:30:24,星期二,"107,036,910",3789,1027
2026-04-07 01:40:45,星期二,"107,037,199",3789,1027
2026-04-07 01:50:26,星期二,"107,037,450",3789,1027
2026-04-07 02:00:26,星期二,"107,037,661",3789,1027
2026-04-07 02:10:26,星期二,"107,037,868",3789,1027
2026-04-07 02:20:25,星期二,"107,038,051",3789,1027
2026-04-07 02:30:24,星期二,"107,038,226",3789,1027
2026-04-07 02:40:25,星期二,"107,038,368",3789,1027
2026-04-07 02:50:24,星期二,"107,038,508",3789,1027
2026-04-07 03:00:24,星期二,"107,038,649",3789,1027
2026-04-07 03:10:25,星期二,"107,038,756",3789,1027
2026-04-07 03:20:25,星期二,"107,038,865",3789,1027
2026-04-07 03:30:26,星期二,"107,038,967",3789,1027
2026-04-07 03:40:25,星期二,"107,039,058",3789,1027
2026-04-07 03:50:26,星期二,"107,039,139",3789,1027
2026-04-07 04:00:25,星期二,"107,039,203",3789,1027
2026-04-07 04:10:26,星期二,"107,039,271",3789,1027
2026-04-07 04:20:27,星期二,"107,039,329",3789,1027
2026-04-07 04:30:25,星期二,"107,039,393",3789,1027
2026-04-07 04:40:46,星期二,"107,039,458",3789,1027
2026-04-07 04:50:25,星期二,"107,039,521",3789,1027
2026-04-07 05:00:24,星期二,"107,039,586",3789,1027
2026-04-07 05:10:24,星期二,"107,039,667",3789,1027
2026-04-07 05:20:26,星期二,"107,039,752",3789,1027
2026-04-07 05:30:23,星期二,"107,039,835",3789,1027
2026-04-07 05:40:24,星期二,"107,039,939",3789,1027
2026-04-07 05:50:25,星期二,"107,040,090",3789,1027
2026-04-07 06:00:28,星期二,"107,040,296",3789,1027
2026-04-07 06:10:25,星期二,"107,040,454",3789,1027
2026-04-07 06:20:27,星期二,"107,040,639",3789,1027
2026-04-07 06:30:25,星期二,"107,040,865",3789,1027
2026-04-07 06:40:27,星期二,"107,041,181",3789,1027
2026-04-07 06:50:26,星期二,"107,041,577",3789,1027
2026-04-07 07:00:26,星期二,"107,042,097",3789,1027
2026-04-07 07:10:26,星期二,"107,042,652",3789,1027
2026-04-07 07:20:25,星期二,"107,043,256",3789,1027
2026-04-07 07:30:25,星期二,"107,043,935",3789,1027
2026-04-07 07:40:24,星期二,"107,044,792",3789,1027
2026-04-07 07:50:24,星期二,"107,045,729",3789,1027
2026-04-07 08:00:26,星期二,"107,046,770",3789,1027
2026-04-07 08:10:26,星期二,"107,047,708",3789,1027
2026-04-07 08:20:26,星期二,"107,048,646",3789,1027
2026-04-07 08:30:24,星期二,"107,049,466",3789,1027
2026-04-07 08:40:26,星期二,"107,050,363",3789,1027
2026-04-07 08:50:25,星期二,"107,051,167",3789,1027
2026-04-07 09:00:26,星期二,"107,051,985",3789,1027
2026-04-07 09:10:24,星期二,"107,052,797",3789,1027
2026-04-07 09:20:26,星期二,"107,053,626",3789,1027
2026-04-07 09:30:25,星期二,"107,054,427",3789,1027
2026-04-07 09:40:25,星期二,"107,055,209",3789,1027
2026-04-07 09:50:28,星期二,"107,056,040",3789,1027
2026-04-07 10:00:24,星期二,"107,056,849",3789,1027
2026-04-07 10:10:26,星期二,"107,057,616",3789,1027
2026-04-07 10:20:24,星期二,"107,058,328",3789,1027
2026-04-07 10:30:29,星期二,"107,059,129",3789,1027
2026-04-07 10:40:25,星期二,"107,059,898",3789,1027
2026-04-07 10:50:25,星期二,"107,060,688",3789,1027
2026-04-07 11:00:24,星期二,"107,061,516",3789,1027
2026-04-07 11:10:25,星期二,"107,062,396",3789,1027
2026-04-07 11:20:44,星期二,"107,063,297",3789,1027
2026-04-07 11:30:25,星期二,"107,064,257",3789,1027
2026-04-07 11:40:45,星期二,"107,065,254",3789,1027
2026-04-07 11:50:24,星期二,"107,066,193",3789,1027
2026-04-07 12:00:29,星期二,"107,067,180",3789,1027
2026-04-07 12:10:30,星期二,"107,068,285",3789,1027
2026-04-07 12:20:25,星期二,"107,069,442",3789,1027
2026-04-07 12:30:25,星期二,"107,070,633",3789,1027
2026-04-07 12:40:26,星期二,"107,071,766",3789,1027
2026-04-07 12:50:25,星期二,"107,072,867",3789,1027
2026-04-07 13:00:26,星期二,"107,073,974",3789,1027
2026-04-07 13:10:24,星期二,"107,075,056",3789,1027
2026-04-07 13:20:25,星期二,"107,076,099",3789,1027
2026-04-07 13:30:24,星期二,"107,077,064",3789,1027
2026-04-07 13:40:25,星期二,"107,078,099",3789,1027
2026-04-07 13:50:26,星期二,"107,079,135",3789,1027
2026-04-07 14:00:25,星期二,"107,080,150",3789,1027
2026-04-07 14:10:25,星期二,"107,081,127",3789,1027
2026-04-07 14:20:30,星期二,"107,082,041",3789,1027
2026-04-07 14:30:25,星期二,"107,082,955",3789,1027
2026-04-07 14:40:26,星期二,"107,083,860",3789,1027
2026-04-07 14:50:28,星期二,"107,084,776",3789,1027
2026-04-07 15:00:30,星期二,"107,085,784",3789,1027
2026-04-07 15:10:29,星期二,"107,086,644",3789,1027
2026-04-07 15:20:28,星期二,"107,087,581",3789,1027
2026-04-07 15:30:56,星期二,"107,088,528",3789,1027
2026-04-07 15:40:23,星期二,"107,089,437",3789,1027
2026-04-07 15:50:25,星期二,"107,090,376",3789,1027
2026-04-07 16:00:25,星期二,"107,091,328",3789,1027
2026-04-07 16:10:24,星期二,"107,092,291",3789,1027
2026-04-07 16:20:25,星期二,"107,093,280",3789,1027
2026-04-07 16:30:25,星期二,"107,094,352",3789,1027
2026-04-07 16:40:24,星期二,"107,095,421",3789,1027
2026-04-07 16:50:25,星期二,"107,096,453",3789,1027
2026-04-07 17:00:24,星期二,"107,097,464",3789,1027
2026-04-07 17:10:24,星期二,"107,098,568",3789,1027
2026-04-07 17:20:25,星期二,"107,099,625",3789,1027
2026-04-07 17:30:25,星期二,"107,100,615",3789,1027
2026-04-07 17:40:24,星期二,"107,101,675",3789,1027
2026-04-07 17:50:27,星期二,"107,102,753",3789,1027
2026-04-07 18:00:29,星期二,"107,103,862",3789,1027
2026-04-07 18:10:25,星期二,"107,104,884",3789,1027
2026-04-07 18:20:24,星期二,"107,105,886",3789,1027
2026-04-07 18:30:25,星期二,"107,106,939",3789,1027
2026-04-07 18:40:26,星期二,"107,107,998",3789,1027
2026-04-07 18:50:39,星期二,"107,109,024",3789,1027
2026-04-07 19:00:30,星期二,"107,109,985",3790,1027
2026-04-07 19:10:26,星期二,"107,110,903",3790,1027
2026-04-07 19:20:26,星期二,"107,111,821",3790,1027
2026-04-07 19:30:46,星期二,"107,112,734",3790,1027
2026-04-07 19:40:29,星期二,"107,113,612",3790,1027
2026-04-07 19:50:25,星期二,"107,114,484",3790,1027
2026-04-07 20:00:26,星期二,"107,115,337",3790,1027
2026-04-07 20:10:51,星期二,"107,116,189",3790,1027
2026-04-07 20:20:27,星期二,"107,116,974",3790,1027
2026-04-07 20:30:25,星期二,"107,117,787",3790,1027
2026-04-07 20:40:29,星期二,"107,118,573",3790,1027
2026-04-07 20:50:43,星期二,"107,119,361",3790,1027
2026-04-07 21:00:29,星期二,"107,120,104",3790,1027
2026-04-07 21:10:38,星期二,"107,120,940",3790,1027
2026-04-07 21:20:29,星期二,"107,121,715",3790,1027
2026-04-07 21:30:27,星期二,"107,122,492",3790,1027
2026-04-07 21:40:29,星期二,"107,123,237",3790,1027
2026-04-07 21:50:26,星期二,"107,123,853",3790,1027
2026-04-07 22:00:25,星期二,"107,124,477",3790,1027
2026-04-07 22:10:24,星期二,"107,125,219",3790,1027
2026-04-07 22:20:25,星期二,"107,125,956",3790,1027
2026-04-07 22:30:44,星期二,"107,126,623",3790,1027
2026-04-07 22:40:27,星期二,"107,127,206",3790,1027
2026-04-07 22:50:27,星期二,"107,127,830",3790,1027
2026-04-07 23:00:40,星期二,"107,128,350",3790,1027
2026-04-07 23:10:25,星期二,"107,128,956",3790,1027
2026-04-07 23:20:30,星期二,"107,129,535",3790,1027
2026-04-07 23:30:28,星期二,"107,130,088",3790,1027
2026-04-07 23:40:25,星期二,"107,130,491",3790,1027
2026-04-07 23:50:25,星期二,"107,130,870",3790,1027
2026-04-08 00:00:45,星期三,"107,131,234",3790,1027
2026-04-08 00:10:26,星期三,"107,131,883",3790,1027
2026-04-08 00:20:28,星期三,"107,132,522",3790,1027
2026-04-08 00:30:25,星期三,"107,133,004",3790,1027
2026-04-08 00:40:28,星期三,"107,133,424",3790,1027
2026-04-08 00:50:31,星期三,"107,133,768",3790,1027
2026-04-08 01:00:26,星期三,"107,134,071",3790,1027
2026-04-08 01:10:26,星期三,"107,134,350",3790,1027
2026-04-08 01:20:28,星期三,"107,134,609",3790,1027
2026-04-08 01:30:25,星期三,"107,134,855",3790,1027
2026-04-08 01:40:25,星期三,"107,135,050",3790,1027
2026-04-08 01:50:24,星期三,"107,135,233",3790,1027
2026-04-08 02:00:50,星期三,"107,135,387",3790,1027
2026-04-08 02:10:24,星期三,"107,135,571",3790,1027
2026-04-08 02:20:24,星期三,"107,135,710",3790,1027
2026-04-08 02:30:24,星期三,"107,135,837",3790,1027
2026-04-08 02:40:25,星期三,"107,135,958",3790,1027
2026-04-08 02:50:25,星期三,"107,136,072",3790,1027
2026-04-08 03:00:25,星期三,"107,136,164",3790,1027
2026-04-08 03:10:24,星期三,"107,136,242",3790,1027
2026-04-08 03:20:25,星期三,"107,136,323",3790,1027
2026-04-08 03:30:25,星期三,"107,136,407",3790,1027
2026-04-08 03:40:24,星期三,"107,136,482",3790,1027
2026-04-08 03:50:25,星期三,"107,136,545",3790,1027
2026-04-08 04:00:24,星期三,"107,136,600",3790,1027
2026-04-08 04:10:26,星期三,"107,136,650",3790,1027
2026-04-08 04:20:25,星期三,"107,136,704",3790,1027
2026-04-08 04:30:24,星期三,"107,136,765",3790,1027
2026-04-08 04:40:46,星期三,"107,136,825",3790,1027
2026-04-08 04:50:28,星期三,"107,136,886",3790,1027
2026-04-08 05:00:26,星期三,"107,136,956",3790,1027
2026-04-08 05:10:26,星期三,"107,137,028",3790,1027
2026-04-08 05:20:25,星期三,"107,137,115",3790,1027
2026-04-08 05:30:25,星期三,"107,137,179",3790,1027
2026-04-08 05:40:24,星期三,"107,137,273",3790,1027
2026-04-08 05:50:24,星期三,"107,137,406",3790,1027
2026-04-08 06:00:25,星期三,"107,137,565",3790,1027
2026-04-08 06:10:25,星期三,"107,137,709",3790,1027
2026-04-08 06:20:25,星期三,"107,137,856",3790,1027
2026-04-08 06:30:49,星期三,"107,138,061",3790,1027
2026-04-08 06:40:25,星期三,"107,138,317",3790,1027
2026-04-08 06:50:25,星期三,"107,138,660",3790,1027
2026-04-08 07:00:26,星期三,"107,139,100",3790,1027
2026-04-08 07:10:26,星期三,"107,139,605",3790,1027
2026-04-08 07:20:25,星期三,"107,140,173",3790,1027
2026-04-08 07:30:26,星期三,"107,140,848",3790,1027
2026-04-08 07:40:25,星期三,"107,141,611",3790,1027
2026-04-08 07:50:25,星期三,"107,142,493",3790,1027
2026-04-08 08:00:26,星期三,"107,143,537",3790,1027
2026-04-08 08:10:25,星期三,"107,144,548",3790,1027
2026-04-08 08:20:27,星期三,"107,145,373",3790,1027
2026-04-08 08:30:26,星期三,"107,146,167",3790,1027
2026-04-08 08:40:45,星期三,"107,146,977",3790,1027
2026-04-08 08:50:25,星期三,"107,147,708",3790,1027
2026-04-08 09:00:25,星期三,"107,148,434",3790,1027
2026-04-08 09:10:24,星期三,"107,149,247",3790,1027
2026-04-08 09:20:24,星期三,"107,150,017",3790,1027
2026-04-08 09:30:25,星期三,"107,150,805",3790,1027
2026-04-08 09:40:26,星期三,"107,151,594",3790,1027
2026-04-08 09:50:28,星期三,"107,152,311",3790,1027
2026-04-08 10:00:26,星期三,"107,153,040",3790,1027
2026-04-08 10:10:26,星期三,"107,153,789",3790,1027
2026-04-08 10:20:25,星期三,"107,154,478",3790,1027
2026-04-08 10:30:24,星期三,"107,155,251",3790,1027
2026-04-08 10:40:26,星期三,"107,155,006",3790,1027
2026-04-08 10:50:24,星期三,"107,156,748",3790,1027
2026-04-08 11:00:24,星期三,"107,157,479",3790,1027
2026-04-08 11:10:25,星期三,"107,158,306",3790,1027
2026-04-08 11:20:26,星期三,"107,159,146",3790,1027
2026-04-08 11:30:25,星期三,"107,160,049",3790,1027
2026-04-08 11:40:26,星期三,"107,160,927",3790,1027
2026-04-08 11:50:25,星期三,"107,161,831",3790,1027
2026-04-08 12:00:25,星期三,"107,162,782",3790,1027
2026-04-08 12:10:25,星期三,"107,163,717",3790,1027
2026-04-08 12:20:26,星期三,"107,164,862",3790,1027
2026-04-08 12:30:31,星期三,"107,165,938",3790,1027
2026-04-08 12:40:24,星期三,"107,166,997",3790,1027
2026-04-08 12:50:28,星期三,"107,168,078",3790,1027
2026-04-08 13:01:04,星期三,"107,169,135",3790,1027
2026-04-08 13:10:25,星期三,"107,170,064",3790,1027
2026-04-08 13:20:26,星期三,"107,171,010",3790,1027
2026-04-08 13:30:28,星期三,"107,171,980",3790,1027
2026-04-08 13:40:30,星期三,"107,172,986",3790,1027
2026-04-08 13:50:25,星期三,"107,174,044",3790,1027
2026-04-08 14:00:24,星期三,"107,175,060",3790,1027
2026-04-08 14:10:24,星期三,"107,175,987",3790,1027
2026-04-08 14:20:26,星期三,"107,176,950",3790,1027
2026-04-08 14:30:25,星期三,"107,177,829",3790,1027
2026-04-08 14:40:46,星期三,"107,178,707",3790,1027
2026-04-08 14:50:25,星期三,"107,179,562",3790,1027
2026-04-08 15:00:27,星期三,"107,180,415",3790,1027
2026-04-08 15:10:26,星期三,"107,181,282",3790,1027
2026-04-08 15:20:28,星期三,"107,182,167",3790,1027
2026-04-08 15:30:28,星期三,"107,183,047",3790,1027
2026-04-08 15:40:25,星期三,"107,183,905",3790,1027
2026-04-08 15:50:43,星期三,"107,184,859",3790,1027
2026-04-08 16:00:30,星期三,"107,185,701",3790,1027
2026-04-08 16:10:28,星期三,"107,186,744",3790,1027
2026-04-08 16:20:30,星期三,"107,187,657",3790,1027
2026-04-08 16:30:29,星期三,"107,188,647",3790,1027
2026-04-08 16:40:31,星期三,"107,189,640",3790,1027
2026-04-08 16:50:25,星期三,"107,190,611",3790,1027
2026-04-08 17:00:26,星期三,"107,191,567",3790,1027
2026-04-08 17:10:25,星期三,"107,192,506",3790,1027
2026-04-08 17:20:26,星期三,"107,193,496",3790,1027
2026-04-08 17:30:24,星期三,"107,194,540",3790,1027
2026-04-08 17:40:26,星期三,"107,195,566",3790,1027
2026-04-08 17:50:45,星期三,"107,196,588",3790,1027
2026-04-08 18:00:31,星期三,"107,197,591",3790,1027
2026-04-08 18:10:26,星期三,"107,198,581",3790,1027
2026-04-08 18:20:28,星期三,"107,199,522",3790,1027
2026-04-08 18:30:25,星期三,"107,200,498",3790,1027
2026-04-08 18:40:28,星期三,"107,201,395",3790,1027
2026-04-08 18:50:29,星期三,"107,202,201",3790,1027
2026-04-08 19:00:24,星期三,"107,203,209",3789,1027
2026-04-08 19:10:25,星期三,"107,204,128",3789,1027
2026-04-08 19:20:24,星期三,"107,205,032",3789,1027
2026-04-08 19:30:30,星期三,"107,205,910",3789,1027
2026-04-08 19:40:26,星期三,"107,206,751",3789,1027
2026-04-08 19:50:29,星期三,"107,207,597",3789,1027
2026-04-08 20:00:25,星期三,"107,208,364",3789,1027
2026-04-08 20:10:30,星期三,"107,209,229",3789,1027
2026-04-08 20:20:25,星期三,"107,210,017",3789,1027
2026-04-08 20:30:26,星期三,"107,210,821",3789,1027
2026-04-08 20:40:28,星期三,"107,211,619",3789,1027
2026-04-08 20:50:26,星期三,"107,212,382",3789,1027
2026-04-08 21:00:34,星期三,"107,213,154",3789,1027
2026-04-08 21:10:30,星期三,"107,213,905",3789,1027
2026-04-08 21:20:43,星期三,"107,214,676",3789,1027
2026-04-08 21:30:32,星期三,"107,215,379",3789,1027
2026-04-08 21:40:25,星期三,"107,216,032",3789,1027
2026-04-08 21:50:29,星期三,"107,216,642",3789,1027
2026-04-08 22:00:48,星期三,"107,217,279",3789,1027
2026-04-08 22:10:41,星期三,"107,217,988",3789,1027
2026-04-08 22:20:26,星期三,"107,218,624",3789,1027
2026-04-08 22:30:30,星期三,"107,219,298",3789,1027
2026-04-08 22:40:28,星期三,"107,219,951",3789,1027
2026-04-08 22:50:25,星期三,"107,220,497",3789,1027
2026-04-08 23:00:28,星期三,"107,220,986",3789,1027
2026-04-08 23:10:42,星期三,"107,221,550",3789,1027
2026-04-08 23:20:27,星期三,"107,222,134",3789,1027
2026-04-08 23:30:26,星期三,"107,222,632",3789,1027
2026-04-08 23:40:45,星期三,"107,223,085",3789,1027
2026-04-08 23:50:33,星期三,"107,223,437",3789,1027
2026-04-09 00:00:27,星期四,"107,223,772",3789,1027
2026-04-09 00:10:28,星期四,"107,224,432",3789,1027
2026-04-09 00:20:45,星期四,"107,225,099",3789,1027
2026-04-09 00:30:29,星期四,"107,225,611",3789,1027
2026-04-09 00:40:26,星期四,"107,226,014",3789,1027
2026-04-09 00:50:32,星期四,"107,226,348",3789,1027
2026-04-09 01:00:26,星期四,"107,226,633",3789,1027
2026-04-09 01:10:25,星期四,"107,226,932",3789,1027
2026-04-09 01:20:24,星期四,"107,227,173",3789,1027
2026-04-09 01:30:25,星期四,"107,227,400",3789,1027
2026-04-09 01:40:24,星期四,"107,227,578",3789,1027
2026-04-09 01:50:25,星期四,"107,227,729",3789,1027
2026-04-09 02:00:25,星期四,"107,227,877",3789,1027
2026-04-09 02:10:24,星期四,"107,228,032",3789,1027
2026-04-09 02:20:25,星期四,"107,228,168",3789,1027
2026-04-09 02:30:24,星期四,"107,228,295",3789,1027
2026-04-09 02:40:25,星期四,"107,228,414",3789,1027
2026-04-09 02:50:25,星期四,"107,228,502",3789,1027
2026-04-09 03:00:25,星期四,"107,228,586",3789,1027
2026-04-09 03:10:25,星期四,"107,228,674",3789,1027
2026-04-09 03:20:25,星期四,"107,228,784",3789,1027
2026-04-09 03:30:25,星期四,"107,228,868",3789,1027
2026-04-09 03:40:26,星期四,"107,228,940",3789,1027
2026-04-09 03:50:26,星期四,"107,228,999",3789,1027
2026-04-09 04:00:25,星期四,"107,229,054",3789,1027
2026-04-09 04:10:26,星期四,"107,229,108",3789,1027
2026-04-09 04:20:24,星期四,"107,229,172",3789,1027
2026-04-09 04:30:25,星期四,"107,229,217",3789,1027
2026-04-09 04:40:24,星期四,"107,229,269",3789,1027
2026-04-09 04:50:25,星期四,"107,229,319",3789,1027
2026-04-09 05:00:25,星期四,"107,229,377",3789,1027
2026-04-09 05:10:25,星期四,"107,229,450",3789,1027
2026-04-09 05:20:25,星期四,"107,229,525",3789,1027
2026-04-09 05:30:24,星期四,"107,229,614",3789,1027
2026-04-09 05:40:26,星期四,"107,229,709",3789,1027
2026-04-09 05:50:24,星期四,"107,229,841",3789,1027
2026-04-09 06:00:25,星期四,"107,229,968",3789,1027
2026-04-09 06:10:25,星期四,"107,230,079",3789,1027
2026-04-09 06:20:25,星期四,"107,230,222",3789,1027
2026-04-09 06:30:25,星期四,"107,230,447",3789,1027
2026-04-09 06:40:28,星期四,"107,230,696",3789,1027
2026-04-09 06:50:25,星期四,"107,231,021",3789,1027
2026-04-09 07:00:26,星期四,"107,231,443",3789,1027
2026-04-09 07:10:26,星期四,"107,231,934",3789,1027
2026-04-09 07:20:25,星期四,"107,232,431",3789,1027
2026-04-09 07:30:26,星期四,"107,233,098",3789,1027
2026-04-09 07:40:25,星期四,"107,233,859",3789,1027
2026-04-09 07:51:07,星期四,"107,234,751",3789,1027
2026-04-09 08:00:26,星期四,"107,235,659",3789,1027
2026-04-09 08:10:26,星期四,"107,236,604",3789,1027
2026-04-09 08:20:27,星期四,"107,237,407",3789,1027
2026-04-09 08:30:24,星期四,"107,238,237",3789,1027
2026-04-09 08:40:25,星期四,"107,239,023",3789,1027
2026-04-09 08:50:24,星期四,"107,239,759",3789,1027
2026-04-09 09:00:25,星期四,"107,240,509",3789,1027
2026-04-09 09:10:25,星期四,"107,241,285",3789,1027
2026-04-09 09:20:25,星期四,"107,242,017",3789,1027
2026-04-09 09:30:24,星期四,"107,242,739",3789,1027
2026-04-09 09:40:26,星期四,"107,243,477",3789,1027
2026-04-09 09:50:25,星期四,"107,244,177",3789,1027
2026-04-09 10:00:24,星期四,"107,244,915",3789,1027
2026-04-09 10:10:30,星期四,"107,245,666",3789,1027
2026-04-09 10:20:26,星期四,"107,246,336",3789,1027
2026-04-09 10:30:25,星期四,"107,247,027",3789,1027
2026-04-09 10:40:29,星期四,"107,247,798",3789,1027
2026-04-09 10:50:28,星期四,"107,248,525",3789,1027
2026-04-09 11:00:24,星期四,"107,249,260",3789,1027
2026-04-09 11:10:25,星期四,"107,250,094",3789,1027
2026-04-09 11:20:25,星期四,"107,251,024",3789,1027
2026-04-09 11:30:26,星期四,"107,251,874",3789,1027
2026-04-09 11:40:26,星期四,"107,252,727",3789,1027
2026-04-09 11:50:25,星期四,"107,253,623",3789,1027
2026-04-09 12:00:25,星期四,"107,254,536",3789,1027
2026-04-09 12:10:25,星期四,"107,255,534",3789,1027
2026-04-09 12:20:25,星期四,"107,256,557",3789,1027
2026-04-09 12:30:25,星期四,"107,257,626",3789,1027
2026-04-09 12:40:27,星期四,"107,258,600",3789,1027
2026-04-09 12:50:29,星期四,"107,259,734",3789,1027
2026-04-09 13:00:24,星期四,"107,260,711",3789,1027
2026-04-09 13:10:25,星期四,"107,261,700",3789,1027
2026-04-09 13:20:25,星期四,"107,262,710",3789,1027
2026-04-09 13:30:27,星期四,"107,263,720",3789,1027
2026-04-09 13:40:29,星期四,"107,264,734",3789,1027
2026-04-09 13:50:25,星期四,"107,265,706",3789,1027
2026-04-09 14:00:24,星期四,"107,266,702",3789,1027
2026-04-09 14:10:26,星期四,"107,267,586",3789,1027
2026-04-09 14:20:30,星期四,"107,268,537",3789,1027
2026-04-09 14:30:33,星期四,"107,269,426",3789,1027
2026-04-09 14:40:46,星期四,"107,270,314",3789,1027
2026-04-09 14:50:30,星期四,"107,271,155",3789,1027
2026-04-09 15:00:43,星期四,"107,272,010",3789,1027
2026-04-09 15:10:27,星期四,"107,272,881",3789,1027
2026-04-09 15:20:26,星期四,"107,273,761",3789,1027
2026-04-09 15:30:26,星期四,"107,274,654",3789,1027
2026-04-09 15:40:44,星期四,"107,275,588",3789,1027
2026-04-09 15:50:41,星期四,"107,276,519",3789,1027
2026-04-09 16:00:25,星期四,"107,277,424",3789,1027
2026-04-09 16:10:42,星期四,"107,278,343",3789,1027
2026-04-09 16:20:25,星期四,"107,279,293",3789,1027
2026-04-09 16:30:42,星期四,"107,280,278",3789,1027
2026-04-09 16:40:26,星期四,"107,281,253",3789,1027
2026-04-09 16:50:28,星期四,"107,282,190",3789,1027
2026-04-09 17:00:26,星期四,"107,283,165",3789,1027
2026-04-09 17:10:26,星期四,"107,284,125",3789,1027
2026-04-09 17:20:43,星期四,"107,285,150",3789,1027
2026-04-09 17:30:29,星期四,"107,286,153",3789,1027
2026-04-09 17:40:25,星期四,"107,287,164",3789,1027
2026-04-09 17:50:25,星期四,"107,288,102",3789,1027
2026-04-09 18:00:25,星期四,"107,289,079",3789,1027
2026-04-09 18:10:30,星期四,"107,290,098",3789,1027
2026-04-09 18:20:26,星期四,"107,291,068",3789,1027
2026-04-09 18:30:25,星期四,"107,292,012",3789,1027
2026-04-09 18:40:27,星期四,"107,292,913",3789,1027
2026-04-09 18:50:25,星期四,"107,293,864",3789,1027
2026-04-09 19:00:27,星期四,"107,294,757",3789,1027
2026-04-09 19:10:25,星期四,"107,295,609",3789,1027
2026-04-09 19:20:45,星期四,"107,296,524",3789,1027
2026-04-09 19:30:26,星期四,"107,297,356",3789,1027
2026-04-09 19:40:26,星期四,"107,298,173",3789,1027
2026-04-09 19:50:25,星期四,"107,298,964",3789,1027
2026-04-09 20:00:26,星期四,"107,299,751",3789,1027
2026-04-09 20:10:24,星期四,"107,300,537",3789,1027
2026-04-09 20:20:30,星期四,"107,301,315",3789,1027
2026-04-09 20:30:27,星期四,"107,302,136",3789,1027
2026-04-09 20:40:30,星期四,"107,302,926",3789,1027
2026-04-09 20:50:30,星期四,"107,303,729",3789,1027
2026-04-09 21:00:27,星期四,"107,304,457",3789,1027
2026-04-09 21:10:28,星期四,"107,305,202",3789,1027
2026-04-09 21:20:26,星期四,"107,305,934",3789,1027
2026-04-09 21:30:41,星期四,"107,306,675",3789,1027
2026-04-09 21:40:24,星期四,"107,307,360",3789,1027
2026-04-09 21:50:47,星期四,"107,308,090",3789,1027
2026-04-09 22:00:25,星期四,"107,308,715",3789,1027
2026-04-09 22:10:44,星期四,"107,309,476",3789,1027
2026-04-09 22:20:30,星期四,"107,310,211",3789,1027
2026-04-09 22:30:46,星期四,"107,310,944",3789,1027
2026-04-09 22:40:50,星期四,"107,311,655",3789,1027
2026-04-09 22:50:29,星期四,"107,312,256",3789,1027
2026-04-09 23:00:26,星期四,"107,312,765",3789,1027
2026-04-09 23:10:31,星期四,"107,313,398",3789,1027
2026-04-09 23:20:25,星期四,"107,314,037",3789,1027
2026-04-09 23:30:30,星期四,"107,314,591",3789,1027
2026-04-09 23:40:31,星期四,"107,315,062",3789,1027
2026-04-09 23:50:42,星期四,"107,315,476",3789,1027
2026-04-10 00:00:28,星期五,"107,315,825",3789,1027
2026-04-10 00:10:25,星期五,"107,316,493",3789,1027
2026-04-10 00:20:25,星期五,"107,317,122",3789,1027
2026-04-10 00:30:24,星期五,"107,317,611",3789,1027
2026-04-10 00:40:26,星期五,"107,318,037",3789,1027
2026-04-10 00:50:25,星期五,"107,318,402",3789,1027
2026-04-10 01:00:25,星期五,"107,318,718",3789,1027
2026-04-10 01:10:26,星期五,"107,319,029",3789,1027
2026-04-10 01:20:24,星期五,"107,319,290",3789,1027
2026-04-10 01:30:25,星期五,"107,319,530",3789,1027
2026-04-10 01:40:44,星期五,"107,319,729",3789,1027
2026-04-10 01:50:25,星期五,"107,319,924",3789,1027
2026-04-10 02:00:24,星期五,"107,320,088",3789,1027
2026-04-10 02:10:25,星期五,"107,320,248",3789,1027
2026-04-10 02:20:26,星期五,"107,320,385",3789,1027
2026-04-10 02:30:24,星期五,"107,320,517",3789,1027
2026-04-10 02:40:26,星期五,"107,320,625",3789,1027
2026-04-10 02:50:26,星期五,"107,320,714",3789,1027
2026-04-10 03:00:25,星期五,"107,320,815",3789,1027
2026-04-10 03:10:25,星期五,"107,320,892",3789,1027
2026-04-10 03:20:26,星期五,"107,320,976",3789,1027
2026-04-10 03:30:26,星期五,"107,321,062",3789,1027
2026-04-10 03:40:45,星期五,"107,321,143",3789,1027
2026-04-10 03:50:25,星期五,"107,321,205",3789,1027
2026-04-10 04:00:24,星期五,"107,321,262",3789,1027
2026-04-10 04:10:25,星期五,"107,321,324",3789,1027
2026-04-10 04:20:25,星期五,"107,321,379",3789,1027
2026-04-10 04:30:25,星期五,"107,321,443",3789,1027
2026-04-10 04:40:24,星期五,"107,321,504",3789,1027
2026-04-10 04:50:24,星期五,"107,321,567",3789,1027
2026-04-10 05:00:24,星期五,"107,321,636",3789,1027
2026-04-10 05:10:26,星期五,"107,321,699",3789,1027
2026-04-10 05:20:26,星期五,"107,321,773",3789,1027
2026-04-10 05:30:25,星期五,"107,321,845",3789,1027
2026-04-10 05:40:24,星期五,"107,321,951",3789,1027
2026-04-10 05:50:25,星期五,"107,322,069",3789,1027
2026-04-10 06:00:25,星期五,"107,322,230",3789,1027
2026-04-10 06:10:25,星期五,"107,322,372",3789,1027
2026-04-10 06:20:25,星期五,"107,322,500",3789,1027
2026-04-10 06:30:26,星期五,"107,322,709",3789,1027
2026-04-10 06:40:44,星期五,"107,322,976",3789,1027
2026-04-10 06:50:25,星期五,"107,323,311",3789,1027
2026-04-10 07:00:25,星期五,"107,323,767",3789,1027
2026-04-10 07:10:24,星期五,"107,324,264",3789,1027
2026-04-10 07:20:25,星期五,"107,324,819",3789,1027
2026-04-10 07:30:24,星期五,"107,325,481",3789,1027
2026-04-10 07:40:26,星期五,"107,326,306",3789,1027
2026-04-10 07:50:24,星期五,"107,327,210",3789,1027
2026-04-10 08:00:27,星期五,"107,328,278",3789,1027
2026-04-10 08:10:25,星期五,"107,329,208",3789,1027
2026-04-10 08:20:25,星期五,"107,330,087",3789,1027
2026-04-10 08:30:24,星期五,"107,330,903",3789,1027
2026-04-10 08:40:25,星期五,"107,331,657",3789,1027
2026-04-10 08:50:24,星期五,"107,332,387",3789,1027
2026-04-10 09:00:24,星期五,"107,333,159",3789,1027
2026-04-10 09:10:24,星期五,"107,333,942",3791,1027
2026-04-10 09:20:24,星期五,"107,334,739",3791,1027
2026-04-10 09:30:26,星期五,"107,335,469",3791,1027
2026-04-10 09:40:25,星期五,"107,336,250",3791,1027
2026-04-10 09:50:25,星期五,"107,336,994",3791,1027
2026-04-10 10:00:26,星期五,"107,337,680",3791,1027
2026-04-10 10:10:25,星期五,"107,338,450",3791,1027
2026-04-10 10:20:23,星期五,"107,339,188",3791,1027
2026-04-10 10:30:25,星期五,"107,339,944",3791,1027
2026-04-10 10:40:25,星期五,"107,340,666",3791,1027
2026-04-10 10:50:25,星期五,"107,341,382",3791,1027
2026-04-10 11:00:25,星期五,"107,342,133",3791,1027
2026-04-10 11:10:24,星期五,"107,342,978",3791,1027
2026-04-10 11:20:46,星期五,"107,343,983",3791,1027
2026-04-10 11:30:27,星期五,"107,344,832",3791,1027
2026-04-10 11:40:31,星期五,"107,345,691",3791,1027
2026-04-10 11:50:25,星期五,"107,346,625",3791,1027
2026-04-10 12:00:26,星期五,"107,347,536",3791,1027
2026-04-10 12:10:25,星期五,"107,348,640",3791,1027
2026-04-10 12:20:25,星期五,"107,349,746",3791,1027
2026-04-10 12:30:26,星期五,"107,350,854",3791,1027
2026-04-10 12:40:30,星期五,"107,352,049",3791,1027
2026-04-10 12:50:25,星期五,"107,353,138",3791,1027
2026-04-10 13:00:43,星期五,"107,354,234",3791,1027
2026-04-10 13:10:24,星期五,"107,355,336",3791,1027
2026-04-10 13:20:24,星期五,"107,356,382",3791,1027
2026-04-10 13:30:46,星期五,"107,357,499",3791,1027
2026-04-10 13:40:25,星期五,"107,358,532",3791,1027
2026-04-10 13:50:24,星期五,"107,359,600",3791,1027
2026-04-10 14:00:25,星期五,"107,360,697",3791,1027
2026-04-10 14:10:27,星期五,"107,361,727",3791,1027
2026-04-10 14:20:27,星期五,"107,362,766",3791,1027
2026-04-10 14:30:25,星期五,"107,363,613",3791,1027
2026-04-10 14:40:26,星期五,"107,364,677",3791,1027
2026-04-10 14:50:27,星期五,"107,365,654",3791,1027
2026-04-10 15:00:42,星期五,"107,366,617",3791,1027
2026-04-10 15:10:27,星期五,"107,367,601",3791,1027
2026-04-10 15:20:27,星期五,"107,368,566",3791,1027
2026-04-10 15:30:47,星期五,"107,369,553",3791,1027
2026-04-10 15:40:25,星期五,"107,370,547",3791,1027
2026-04-10 15:50:26,星期五,"107,371,616",3791,1027
2026-04-10 16:00:25,星期五,"107,372,627",3791,1027
2026-04-10 16:10:25,星期五,"107,373,622",3791,1027
2026-04-10 16:20:25,星期五,"107,374,707",3791,1027
2026-04-10 16:30:25,星期五,"107,375,755",3791,1027
2026-04-10 16:40:26,星期五,"107,376,855",3791,1027
2026-04-10 16:50:25,星期五,"107,377,934",3791,1027
2026-04-10 17:00:25,星期五,"107,379,046",3791,1027
2026-04-10 17:10:24,星期五,"107,380,084",3791,1027
2026-04-10 17:20:25,星期五,"107,381,191",3791,1027
2026-04-10 17:30:25,星期五,"107,382,253",3791,1027
2026-04-10 17:40:29,星期五,"107,383,300",3791,1027
2026-04-10 17:50:27,星期五,"107,384,346",3791,1027
2026-04-10 18:00:25,星期五,"107,385,392",3791,1027
2026-04-10 18:10:29,星期五,"107,386,343",3791,1027
2026-04-10 18:20:26,星期五,"107,387,340",3791,1027
2026-04-10 18:30:26,星期五,"107,388,353",3791,1027
2026-04-10 18:40:26,星期五,"107,389,255",3791,1027
2026-04-10 18:50:25,星期五,"107,390,211",3791,1027
2026-04-10 19:00:28,星期五,"107,391,142",3791,1027
2026-04-10 19:10:25,星期五,"107,392,054",3791,1027
2026-04-10 19:20:24,星期五,"107,392,940",3791,1027
2026-04-10 19:30:26,星期五,"107,393,788",3791,1027
2026-04-10 19:40:29,星期五,"107,394,714",3791,1027
2026-04-10 19:50:29,星期五,"107,395,557",3791,1027
2026-04-10 20:00:25,星期五,"107,396,402",3791,1027
2026-04-10 20:10:28,星期五,"107,397,215",3791,1027
2026-04-10 20:20:45,星期五,"107,398,057",3791,1027
2026-04-10 20:30:49,星期五,"107,398,889",3791,1027
2026-04-10 20:40:27,星期五,"107,399,669",3791,1027
2026-04-10 20:50:26,星期五,"107,400,485",3791,1027
2026-04-10 21:00:31,星期五,"107,401,340",3791,1027
2026-04-10 21:10:29,星期五,"107,402,193",3791,1027
2026-04-10 21:20:24,星期五,"107,402,998",3791,1027
2026-04-10 21:30:28,星期五,"107,403,841",3791,1027
2026-04-10 21:40:27,星期五,"107,404,627",3791,1027
2026-04-10 21:50:30,星期五,"107,405,392",3791,1027
2026-04-10 22:00:29,星期五,"107,406,082",3791,1027
2026-04-10 22:10:30,星期五,"107,406,889",3791,1027
2026-04-10 22:20:25,星期五,"107,407,722",3791,1027
2026-04-10 22:30:26,星期五,"107,408,433",3791,1027
2026-04-10 22:40:28,星期五,"107,409,195",3791,1027
2026-04-10 22:50:41,星期五,"107,409,958",3791,1027
2026-04-10 23:00:25,星期五,"107,410,614",3791,1027
2026-04-10 23:10:26,星期五,"107,411,340",3791,1027
2026-04-10 23:20:28,星期五,"107,412,067",3791,1027
2026-04-10 23:30:24,星期五,"107,412,729",3791,1027
2026-04-10 23:40:31,星期五,"107,413,314",3791,1027
2026-04-10 23:50:26,星期五,"107,413,789",3791,1027
2026-04-11 00:00:26,星期六,"107,414,226",3791,1027
2026-04-11 00:10:44,星期六,"107,415,015",3791,1027
2026-04-11 00:20:44,星期六,"107,415,790",3791,1027
2026-04-11 00:30:26,星期六,"107,416,442",3791,1027
2026-04-11 00:40:30,星期六,"107,416,994",3791,1027
2026-04-11 00:50:27,星期六,"107,417,465",3791,1027
2026-04-11 01:00:25,星期六,"107,417,849",3791,1027
2026-04-11 01:10:24,星期六,"107,418,243",3791,1027
2026-04-11 01:20:24,星期六,"107,418,590",3791,1027
2026-04-11 01:30:25,星期六,"107,418,911",3791,1027
2026-04-11 01:40:42,星期六,"107,419,203",3791,1027
2026-04-11 01:50:25,星期六,"107,419,424",3791,1027
2026-04-11 02:00:24,星期六,"107,419,661",3791,1027
2026-04-11 02:10:24,星期六,"107,419,875",3791,1027
2026-04-11 02:20:25,星期六,"107,420,077",3791,1027
2026-04-11 02:30:26,星期六,"107,420,262",3791,1027
2026-04-11 02:40:25,星期六,"107,420,449",3791,1027
2026-04-11 02:50:25,星期六,"107,420,588",3791,1027
2026-04-11 03:00:25,星期六,"107,420,739",3791,1027
2026-04-11 03:10:26,星期六,"107,420,844",3791,1027
2026-04-11 03:20:24,星期六,"107,420,959",3791,1027
2026-04-11 03:30:24,星期六,"107,421,068",3791,1027
2026-04-11 03:40:26,星期六,"107,421,163",3791,1027
2026-04-11 03:50:25,星期六,"107,421,256",3791,1027
2026-04-11 04:00:25,星期六,"107,421,345",3791,1027
2026-04-11 04:10:26,星期六,"107,421,426",3791,1027
2026-04-11 04:20:26,星期六,"107,421,494",3791,1027
2026-04-11 04:30:29,星期六,"107,421,561",3791,1027
2026-04-11 04:40:24,星期六,"107,421,620",3791,1027
2026-04-11 04:50:25,星期六,"107,421,699",3791,1027
2026-04-11 05:00:25,星期六,"107,421,768",3791,1027
2026-04-11 05:10:24,星期六,"107,421,839",3791,1027
2026-04-11 05:20:25,星期六,"107,421,923",3791,1027
2026-04-11 05:30:25,星期六,"107,422,014",3791,1027
2026-04-11 05:40:46,星期六,"107,422,122",3791,1027
2026-04-11 05:50:25,星期六,"107,422,242",3791,1027
2026-04-11 06:00:49,星期六,"107,422,369",3791,1027
2026-04-11 06:10:24,星期六,"107,422,504",3791,1027
2026-04-11 06:20:26,星期六,"107,422,628",3791,1027
2026-04-11 06:30:25,星期六,"107,422,775",3791,1027
2026-04-11 06:40:25,星期六,"107,422,962",3791,1027
2026-04-11 06:50:24,星期六,"107,423,223",3791,1027
2026-04-11 07:00:24,星期六,"107,423,571",3791,1027
2026-04-11 07:10:41,星期六,"107,423,919",3791,1027
2026-04-11 07:20:44,星期六,"107,424,253",3791,1027
2026-04-11 07:30:26,星期六,"107,424,653",3791,1027
2026-04-11 07:40:28,星期六,"107,425,130",3791,1027
2026-04-11 07:50:25,星期六,"107,425,743",3791,1027
2026-04-11 08:00:24,星期六,"107,426,386",3791,1027
2026-04-11 08:10:29,星期六,"107,427,037",3791,1027
2026-04-11 08:20:25,星期六,"107,427,552",3791,1027
2026-04-11 08:30:25,星期六,"107,428,096",3791,1027
2026-04-11 08:40:24,星期六,"107,428,658",3791,1027
2026-04-11 08:50:25,星期六,"107,429,293",3791,1027
2026-04-11 09:00:27,星期六,"107,429,989",3791,1027
2026-04-11 09:10:24,星期六,"107,430,687",3791,1027
2026-04-11 09:20:27,星期六,"107,431,465",3791,1027
2026-04-11 09:30:25,星期六,"107,432,238",3791,1027
2026-04-11 09:40:25,星期六,"107,433,058",3791,1027
2026-04-11 09:50:24,星期六,"107,433,844",3791,1027
2026-04-11 10:00:29,星期六,"107,434,688",3791,1027
2026-04-11 10:10:24,星期六,"107,435,532",3791,1027
2026-04-11 10:20:24,星期六,"107,436,454",3791,1027
2026-04-11 10:30:26,星期六,"107,437,381",3791,1027
2026-04-11 10:40:25,星期六,"107,438,348",3791,1027
2026-04-11 10:50:25,星期六,"107,439,309",3791,1027
2026-04-11 11:00:25,星期六,"107,440,295",3791,1027
2026-04-11 11:10:25,星期六,"107,441,311",3791,1027
2026-04-11 11:20:25,星期六,"107,442,482",3791,1027
2026-04-11 11:30:51,星期六,"107,443,537",3791,1027
2026-04-11 11:40:27,星期六,"107,444,511",3791,1027
2026-04-11 11:50:29,星期六,"107,445,560",3791,1027
2026-04-11 12:00:25,星期六,"107,446,533",3791,1027
2026-04-11 12:10:26,星期六,"107,447,662",3791,1027
2026-04-11 12:20:28,星期六,"107,448,877",3791,1027
2026-04-11 12:30:25,星期六,"107,449,948",3791,1027
2026-04-11 12:40:28,星期六,"107,451,120",3791,1027
2026-04-11 12:50:29,星期六,"107,452,211",3791,1027
2026-04-11 13:00:29,星期六,"107,453,258",3791,1027
2026-04-11 13:10:26,星期六,"107,454,400",3791,1027
2026-04-11 13:20:25,星期六,"107,455,529",3791,1027
2026-04-11 13:30:24,星期六,"107,456,647",3791,1027
2026-04-11 13:40:24,星期六,"107,457,815",3791,1027
2026-04-11 13:50:27,星期六,"107,458,999",3791,1027
2026-04-11 14:00:26,星期六,"107,460,249",3791,1027
2026-04-11 14:10:41,星期六,"107,461,429",3791,1027
2026-04-11 14:20:25,星期六,"107,462,511",3791,1027
2026-04-11 14:30:26,星期六,"107,463,677",3791,1027
2026-04-11 14:40:32,星期六,"107,464,757",3791,1027
2026-04-11 14:50:25,星期六,"107,465,809",3791,1027
2026-04-11 15:00:30,星期六,"107,466,807",3791,1027
2026-04-11 15:10:26,星期六,"107,468,056",3791,1027
2026-04-11 15:20:30,星期六,"107,469,162",3791,1027
2026-04-11 15:30:26,星期六,"107,470,294",3791,1027
2026-04-11 15:40:29,星期六,"107,471,430",3791,1027
2026-04-11 15:50:26,星期六,"107,472,545",3791,1027
2026-04-11 16:00:29,星期六,"107,473,692",3791,1027
2026-04-11 16:10:26,星期六,"107,474,844",3791,1027
2026-04-11 16:20:29,星期六,"107,475,962",3791,1027
2026-04-11 16:30:30,星期六,"107,477,091",3791,1027
2026-04-11 16:40:30,星期六,"107,478,180",3791,1027
2026-04-11 16:50:25,星期六,"107,479,237",3791,1027
2026-04-11 17:00:26,星期六,"107,480,371",3791,1027
2026-04-11 17:10:25,星期六,"107,481,446",3791,1027
2026-04-11 17:20:26,星期六,"107,482,545",3791,1027
2026-04-11 17:30:41,星期六,"107,483,627",3791,1027
2026-04-11 17:40:30,星期六,"107,484,660",3791,1027
2026-04-11 17:50:30,星期六,"107,485,656",3791,1027
2026-04-11 18:00:30,星期六,"107,486,651",3791,1027
2026-04-11 18:10:32,星期六,"107,487,626",3791,1027
2026-04-11 18:20:31,星期六,"107,488,541",3791,1027
2026-04-11 18:30:45,星期六,"107,489,492",3791,1027
2026-04-11 18:40:30,星期六,"107,490,313",3791,1027
2026-04-11 18:50:28,星期六,"107,491,201",3791,1027
2026-04-11 19:00:25,星期六,"107,492,087",3791,1027
2026-04-11 19:10:27,星期六,"107,492,885",3791,1027
2026-04-11 19:20:26,星期六,"107,493,605",3791,1027
2026-04-11 19:30:29,星期六,"107,494,516",3791,1027
2026-04-11 19:40:28,星期六,"107,495,287",3791,1027
2026-04-11 19:50:27,星期六,"107,496,069",3791,1027
2026-04-11 20:00:25,星期六,"107,496,827",3791,1027
2026-04-11 20:10:42,星期六,"107,497,587",3791,1027
2026-04-11 20:20:44,星期六,"107,498,323",3791,1027
2026-04-11 20:30:30,星期六,"107,499,136",3791,1027
2026-04-11 20:40:26,星期六,"107,499,920",3791,1027
2026-04-11 20:50:36,星期六,"107,500,653",3791,1027
2026-04-11 21:00:35,星期六,"107,501,403",3791,1027
2026-04-11 21:10:33,星期六,"107,502,181",3791,1027
2026-04-11 21:20:26,星期六,"107,502,925",3791,1027
2026-04-11 21:30:32,星期六,"107,503,675",3791,1027
2026-04-11 21:40:27,星期六,"107,504,388",3791,1027
2026-04-11 21:50:33,星期六,"107,505,010",3791,1027
2026-04-11 22:00:27,星期六,"107,505,636",3791,1027
2026-04-11 22:20:29,星期六,"107,507,114",3791,1027
2026-04-11 22:30:30,星期六,"107,507,826",3791,1027
2026-04-11 22:40:29,星期六,"107,508,546",3791,1027
2026-04-11 22:50:30,星期六,"107,509,191",3791,1027
2026-04-11 23:00:30,星期六,"107,509,773",3791,1027
2026-04-11 23:10:29,星期六,"107,510,445",3791,1027
2026-04-11 23:20:30,星期六,"107,511,098",3791,1027
2026-04-11 23:30:43,星期六,"107,511,672",3791,1027
2026-04-11 23:40:27,星期六,"107,512,163",3791,1027
2026-04-11 23:50:27,星期六,"107,512,584",3791,1027
2026-04-12 00:00:29,星期日,"107,512,006",3791,1027
2026-04-12 00:10:30,星期日,"107,513,727",3791,1027
2026-04-12 00:20:29,星期日,"107,514,429",3791,1027
2026-04-12 00:30:25,星期日,"107,514,990",3791,1027
2026-04-12 00:40:29,星期日,"107,515,491",3791,1027
2026-04-12 00:50:25,星期日,"107,515,927",3791,1027
2026-04-12 01:00:25,星期日,"107,516,329",3791,1027
2026-04-12 01:10:25,星期日,"107,516,733",3791,1027
2026-04-12 01:20:44,星期日,"107,517,083",3791,1027
2026-04-12 01:30:25,星期日,"107,517,383",3791,1027
2026-04-12 01:40:25,星期日,"107,517,680",3791,1027
2026-04-12 01:50:24,星期日,"107,517,940",3791,1027
2026-04-12 02:00:25,星期日,"107,518,149",3791,1027
2026-04-12 02:10:29,星期日,"107,518,358",3791,1027
2026-04-12 02:20:24,星期日,"107,518,544",3791,1027
2026-04-12 02:30:25,星期日,"107,518,735",3791,1027
2026-04-12 02:40:25,星期日,"107,518,881",3791,1027
2026-04-12 02:50:30,星期日,"107,519,017",3791,1027
2026-04-12 03:00:45,星期日,"107,519,125",3791,1027
2026-04-12 03:10:25,星期日,"107,519,233",3791,1027
2026-04-12 03:20:24,星期日,"107,519,348",3791,1027
2026-04-12 03:30:25,星期日,"107,519,448",3791,1027
2026-04-12 03:40:26,星期日,"107,519,521",3791,1027
2026-04-12 03:50:25,星期日,"107,519,601",3791,1027
2026-04-12 04:00:24,星期日,"107,519,680",3791,1027
2026-04-12 04:10:26,星期日,"107,519,768",3791,1027
2026-04-12 04:20:24,星期日,"107,519,849",3791,1027
2026-04-12 04:30:25,星期日,"107,519,919",3791,1027
2026-04-12 04:40:25,星期日,"107,519,978",3791,1027
2026-04-12 04:50:25,星期日,"107,520,051",3791,1027
2026-04-12 05:00:25,星期日,"107,520,122",3791,1027
2026-04-12 05:10:24,星期日,"107,520,200",3791,1027
2026-04-12 05:20:25,星期日,"107,520,283",3791,1027
2026-04-12 05:30:25,星期日,"107,520,353",3791,1027
2026-04-12 05:40:25,星期日,"107,520,447",3791,1027
2026-04-12 05:50:26,星期日,"107,520,570",3791,1027
2026-04-12 06:00:25,星期日,"107,520,695",3791,1027
2026-04-12 06:20:24,星期日,"107,520,894",3791,1027
2026-04-12 06:30:26,星期日,"107,521,031",3791,1027
2026-04-12 06:40:25,星期日,"107,521,198",3791,1027
2026-04-12 06:50:25,星期日,"107,521,434",3791,1027
2026-04-12 07:00:24,星期日,"107,521,696",3791,1027
2026-04-12 07:11:42,星期日,"107,522,007",3791,1027
2026-04-12 07:20:26,星期日,"107,522,265",3791,1027
2026-04-12 07:30:25,星期日,"107,522,586",3791,1027
2026-04-12 07:40:24,星期日,"107,522,970",3791,1027
2026-04-12 07:50:25,星期日,"107,523,455",3791,1027
2026-04-12 08:00:26,星期日,"107,524,045",3791,1027
2026-04-12 08:10:25,星期日,"107,524,557",3791,1027
2026-04-12 08:20:25,星期日,"107,524,973",3791,1027
2026-04-12 08:30:26,星期日,"107,525,403",3791,1027
2026-04-12 08:40:25,星期日,"107,525,845",3791,1027
2026-04-12 08:50:24,星期日,"107,526,369",3791,1027
2026-04-12 09:00:24,星期日,"107,526,926",3791,1027
2026-04-12 09:10:24,星期日,"107,527,539",3791,1027
2026-04-12 09:20:26,星期日,"107,528,200",3791,1027
2026-04-12 09:30:45,星期日,"107,528,921",3791,1027
2026-04-12 09:40:30,星期日,"107,529,578",3791,1027
2026-04-12 09:50:24,星期日,"107,530,203",3791,1027
2026-04-12 10:00:25,星期日,"107,531,067",3791,1027
2026-04-12 10:10:25,星期日,"107,531,929",3791,1027
2026-04-12 10:20:25,星期日,"107,532,789",3791,1027
2026-04-12 10:30:27,星期日,"107,533,692",3791,1027
2026-04-12 10:40:28,星期日,"107,534,643",3791,1027
2026-04-12 10:50:25,星期日,"107,535,583",3791,1027
2026-04-12 11:00:26,星期日,"107,536,485",3791,1027
2026-04-12 11:10:26,星期日,"107,537,497",3791,1027
2026-04-12 11:20:25,星期日,"107,538,596",3791,1027
2026-04-12 11:30:23,星期日,"107,539,652",3791,1027
2026-04-12 11:40:27,星期日,"107,540,668",3791,1027
2026-04-12 11:50:25,星期日,"107,541,665",3791,1027
2026-04-12 12:00:25,星期日,"107,542,606",3791,1027
2026-04-12 12:10:26,星期日,"107,543,810",3791,1027
2026-04-12 12:20:25,星期日,"107,544,972",3791,1027
2026-04-12 12:30:46,星期日,"107,546,147",3791,1027
2026-04-12 12:40:25,星期日,"107,547,259",3791,1027
2026-04-12 12:50:26,星期日,"107,548,371",3791,1027
2026-04-12 13:00:42,星期日,"107,549,522",3791,1027
2026-04-12 13:10:29,星期日,"107,550,672",3791,1027
2026-04-12 13:20:26,星期日,"107,551,838",3791,1027
2026-04-12 13:30:45,星期日,"107,553,039",3791,1027
2026-04-12 13:40:27,星期日,"107,554,241",3791,1027
2026-04-12 13:50:31,星期日,"107,555,546",3791,1027
2026-04-12 14:00:31,星期日,"107,556,836",3791,1027
2026-04-12 14:10:31,星期日,"107,557,998",3791,1027
2026-04-12 14:20:26,星期日,"107,559,106",3791,1027
2026-04-12 14:30:50,星期日,"107,560,476",3791,1027
2026-04-12 14:40:28,星期日,"107,561,691",3791,1027
2026-04-12 14:50:27,星期日,"107,562,897",3791,1027
2026-04-12 15:00:26,星期日,"107,564,147",3791,1027
2026-04-12 15:10:29,星期日,"107,565,403",3791,1027
2026-04-12 15:20:29,星期日,"107,566,514",3791,1027
2026-04-12 15:30:42,星期日,"107,567,848",3791,1027
2026-04-12 15:40:28,星期日,"107,569,046",3791,1027
2026-04-12 15:50:25,星期日,"107,570,301",3791,1027
2026-04-12 16:00:27,星期日,"107,571,534",3791,1027
2026-04-12 16:10:25,星期日,"107,572,780",3791,1027
2026-04-12 16:20:29,星期日,"107,574,015",3791,1027
2026-04-12 16:30:44,星期日,"107,575,290",3791,1027
2026-04-12 16:40:30,星期日,"107,576,503",3791,1027
2026-04-12 16:50:25,星期日,"107,577,723",3791,1027
2026-04-12 17:00:32,星期日,"107,578,950",3791,1027
2026-04-12 17:10:42,星期日,"107,580,165",3791,1027
2026-04-12 17:20:27,星期日,"107,581,319",3791,1027
2026-04-12 17:30:24,星期日,"107,582,518",3791,1027
2026-04-12 17:40:47,星期日,"107,583,631",3791,1027
2026-04-12 17:50:47,星期日,"107,584,710",3791,1027
2026-04-12 18:00:25,星期日,"107,585,757",3791,1027
2026-04-12 18:10:24,星期日,"107,586,754",3791,1027
2026-04-12 18:20:30,星期日,"107,587,805",3791,1027
2026-04-12 18:30:25,星期日,"107,588,787",3791,1027
2026-04-12 18:40:46,星期日,"107,589,836",3791,1027
2026-04-12 18:50:26,星期日,"107,590,774",3791,1027
2026-04-12 19:00:29,星期日,"107,591,717",3791,1027
2026-04-12 19:10:25,星期日,"107,592,670",3791,1027
2026-04-12 19:20:29,星期日,"107,593,588",3791,1027
2026-04-12 19:30:25,星期日,"107,594,505",3791,1027
2026-04-12 19:40:25,星期日,"107,595,439",3791,1027
2026-04-12 19:50:29,星期日,"107,596,342",3791,1027
2026-04-12 20:00:26,星期日,"107,597,231",3791,1027
2026-04-12 20:10:30,星期日,"107,598,134",3791,1027
2026-04-12 20:20:27,星期日,"107,598,990",3791,1027
2026-04-12 20:30:25,星期日,"107,599,841",3791,1027
2026-04-12 20:40:44,星期日,"107,600,718",3791,1027
2026-04-12 20:50:26,星期日,"107,601,539",3791,1027
2026-04-12 21:00:26,星期日,"107,602,362",3791,1027
2026-04-12 21:10:31,星期日,"107,603,194",3791,1027
2026-04-12 21:20:24,星期日,"107,603,968",3791,1027
2026-04-12 21:30:51,星期日,"107,604,744",3791,1027
2026-04-12 21:40:29,星期日,"107,605,467",3791,1027
2026-04-12 21:50:25,星期日,"107,606,145",3791,1027
2026-04-12 22:00:30,星期日,"107,606,765",3791,1027
2026-04-12 22:10:28,星期日,"107,607,540",3791,1027
2026-04-12 22:20:27,星期日,"107,608,342",3791,1027
2026-04-12 22:30:28,星期日,"107,609,042",3791,1027
2026-04-12 22:40:27,星期日,"107,609,716",3791,1027
2026-04-12 22:50:32,星期日,"107,610,368",3791,1027
2026-04-12 23:00:31,星期日,"107,610,914",3791,1027
2026-04-12 23:10:28,星期日,"107,611,516",3791,1027
2026-04-12 23:20:41,星期日,"107,612,183",3791,1027
2026-04-12 23:30:30,星期日,"107,612,746",3791,1027
2026-04-12 23:40:27,星期日,"107,613,209",3791,1027
2026-04-12 23:50:27,星期日,"107,613,613",3791,1027
2026-04-13 00:00:25,星期一,"107,613,997",3791,1027
2026-04-13 00:10:28,星期一,"107,614,684",3791,1027
2026-04-13 00:20:27,星期一,"107,615,360",3791,1027
2026-04-13 00:30:25,星期一,"107,615,920",3791,1027
2026-04-13 00:40:27,星期一,"107,616,371",3791,1027
2026-04-13 00:50:26,星期一,"107,616,767",3791,1027
2026-04-13 01:00:26,星期一,"107,617,055",3791,1027
2026-04-13 01:10:25,星期一,"107,617,376",3791,1027
2026-04-13 01:20:24,星期一,"107,617,662",3791,1027
2026-04-13 01:30:25,星期一,"107,617,883",3791,1027
2026-04-13 01:40:25,星期一,"107,618,110",3791,1027
2026-04-13 01:50:29,星期一,"107,618,301",3791,1027
2026-04-13 02:00:25,星期一,"107,618,463",3791,1027
2026-04-13 02:10:44,星期一,"107,618,646",3791,1027
2026-04-13 02:20:26,星期一,"107,618,803",3791,1027
2026-04-13 02:30:25,星期一,"107,618,935",3791,1027
2026-04-13 02:40:25,星期一,"107,619,029",3791,1027
2026-04-13 02:50:25,星期一,"107,619,120",3791,1027
2026-04-13 03:00:25,星期一,"107,619,221",3791,1027
2026-04-13 03:10:26,星期一,"107,619,308",3791,1027
2026-04-13 03:20:26,星期一,"107,619,398",3791,1027
2026-04-13 03:30:25,星期一,"107,619,479",3791,1027
2026-04-13 03:40:26,星期一,"107,619,543",3791,1027
2026-04-13 03:50:25,星期一,"107,619,615",3791,1027
2026-04-13 04:00:24,星期一,"107,619,685",3791,1027
2026-04-13 04:10:24,星期一,"107,619,745",3791,1027
2026-04-13 04:20:24,星期一,"107,619,798",3791,1027
2026-04-13 04:30:25,星期一,"107,619,849",3791,1027
2026-04-13 04:40:24,星期一,"107,619,898",3791,1027
2026-04-13 04:50:25,星期一,"107,619,953",3791,1027
2026-04-13 05:00:25,星期一,"107,620,009",3791,1027
2026-04-13 05:10:27,星期一,"107,620,071",3791,1027
2026-04-13 05:20:24,星期一,"107,620,125",3791,1027
2026-04-13 05:30:25,星期一,"107,620,192",3791,1027
2026-04-13 05:40:25,星期一,"107,620,277",3791,1027
2026-04-13 05:50:25,星期一,"107,620,422",3791,1027
2026-04-13 06:00:26,星期一,"107,620,616",3791,1027
2026-04-13 06:10:25,星期一,"107,620,799",3791,1027
2026-04-13 06:20:25,星期一,"107,620,956",3791,1027
2026-04-13 06:30:25,星期一,"107,621,162",3791,1027
2026-04-13 06:40:26,星期一,"107,621,429",3791,1027
2026-04-13 06:50:26,星期一,"107,621,798",3791,1027
2026-04-13 07:00:25,星期一,"107,622,300",3791,1027
2026-04-13 07:10:26,星期一,"107,622,846",3791,1027
2026-04-13 07:20:25,星期一,"107,623,304",3791,1027
2026-04-13 07:30:25,星期一,"107,624,013",3791,1027
2026-04-13 07:40:26,星期一,"107,624,897",3791,1027
2026-04-13 07:50:28,星期一,"107,625,773",3791,1027
2026-04-13 08:00:26,星期一,"107,626,795",3791,1027
2026-04-13 08:10:25,星期一,"107,627,765",3791,1027
2026-04-13 08:20:25,星期一,"107,628,606",3791,1027
2026-04-13 08:30:26,星期一,"107,629,331",3791,1027
2026-04-13 08:40:24,星期一,"107,630,109",3791,1027
2026-04-13 08:50:48,星期一,"107,630,885",3791,1027
2026-04-13 09:00:46,星期一,"107,631,646",3791,1027
2026-04-13 09:10:24,星期一,"107,632,354",3792,1027
2026-04-13 09:20:25,星期一,"107,633,068",3792,1027
2026-04-13 09:30:24,星期一,"107,633,835",3792,1027
2026-04-13 09:40:25,星期一,"107,634,520",3792,1027
2026-04-13 09:50:24,星期一,"107,635,224",3792,1027
2026-04-13 10:00:25,星期一,"107,635,807",3792,1027
2026-04-13 10:10:25,星期一,"107,636,578",3792,1027
2026-04-13 10:20:24,星期一,"107,637,277",3792,1027
2026-04-13 10:30:25,星期一,"107,637,928",3792,1027
2026-04-13 10:40:45,星期一,"107,638,652",3792,1027
2026-04-13 10:50:25,星期一,"107,639,360",3792,1027
2026-04-13 11:00:25,星期一,"107,640,087",3792,1027
2026-04-13 11:10:26,星期一,"107,640,866",3792,1027
2026-04-13 11:20:29,星期一,"107,641,737",3792,1027
2026-04-13 11:30:40,星期一,"107,642,576",3792,1027
2026-04-13 11:40:26,星期一,"107,643,419",3792,1027
2026-04-13 11:50:27,星期一,"107,644,292",3792,1027
2026-04-13 12:00:25,星期一,"107,645,172",3792,1027
2026-04-13 12:10:25,星期一,"107,646,127",3792,1027
2026-04-13 12:20:45,星期一,"107,647,199",3792,1027
2026-04-13 12:30:47,星期一,"107,648,277",3792,1027
2026-04-13 12:40:25,星期一,"107,649,252",3792,1027
2026-04-13 12:50:41,星期一,"107,650,254",3792,1027
2026-04-13 13:00:24,星期一,"107,651,222",3792,1027
2026-04-13 13:10:26,星期一,"107,652,192",3792,1027
2026-04-13 13:20:27,星期一,"107,653,139",3792,1027
2026-04-13 13:30:25,星期一,"107,654,029",3792,1027
2026-04-13 13:40:25,星期一,"107,654,942",3792,1027
2026-04-13 13:50:29,星期一,"107,655,874",3792,1027
2026-04-13 14:00:24,星期一,"107,656,858",3792,1027
2026-04-13 14:10:25,星期一,"107,657,791",3792,1027
2026-04-13 14:20:26,星期一,"107,658,591",3792,1027
2026-04-13 14:30:24,星期一,"107,659,448",3792,1027
2026-04-13 14:40:25,星期一,"107,660,201",3792,1027
2026-04-13 14:50:26,星期一,"107,661,117",3792,1027
2026-04-13 15:00:25,星期一,"107,661,974",3792,1027
2026-04-13 15:10:25,星期一,"107,662,712",3792,1027
2026-04-13 15:20:25,星期一,"107,663,640",3792,1027
2026-04-13 15:30:25,星期一,"107,664,543",3792,1027
2026-04-13 15:40:40,星期一,"107,665,436",3792,1027
2026-04-13 15:50:26,星期一,"107,666,324",3792,1027
2026-04-13 16:00:26,星期一,"107,667,150",3792,1027
2026-04-13 16:10:44,星期一,"107,668,054",3792,1027
2026-04-13 16:20:25,星期一,"107,668,951",3792,1027
2026-04-13 16:30:26,星期一,"107,669,908",3792,1027
2026-04-13 16:40:24,星期一,"107,670,821",3792,1027
2026-04-13 16:50:24,星期一,"107,671,750",3792,1027
2026-04-13 17:00:41,星期一,"107,672,747",3792,1027
2026-04-13 17:10:24,星期一,"107,673,701",3792,1027
2026-04-13 17:20:25,星期一,"107,674,645",3792,1027
2026-04-13 17:30:25,星期一,"107,675,627",3792,1027
2026-04-13 17:40:51,星期一,"107,676,641",3792,1027
2026-04-13 17:50:25,星期一,"107,677,515",3792,1027
2026-04-13 18:00:45,星期一,"107,678,479",3792,1027
2026-04-13 18:10:25,星期一,"107,679,384",3792,1027
2026-04-13 18:20:25,星期一,"107,680,332",3792,1027
2026-04-13 18:30:26,星期一,"107,681,273",3792,1027
2026-04-13 18:40:25,星期一,"107,682,187",3792,1027
2026-04-13 18:50:29,星期一,"107,683,070",3792,1027
2026-04-13 19:00:26,星期一,"107,683,979",3792,1027
2026-04-13 19:10:27,星期一,"107,684,843",3792,1027
2026-04-13 19:20:24,星期一,"107,685,689",3792,1027
2026-04-13 19:30:25,星期一,"107,686,522",3792,1027
2026-04-13 19:40:31,星期一,"107,687,404",3792,1027
2026-04-13 19:50:39,星期一,"107,688,269",3792,1027
2026-04-13 20:00:25,星期一,"107,689,098",3792,1027
2026-04-13 20:10:28,星期一,"107,689,894",3792,1027
2026-04-13 20:20:28,星期一,"107,690,742",3792,1027
2026-04-13 20:30:25,星期一,"107,691,501",3792,1027
2026-04-13 20:40:30,星期一,"107,692,301",3792,1027
2026-04-13 20:50:31,星期一,"107,693,031",3792,1027
2026-04-13 21:00:26,星期一,"107,693,761",3792,1027
2026-04-13 21:10:26,星期一,"107,694,486",3792,1027
2026-04-13 21:20:29,星期一,"107,695,198",3792,1027
2026-04-13 21:30:43,星期一,"107,695,882",3792,1027
2026-04-13 21:40:29,星期一,"107,696,530",3792,1027
2026-04-13 21:50:29,星期一,"107,697,049",3792,1027
2026-04-13 22:00:45,星期一,"107,697,633",3792,1027
2026-04-13 22:10:26,星期一,"107,698,326",3792,1027
2026-04-13 22:20:30,星期一,"107,699,055",3792,1027
2026-04-13 22:30:26,星期一,"107,699,637",3792,1027
2026-04-13 22:40:30,星期一,"107,700,290",3792,1027
2026-04-13 22:50:26,星期一,"107,700,854",3792,1027
2026-04-13 23:00:32,星期一,"107,701,348",3792,1027
2026-04-13 23:10:34,星期一,"107,701,892",3792,1027
2026-04-13 23:20:27,星期一,"107,702,417",3792,1027
2026-04-13 23:30:29,星期一,"107,702,933",3792,1027
2026-04-13 23:40:29,星期一,"107,703,375",3792,1027
2026-04-13 23:50:28,星期一,"107,703,745",3792,1027
2026-04-14 00:00:35,星期二,"107,704,064",3792,1027
2026-04-14 00:10:31,星期二,"107,704,755",3792,1027
2026-04-14 00:20:28,星期二,"107,705,336",3792,1027
2026-04-14 00:30:43,星期二,"107,705,857",3792,1027
2026-04-14 00:40:28,星期二,"107,706,265",3792,1027
2026-04-14 00:50:27,星期二,"107,706,565",3792,1027
2026-04-14 01:00:26,星期二,"107,706,869",3792,1027
2026-04-14 01:10:26,星期二,"107,707,142",3792,1027
2026-04-14 01:20:26,星期二,"107,707,393",3792,1027
2026-04-14 01:30:26,星期二,"107,707,619",3792,1027
2026-04-14 01:40:25,星期二,"107,707,813",3792,1027
2026-04-14 01:50:26,星期二,"107,708,004",3792,1027
2026-04-14 02:00:26,星期二,"107,708,173",3792,1027
2026-04-14 02:10:26,星期二,"107,708,329",3792,1027
2026-04-14 02:20:26,星期二,"107,708,501",3792,1027
2026-04-14 02:30:26,星期二,"107,708,622",3792,1027
2026-04-14 02:40:26,星期二,"107,708,737",3792,1027
2026-04-14 02:50:26,星期二,"107,708,847",3792,1027
2026-04-14 03:00:45,星期二,"107,708,934",3792,1027
2026-04-14 03:10:26,星期二,"107,709,011",3792,1027
2026-04-14 03:20:55,星期二,"107,709,103",3792,1027
2026-04-14 03:30:25,星期二,"107,709,173",3792,1027
2026-04-14 03:40:44,星期二,"107,709,241",3792,1027
2026-04-14 03:50:26,星期二,"107,709,316",3792,1027
2026-04-14 04:00:26,星期二,"107,709,377",3792,1027
2026-04-14 04:10:26,星期二,"107,709,444",3792,1027
2026-04-14 04:20:25,星期二,"107,709,498",3792,1027
2026-04-14 04:30:25,星期二,"107,709,557",3792,1027
2026-04-14 04:40:26,星期二,"107,709,607",3792,1027
2026-04-14 04:50:27,星期二,"107,709,658",3792,1027
2026-04-14 05:00:25,星期二,"107,709,719",3792,1027
2026-04-14 05:10:27,星期二,"107,709,772",3792,1027
2026-04-14 05:20:25,星期二,"107,709,837",3792,1027
2026-04-14 05:30:25,星期二,"107,709,902",3792,1027
2026-04-14 05:40:25,星期二,"107,710,004",3792,1027
2026-04-14 05:50:26,星期二,"107,710,119",3792,1027
2026-04-14 06:00:24,星期二,"107,710,276",3792,1027
2026-04-14 06:10:27,星期二,"107,710,389",3792,1027
2026-04-14 06:20:25,星期二,"107,710,531",3792,1027
2026-04-14 06:30:26,星期二,"107,710,721",3792,1027
2026-04-14 06:40:25,星期二,"107,710,940",3792,1027
2026-04-14 06:50:26,星期二,"107,711,273",3792,1027
2026-04-14 07:00:27,星期二,"107,711,693",3792,1027
2026-04-14 07:10:24,星期二,"107,712,157",3792,1027
2026-04-14 07:20:26,星期二,"107,712,701",3792,1027
2026-04-14 07:30:24,星期二,"107,713,377",3792,1027
2026-04-14 07:40:25,星期二,"107,714,099",3792,1027
2026-04-14 07:50:25,星期二,"107,714,957",3792,1027
2026-04-14 08:00:25,星期二,"107,715,904",3792,1027
2026-04-14 08:10:26,星期二,"107,716,886",3792,1027
2026-04-14 08:20:26,星期二,"107,717,695",3792,1027
2026-04-14 08:30:25,星期二,"107,718,486",3792,1027
2026-04-14 08:40:41,星期二,"107,719,285",3792,1027
2026-04-14 08:50:25,星期二,"107,719,989",3792,1027
2026-04-14 09:00:26,星期二,"107,720,707",3792,1027
2026-04-14 09:10:44,星期二,"107,721,433",3792,1027
2026-04-14 09:20:26,星期二,"107,722,196",3792,1027
2026-04-14 09:30:44,星期二,"107,722,920",3792,1027
2026-04-14 09:40:24,星期二,"107,723,592",3792,1027
2026-04-14 09:50:24,星期二,"107,724,325",3792,1027
2026-04-14 10:00:25,星期二,"107,725,007",3792,1027
2026-04-14 10:10:25,星期二,"107,725,732",3792,1027
2026-04-14 10:20:24,星期二,"107,726,459",3792,1027
2026-04-14 10:30:45,星期二,"107,727,182",3792,1027
2026-04-14 10:40:26,星期二,"107,727,874",3792,1027
2026-04-14 10:50:25,星期二,"107,728,605",3792,1027
2026-04-14 11:00:25,星期二,"107,729,284",3792,1027
2026-04-14 11:10:24,星期二,"107,730,061",3792,1027
2026-04-14 11:20:26,星期二,"107,730,905",3792,1027
2026-04-14 11:30:26,星期二,"107,731,780",3792,1027
2026-04-14 11:40:24,星期二,"107,732,629",3792,1027
2026-04-14 11:50:26,星期二,"107,733,464",3792,1027
2026-04-14 12:00:24,星期二,"107,734,301",3792,1027
2026-04-14 12:10:44,星期二,"107,735,319",3792,1027
2026-04-14 12:20:28,星期二,"107,736,344",3792,1027
2026-04-14 12:30:25,星期二,"107,737,345",3792,1027
2026-04-14 12:40:30,星期二,"107,738,358",3792,1027
2026-04-14 12:50:26,星期二,"107,739,338",3792,1027
2026-04-14 13:00:45,星期二,"107,740,325",3792,1027
2026-04-14 13:10:24,星期二,"107,741,283",3792,1027
2026-04-14 13:20:26,星期二,"107,742,274",3792,1027
2026-04-14 13:30:26,星期二,"107,743,230",3792,1027
2026-04-14 13:40:25,星期二,"107,744,123",3792,1027
2026-04-14 13:50:43,星期二,"107,745,077",3792,1027
2026-04-14 14:00:45,星期二,"107,746,049",3792,1027
2026-04-14 14:10:26,星期二,"107,746,909",3792,1027
2026-04-14 14:20:29,星期二,"107,747,707",3792,1027
2026-04-14 14:30:25,星期二,"107,748,729",3792,1027
2026-04-14 14:40:35,星期二,"107,749,551",3792,1027
2026-04-14 14:50:31,星期二,"107,750,368",3792,1027
2026-04-14 15:00:27,星期二,"107,751,196",3792,1027
2026-04-14 15:10:30,星期二,"107,752,048",3792,1027
2026-04-14 15:20:28,星期二,"107,752,879",3792,1027
2026-04-14 15:30:24,星期二,"107,753,731",3792,1027
2026-04-14 15:40:26,星期二,"107,754,576",3792,1027
2026-04-14 15:50:25,星期二,"107,755,477",3792,1027
2026-04-14 16:00:32,星期二,"107,756,396",3792,1027
2026-04-14 16:10:25,星期二,"107,757,295",3792,1027
2026-04-14 16:20:26,星期二,"107,758,207",3792,1027
2026-04-14 16:30:26,星期二,"107,759,157",3792,1027
2026-04-14 16:40:27,星期二,"107,760,089",3792,1027
2026-04-14 16:50:30,星期二,"107,760,005",3792,1027
2026-04-14 17:00:26,星期二,"107,761,893",3792,1027
2026-04-14 17:10:24,星期二,"107,762,840",3792,1027
2026-04-14 17:20:26,星期二,"107,763,852",3792,1027
2026-04-14 17:30:27,星期二,"107,764,876",3792,1027
2026-04-14 17:40:46,星期二,"107,765,876",3792,1027
2026-04-14 17:50:29,星期二,"107,766,829",3792,1027
2026-04-14 18:00:29,星期二,"107,767,820",3792,1027
2026-04-14 18:10:27,星期二,"107,768,771",3792,1027
2026-04-14 18:20:26,星期二,"107,769,766",3792,1027
2026-04-14 18:30:34,星期二,"107,770,755",3792,1027
2026-04-14 18:40:25,星期二,"107,771,702",3792,1027
2026-04-14 18:50:24,星期二,"107,772,667",3792,1027
2026-04-14 19:00:26,星期二,"107,773,597",3792,1027
2026-04-14 19:10:27,星期二,"107,774,468",3792,1027
2026-04-14 19:20:26,星期二,"107,775,350",3792,1027
2026-04-14 19:30:24,星期二,"107,776,186",3792,1027
2026-04-14 19:40:30,星期二,"107,777,074",3792,1027
2026-04-14 19:50:50,星期二,"107,777,919",3792,1027
2026-04-14 20:00:27,星期二,"107,778,601",3792,1027
2026-04-14 20:10:25,星期二,"107,779,490",3792,1027
2026-04-14 20:20:31,星期二,"107,780,291",3792,1027
2026-04-14 20:30:26,星期二,"107,781,077",3792,1027
2026-04-14 20:40:31,星期二,"107,781,833",3792,1027
2026-04-14 20:50:29,星期二,"107,782,586",3792,1027
2026-04-14 21:00:25,星期二,"107,783,330",3792,1027
2026-04-14 21:10:28,星期二,"107,784,036",3792,1027
2026-04-14 21:20:29,星期二,"107,784,792",3792,1027
2026-04-14 21:30:28,星期二,"107,785,437",3792,1027
2026-04-14 21:40:29,星期二,"107,786,078",3792,1027
2026-04-14 21:50:28,星期二,"107,786,723",3792,1027
2026-04-14 22:00:29,星期二,"107,787,288",3792,1027
2026-04-14 22:10:31,星期二,"107,787,997",3792,1027
2026-04-14 22:20:26,星期二,"107,788,721",3792,1027
2026-04-14 22:30:27,星期二,"107,789,371",3792,1027
2026-04-14 22:40:30,星期二,"107,789,016",3792,1027
2026-04-14 22:50:31,星期二,"107,790,623",3792,1027
2026-04-14 23:00:43,星期二,"107,791,137",3792,1027
2026-04-14 23:10:26,星期二,"107,791,721",3792,1027
2026-04-14 23:20:31,星期二,"107,792,376",3792,1027
2026-04-14 23:30:28,星期二,"107,792,883",3792,1027
2026-04-14 23:40:26,星期二,"107,793,324",3792,1027
2026-04-14 23:50:29,星期二,"107,793,736",3792,1027
2026-04-15 00:00:27,星期三,"107,794,072",3792,1027
2026-04-15 00:10:25,星期三,"107,794,734",3792,1027
2026-04-15 00:20:26,星期三,"107,795,302",3792,1027
2026-04-15 00:30:33,星期三,"107,795,897",3792,1027
2026-04-15 00:40:50,星期三,"107,796,283",3792,1027
2026-04-15 00:50:32,星期三,"107,796,633",3792,1027
2026-04-15 01:00:48,星期三,"107,796,800",3792,1027
2026-04-15 01:10:32,星期三,"107,797,204",3792,1027
2026-04-15 01:20:31,星期三,"107,797,440",3792,1027
2026-04-15 01:30:26,星期三,"107,797,654",3792,1027
2026-04-15 01:40:27,星期三,"107,797,846",3792,1027
2026-04-15 01:50:26,星期三,"107,798,008",3792,1027
2026-04-15 02:00:26,星期三,"107,798,176",3792,1027
2026-04-15 02:10:26,星期三,"107,798,341",3792,1027
2026-04-15 02:20:31,星期三,"107,798,469",3792,1027
2026-04-15 02:30:25,星期三,"107,798,587",3792,1027
2026-04-15 02:40:26,星期三,"107,798,713",3792,1027
2026-04-15 02:50:26,星期三,"107,798,800",3792,1027
2026-04-15 03:00:25,星期三,"107,798,907",3792,1027
2026-04-15 03:10:27,星期三,"107,798,999",3792,1027
2026-04-15 03:20:25,星期三,"107,799,069",3792,1027
2026-04-15 03:30:25,星期三,"107,799,132",3792,1027
2026-04-15 03:40:25,星期三,"107,799,204",3792,1027
2026-04-15 03:50:25,星期三,"107,799,278",3792,1027
2026-04-15 04:00:25,星期三,"107,799,339",3792,1027
2026-04-15 04:10:26,星期三,"107,799,397",3792,1027
2026-04-15 04:20:27,星期三,"107,799,459",3792,1027
2026-04-15 04:30:24,星期三,"107,799,519",3792,1027
2026-04-15 04:40:26,星期三,"107,799,580",3792,1027
2026-04-15 04:50:27,星期三,"107,799,628",3792,1027
2026-04-15 05:00:27,星期三,"107,799,689",3792,1027
2026-04-15 05:10:25,星期三,"107,799,763",3792,1027
2026-04-15 05:20:26,星期三,"107,799,833",3792,1027
2026-04-15 05:30:26,星期三,"107,799,902",3792,1027
2026-04-15 05:40:26,星期三,"107,799,982",3792,1027
2026-04-15 05:50:25,星期三,"107,800,095",3792,1027
2026-04-15 06:00:25,星期三,"107,800,257",3792,1027
2026-04-15 06:10:26,星期三,"107,800,414",3792,1027
2026-04-15 06:20:26,星期三,"107,800,547",3792,1027
2026-04-15 06:30:26,星期三,"107,800,733",3792,1027
2026-04-15 06:40:25,星期三,"107,800,989",3792,1027
2026-04-15 06:50:25,星期三,"107,801,310",3792,1027
2026-04-15 07:00:25,星期三,"107,801,764",3792,1027
2026-04-15 07:10:25,星期三,"107,802,227",3792,1027
2026-04-15 07:20:25,星期三,"107,802,773",3792,1027
2026-04-15 07:30:25,星期三,"107,803,442",3792,1027
2026-04-15 07:40:26,星期三,"107,804,172",3792,1027
2026-04-15 07:50:25,星期三,"107,805,020",3792,1027
2026-04-15 08:00:27,星期三,"107,806,030",3792,1027
2026-04-15 08:10:24,星期三,"107,806,944",3792,1027
2026-04-15 08:20:26,星期三,"107,807,763",3792,1027
2026-04-15 08:30:24,星期三,"107,808,562",3792,1027
2026-04-15 08:40:24,星期三,"107,809,377",3792,1027
2026-04-15 08:50:45,星期三,"107,810,138",3792,1027
2026-04-15 09:00:26,星期三,"107,810,822",3792,1027
2026-04-15 09:10:25,星期三,"107,811,501",3794,1027
2026-04-15 09:20:26,星期三,"107,812,320",3794,1027
2026-04-15 09:30:25,星期三,"107,813,016",3794,1027
2026-04-15 09:40:26,星期三,"107,813,733",3794,1027
2026-04-15 09:50:25,星期三,"107,814,420",3794,1027
2026-04-15 10:00:25,星期三,"107,815,114",3794,1027
2026-04-15 10:10:26,星期三,"107,815,820",3794,1027
2026-04-15 10:20:28,星期三,"107,816,508",3794,1027
2026-04-15 10:30:24,星期三,"107,817,180",3794,1027
2026-04-15 10:40:26,星期三,"107,817,829",3794,1027
2026-04-15 10:50:25,星期三,"107,818,541",3794,1027
2026-04-15 11:00:26,星期三,"107,819,272",3794,1027
2026-04-15 11:10:25,星期三,"107,820,058",3794,1027
2026-04-15 11:20:25,星期三,"107,820,940",3794,1027
2026-04-15 11:30:25,星期三,"107,821,794",3794,1027
2026-04-15 11:40:25,星期三,"107,822,630",3794,1027
2026-04-15 11:50:41,星期三,"107,823,520",3794,1027
2026-04-15 12:00:26,星期三,"107,824,376",3794,1027
2026-04-15 12:10:25,星期三,"107,825,390",3794,1027
2026-04-15 12:20:25,星期三,"107,826,374",3794,1027
2026-04-15 12:30:25,星期三,"107,827,378",3794,1027
2026-04-15 12:40:27,星期三,"107,828,341",3794,1027
2026-04-15 12:50:24,星期三,"107,829,342",3794,1027
2026-04-15 13:00:25,星期三,"107,830,387",3794,1027
2026-04-15 13:10:25,星期三,"107,831,338",3794,1027
2026-04-15 13:20:26,星期三,"107,832,259",3794,1027
2026-04-15 13:30:25,星期三,"107,833,202",3794,1027
2026-04-15 13:40:29,星期三,"107,834,191",3794,1027
2026-04-15 13:50:26,星期三,"107,835,173",3794,1027
2026-04-15 14:00:26,星期三,"107,836,147",3794,1027
2026-04-15 14:10:42,星期三,"107,837,088",3794,1027
2026-04-15 14:20:25,星期三,"107,837,936",3794,1027
2026-04-15 14:30:26,星期三,"107,838,823",3794,1027
2026-04-15 14:40:25,星期三,"107,839,652",3794,1027
2026-04-15 14:50:26,星期三,"107,840,483",3794,1027
2026-04-15 15:00:52,星期三,"107,841,365",3794,1027
2026-04-15 15:10:33,星期三,"107,842,166",3794,1027
2026-04-15 15:20:25,星期三,"107,843,022",3794,1027
2026-04-15 15:30:26,星期三,"107,843,887",3794,1027
2026-04-15 15:40:25,星期三,"107,844,814",3794,1027
2026-04-15 15:50:26,星期三,"107,845,704",3794,1027
2026-04-15 16:00:25,星期三,"107,846,646",3794,1027
2026-04-15 16:10:47,星期三,"107,847,583",3794,1027
2026-04-15 16:20:25,星期三,"107,848,470",3794,1027
2026-04-15 16:30:26,星期三,"107,849,405",3794,1027
2026-04-15 16:40:42,星期三,"107,850,397",3794,1027
2026-04-15 16:50:25,星期三,"107,851,392",3794,1027
2026-04-15 17:00:26,星期三,"107,852,373",3794,1027
2026-04-15 17:10:25,星期三,"107,853,342",3794,1027
2026-04-15 17:20:25,星期三,"107,854,297",3794,1027
2026-04-15 17:30:26,星期三,"107,855,287",3794,1027
2026-04-15 17:40:25,星期三,"107,856,240",3794,1027
2026-04-15 17:50:28,星期三,"107,857,259",3794,1027
2026-04-15 18:00:24,星期三,"107,858,245",3794,1027
2026-04-15 18:10:25,星期三,"107,859,225",3794,1027
2026-04-15 18:20:26,星期三,"107,860,196",3794,1027
2026-04-15 18:30:24,星期三,"107,861,126",3794,1027
2026-04-15 18:40:27,星期三,"107,862,086",3794,1027
2026-04-15 18:50:24,星期三,"107,862,985",3794,1027
2026-04-15 19:00:30,星期三,"107,863,895",3794,1027
2026-04-15 19:10:25,星期三,"107,864,766",3794,1027
2026-04-15 19:20:24,星期三,"107,865,652",3794,1027
2026-04-15 19:30:24,星期三,"107,866,483",3794,1027
2026-04-15 19:40:27,星期三,"107,867,325",3794,1027
2026-04-15 19:50:25,星期三,"107,868,129",3794,1027
2026-04-15 20:00:30,星期三,"107,868,929",3794,1027
2026-04-15 20:10:45,星期三,"107,869,747",3794,1027
2026-04-15 20:20:43,星期三,"107,870,589",3794,1027
2026-04-15 20:30:27,星期三,"107,871,350",3794,1027
2026-04-15 20:40:30,星期三,"107,872,165",3794,1027
2026-04-15 20:50:25,星期三,"107,872,899",3794,1027
2026-04-15 21:00:30,星期三,"107,873,669",3794,1027
2026-04-15 21:10:41,星期三,"107,874,420",3794,1027
2026-04-15 21:20:25,星期三,"107,875,175",3794,1027
2026-04-15 21:30:31,星期三,"107,875,921",3794,1027
2026-04-15 21:40:28,星期三,"107,876,508",3794,1027
2026-04-15 21:50:25,星期三,"107,877,218",3794,1027
2026-04-15 22:00:31,星期三,"107,877,806",3794,1027
2026-04-15 22:10:29,星期三,"107,878,523",3794,1027
2026-04-15 22:20:43,星期三,"107,879,242",3794,1027
2026-04-15 22:30:29,星期三,"107,879,828",3794,1027
2026-04-15 22:40:26,星期三,"107,880,483",3794,1027
2026-04-15 22:50:26,星期三,"107,881,120",3794,1027
2026-04-15 23:00:27,星期三,"107,881,617",3794,1027
2026-04-15 23:10:25,星期三,"107,882,281",3794,1027
2026-04-15 23:20:40,星期三,"107,882,900",3794,1027
2026-04-15 23:30:27,星期三,"107,883,413",3794,1027
2026-04-15 23:40:29,星期三,"107,883,899",3794,1027
2026-04-15 23:50:29,星期三,"107,884,295",3794,1027
2026-04-16 00:00:26,星期四,"107,884,637",3794,1027
2026-04-16 00:10:44,星期四,"107,885,318",3794,1027
2026-04-16 00:20:32,星期四,"107,885,987",3794,1027
2026-04-16 00:30:29,星期四,"107,886,492",3794,1027
2026-04-16 00:40:48,星期四,"107,886,903",3794,1027
2026-04-16 00:50:25,星期四,"107,887,234",3794,1027
2026-04-16 01:00:25,星期四,"107,887,549",3794,1027
2026-04-16 01:10:25,星期四,"107,887,857",3794,1027
2026-04-16 01:20:27,星期四,"107,888,102",3794,1027
2026-04-16 01:30:26,星期四,"107,888,367",3794,1027
2026-04-16 01:40:25,星期四,"107,888,579",3794,1027
2026-04-16 01:50:26,星期四,"107,888,749",3794,1027
2026-04-16 02:00:25,星期四,"107,888,896",3794,1027
2026-04-16 02:10:25,星期四,"107,889,068",3794,1027
2026-04-16 02:20:25,星期四,"107,889,237",3794,1027
2026-04-16 02:30:25,星期四,"107,889,373",3794,1027
2026-04-16 02:40:25,星期四,"107,889,508",3794,1027
2026-04-16 02:50:25,星期四,"107,889,638",3794,1027
2026-04-16 03:00:26,星期四,"107,889,720",3794,1027
2026-04-16 03:10:25,星期四,"107,889,815",3794,1027
2026-04-16 03:20:54,星期四,"107,889,905",3794,1027
2026-04-16 03:30:25,星期四,"107,889,981",3794,1027
2026-04-16 03:40:25,星期四,"107,890,058",3794,1027
2026-04-16 03:50:26,星期四,"107,890,135",3794,1027
2026-04-16 04:00:24,星期四,"107,890,198",3794,1027
2026-04-16 04:10:25,星期四,"107,890,256",3794,1027
2026-04-16 04:20:25,星期四,"107,890,306",3794,1027
2026-04-16 04:30:25,星期四,"107,890,374",3794,1027
2026-04-16 04:40:26,星期四,"107,890,422",3794,1027
2026-04-16 04:50:24,星期四,"107,890,476",3794,1027
2026-04-16 05:00:29,星期四,"107,890,546",3794,1027
2026-04-16 05:10:25,星期四,"107,890,602",3794,1027
2026-04-16 05:20:26,星期四,"107,890,677",3794,1027
2026-04-16 05:30:25,星期四,"107,890,759",3794,1027
2026-04-16 05:40:25,星期四,"107,890,843",3794,1027
2026-04-16 05:50:25,星期四,"107,890,991",3794,1027
2026-04-16 06:00:26,星期四,"107,891,155",3794,1027
2026-04-16 06:10:24,星期四,"107,891,308",3794,1027
2026-04-16 06:20:24,星期四,"107,891,443",3794,1027
2026-04-16 06:30:24,星期四,"107,891,657",3794,1027
2026-04-16 06:40:28,星期四,"107,891,892",3794,1027
2026-04-16 06:50:26,星期四,"107,892,172",3794,1027
2026-04-16 07:00:25,星期四,"107,892,592",3794,1027
2026-04-16 07:10:26,星期四,"107,893,068",3794,1027
2026-04-16 07:20:25,星期四,"107,893,607",3794,1027
2026-04-16 07:30:24,星期四,"107,894,241",3794,1027
2026-04-16 07:40:25,星期四,"107,894,901",3794,1027
2026-04-16 07:50:25,星期四,"107,895,856",3794,1027
2026-04-16 08:00:26,星期四,"107,896,880",3794,1027
2026-04-16 08:10:26,星期四,"107,897,867",3794,1027
2026-04-16 08:20:26,星期四,"107,898,652",3794,1027
2026-04-16 08:30:43,星期四,"107,899,470",3794,1027
2026-04-16 08:40:24,星期四,"107,900,215",3794,1027
2026-04-16 08:50:25,星期四,"107,900,961",3794,1027
2026-04-16 09:00:27,星期四,"107,901,716",3794,1027
2026-04-16 09:10:45,星期四,"107,902,430",3794,1027
2026-04-16 09:20:25,星期四,"107,903,134",3794,1027
2026-04-16 09:30:25,星期四,"107,903,886",3794,1027
2026-04-16 09:40:25,星期四,"107,904,619",3794,1027
2026-04-16 09:50:25,星期四,"107,905,341",3794,1027
2026-04-16 10:00:25,星期四,"107,906,029",3794,1027
2026-04-16 10:10:24,星期四,"107,906,728",3794,1027
2026-04-16 10:20:25,星期四,"107,907,395",3794,1027
2026-04-16 10:30:31,星期四,"107,908,105",3794,1027
2026-04-16 10:40:26,星期四,"107,908,828",3794,1027
2026-04-16 10:50:25,星期四,"107,909,531",3794,1027
2026-04-16 11:00:25,星期四,"107,910,219",3794,1027
2026-04-16 11:10:26,星期四,"107,911,032",3794,1027
2026-04-16 11:20:25,星期四,"107,911,870",3794,1027
2026-04-16 11:30:25,星期四,"107,912,722",3794,1027
2026-04-16 11:40:25,星期四,"107,913,586",3794,1027
2026-04-16 11:50:25,星期四,"107,914,453",3794,1027
2026-04-16 12:00:25,星期四,"107,915,205",3794,1027
2026-04-16 12:10:25,星期四,"107,916,206",3794,1027
2026-04-16 12:20:25,星期四,"107,917,285",3794,1027
2026-04-16 12:30:26,星期四,"107,918,313",3794,1027
2026-04-16 12:40:25,星期四,"107,919,332",3794,1027
2026-04-16 12:50:26,星期四,"107,920,312",3794,1027
2026-04-16 13:00:43,星期四,"107,921,346",3794,1027
2026-04-16 13:10:41,星期四,"107,922,339",3794,1027
2026-04-16 13:20:55,星期四,"107,923,363",3794,1027
2026-04-16 13:30:26,星期四,"107,924,330",3794,1027
2026-04-16 13:40:24,星期四,"107,925,227",3794,1027
2026-04-16 13:50:27,星期四,"107,926,198",3794,1027
2026-04-16 14:00:25,星期四,"107,927,136",3794,1027
2026-04-16 14:10:24,星期四,"107,928,114",3794,1027
2026-04-16 14:20:29,星期四,"107,929,081",3794,1027
2026-04-16 14:30:24,星期四,"107,929,946",3794,1027
2026-04-16 14:40:25,星期四,"107,930,804",3794,1027
2026-04-16 14:50:26,星期四,"107,931,703",3794,1027
2026-04-16 15:00:25,星期四,"107,932,558",3794,1027
2026-04-16 15:10:26,星期四,"107,933,426",3794,1027
2026-04-16 15:20:26,星期四,"107,934,306",3794,1027
2026-04-16 15:30:51,星期四,"107,935,239",3794,1027
2026-04-16 15:40:25,星期四,"107,936,095",3794,1027
2026-04-16 15:50:25,星期四,"107,936,995",3794,1027
2026-04-16 16:00:26,星期四,"107,937,959",3794,1027
2026-04-16 16:10:26,星期四,"107,938,892",3794,1027
2026-04-16 16:20:28,星期四,"107,939,774",3794,1027
2026-04-16 16:30:31,星期四,"107,940,764",3794,1027
2026-04-16 16:40:24,星期四,"107,941,771",3794,1027
2026-04-16 16:50:42,星期四,"107,942,760",3794,1027
2026-04-16 17:00:26,星期四,"107,943,745",3794,1027
2026-04-16 17:10:25,星期四,"107,944,737",3794,1027
2026-04-16 17:20:25,星期四,"107,945,803",3794,1027
2026-04-16 17:30:25,星期四,"107,946,802",3794,1027
2026-04-16 17:40:27,星期四,"107,947,814",3794,1027
2026-04-16 17:50:24,星期四,"107,948,710",3794,1027
2026-04-16 18:00:25,星期四,"107,949,772",3794,1027
2026-04-16 18:10:29,星期四,"107,950,819",3794,1027
2026-04-16 18:20:24,星期四,"107,951,759",3794,1027
2026-04-16 18:30:26,星期四,"107,952,705",3794,1027
2026-04-16 18:40:49,星期四,"107,953,674",3794,1027
2026-04-16 18:50:24,星期四,"107,954,559",3794,1027
2026-04-16 19:00:25,星期四,"107,955,440",3794,1027
2026-04-16 19:10:26,星期四,"107,956,323",3794,1027
2026-04-16 19:20:25,星期四,"107,957,201",3794,1027
2026-04-16 19:30:41,星期四,"107,958,096",3794,1027
2026-04-16 19:40:25,星期四,"107,958,967",3794,1027
2026-04-16 19:50:28,星期四,"107,959,789",3794,1027
2026-04-16 20:00:26,星期四,"107,960,625",3794,1027
2026-04-16 20:10:30,星期四,"107,961,459",3794,1027
2026-04-16 20:20:29,星期四,"107,962,253",3794,1027
2026-04-16 20:30:29,星期四,"107,963,052",3794,1027
2026-04-16 20:40:41,星期四,"107,963,833",3794,1027
2026-04-16 20:50:24,星期四,"107,964,608",3794,1027
2026-04-16 21:00:30,星期四,"107,965,424",3794,1027
2026-04-16 21:10:27,星期四,"107,966,207",3794,1027
2026-04-16 21:20:29,星期四,"107,966,955",3794,1027
2026-04-16 21:30:25,星期四,"107,967,673",3794,1027
2026-04-16 21:40:29,星期四,"107,968,330",3794,1027
2026-04-16 21:50:41,星期四,"107,968,955",3794,1027
2026-04-16 22:00:34,星期四,"107,969,583",3794,1027
2026-04-16 22:10:30,星期四,"107,970,335",3794,1027
2026-04-16 22:20:28,星期四,"107,971,081",3794,1027
2026-04-16 22:30:28,星期四,"107,971,755",3794,1027
2026-04-16 22:40:28,星期四,"107,972,383",3794,1027
2026-04-16 22:50:28,星期四,"107,973,007",3794,1027
2026-04-16 23:00:30,星期四,"107,973,567",3794,1027
2026-04-16 23:10:25,星期四,"107,974,173",3794,1027
2026-04-16 23:20:30,星期四,"107,974,831",3794,1027
2026-04-16 23:30:24,星期四,"107,975,370",3794,1027
2026-04-16 23:40:27,星期四,"107,975,848",3794,1027
2026-04-16 23:50:26,星期四,"107,976,269",3794,1027
2026-04-17 00:00:29,星期五,"107,976,627",3794,1027
2026-04-17 00:10:42,星期五,"107,977,327",3794,1027
2026-04-17 00:20:26,星期五,"107,977,958",3794,1027
2026-04-17 00:30:28,星期五,"107,978,482",3794,1027
2026-04-17 00:40:26,星期五,"107,978,929",3794,1027
2026-04-17 00:50:26,星期五,"107,979,295",3794,1027
2026-04-17 01:00:43,星期五,"107,979,617",3794,1027
2026-04-17 01:10:25,星期五,"107,979,940",3794,1027
2026-04-17 01:20:25,星期五,"107,980,224",3794,1027
2026-04-17 01:30:26,星期五,"107,980,472",3794,1027
2026-04-17 01:40:25,星期五,"107,980,683",3794,1027
2026-04-17 01:50:24,星期五,"107,980,893",3794,1027
2026-04-17 02:00:24,星期五,"107,981,039",3794,1027
2026-04-17 02:10:25,星期五,"107,981,210",3794,1027
2026-04-17 02:20:25,星期五,"107,981,394",3794,1027
2026-04-17 02:30:26,星期五,"107,981,562",3794,1027
2026-04-17 02:40:24,星期五,"107,981,685",3794,1027
2026-04-17 02:50:29,星期五,"107,981,799",3794,1027
2026-04-17 03:00:25,星期五,"107,981,900",3794,1027
2026-04-17 03:10:25,星期五,"107,981,983",3794,1027
2026-04-17 03:20:26,星期五,"107,982,061",3794,1027
2026-04-17 03:30:25,星期五,"107,982,148",3794,1027
2026-04-17 03:40:25,星期五,"107,982,225",3794,1027
2026-04-17 03:50:25,星期五,"107,982,286",3794,1027
2026-04-17 04:00:25,星期五,"107,982,339",3794,1027
2026-04-17 04:10:25,星期五,"107,982,393",3794,1027
2026-04-17 04:20:42,星期五,"107,982,455",3794,1027
2026-04-17 04:30:45,星期五,"107,982,511",3794,1027
2026-04-17 04:40:27,星期五,"107,982,570",3794,1027
2026-04-17 04:50:26,星期五,"107,982,623",3794,1027
2026-04-17 05:00:24,星期五,"107,982,684",3794,1027
2026-04-17 05:10:25,星期五,"107,982,734",3794,1027
2026-04-17 05:20:28,星期五,"107,982,802",3794,1027
2026-04-17 05:30:24,星期五,"107,982,886",3794,1027
2026-04-17 05:40:24,星期五,"107,982,990",3794,1027
2026-04-17 05:50:25,星期五,"107,983,131",3794,1027
2026-04-17 06:00:25,星期五,"107,983,303",3794,1027
2026-04-17 06:10:26,星期五,"107,983,430",3794,1027
2026-04-17 06:20:25,星期五,"107,983,590",3794,1027
2026-04-17 06:30:25,星期五,"107,983,802",3794,1027
2026-04-17 06:40:25,星期五,"107,984,088",3794,1027
2026-04-17 06:50:25,星期五,"107,984,421",3794,1027
2026-04-17 07:00:25,星期五,"107,984,882",3794,1027
2026-04-17 07:10:25,星期五,"107,985,359",3794,1027
2026-04-17 07:20:24,星期五,"107,985,939",3794,1027
2026-04-17 07:30:25,星期五,"107,986,621",3794,1027
2026-04-17 07:40:24,星期五,"107,987,410",3794,1027
2026-04-17 07:50:24,星期五,"107,988,303",3794,1027
2026-04-17 08:00:25,星期五,"107,989,372",3794,1027
2026-04-17 08:10:24,星期五,"107,990,381",3794,1027
2026-04-17 08:20:26,星期五,"107,991,235",3794,1027
2026-04-17 08:30:25,星期五,"107,992,043",3794,1027
2026-04-17 08:40:25,星期五,"107,992,836",3794,1027
2026-04-17 08:50:26,星期五,"107,993,610",3794,1027
2026-04-17 09:00:24,星期五,"107,994,374",3794,1027
2026-04-17 09:10:29,星期五,"107,995,156",3794,1027
2026-04-17 09:20:24,星期五,"107,995,940",3794,1027
2026-04-17 09:30:25,星期五,"107,996,717",3794,1027
2026-04-17 09:40:25,星期五,"107,997,526",3794,1027
2026-04-17 09:50:25,星期五,"107,998,238",3794,1027
2026-04-17 10:00:25,星期五,"107,998,980",3794,1027
2026-04-17 10:10:25,星期五,"107,999,744",3794,1027
2026-04-17 10:20:25,星期五,"108,000,414",3794,1027
2026-04-17 10:30:25,星期五,"108,001,185",3794,1027
2026-04-17 10:40:26,星期五,"108,001,937",3794,1027
2026-04-17 10:50:24,星期五,"108,002,692",3794,1027
2026-04-17 11:00:25,星期五,"108,003,425",3794,1027
2026-04-17 11:10:26,星期五,"108,004,286",3794,1027
2026-04-17 11:20:25,星期五,"108,005,210",3794,1027
2026-04-17 11:30:25,星期五,"108,006,008",3794,1027
2026-04-17 11:40:25,星期五,"108,006,978",3794,1027
2026-04-17 11:50:30,星期五,"108,007,955",3794,1027
2026-04-17 12:00:25,星期五,"108,008,895",3794,1027
2026-04-17 12:10:25,星期五,"108,009,974",3794,1027
2026-04-17 12:20:25,星期五,"108,011,006",3794,1027
2026-04-17 12:30:29,星期五,"108,012,250",3794,1027
2026-04-17 12:40:26,星期五,"108,013,346",3794,1027
2026-04-17 12:50:24,星期五,"108,014,477",3794,1027
2026-04-17 13:00:27,星期五,"108,015,577",3794,1027
2026-04-17 13:10:44,星期五,"108,016,660",3794,1027
2026-04-17 13:20:26,星期五,"108,017,751",3794,1027
2026-04-17 13:30:27,星期五,"108,018,852",3794,1027
2026-04-17 13:40:26,星期五,"108,019,965",3794,1027
2026-04-17 13:50:25,星期五,"108,021,103",3794,1027
2026-04-17 14:00:30,星期五,"108,022,242",3794,1027
2026-04-17 14:10:26,星期五,"108,023,250",3794,1027
2026-04-17 14:20:43,星期五,"108,024,273",3794,1027
2026-04-17 14:30:27,星期五,"108,025,292",3794,1027
2026-04-17 14:40:27,星期五,"108,026,236",3794,1027
2026-04-17 14:50:25,星期五,"108,027,214",3794,1027
2026-04-17 15:00:26,星期五,"108,028,200",3794,1027
2026-04-17 15:10:24,星期五,"108,029,212",3794,1027
2026-04-17 15:20:25,星期五,"108,030,235",3794,1027
2026-04-17 15:30:24,星期五,"108,031,283",3794,1027
2026-04-17 15:40:30,星期五,"108,032,336",3794,1027
2026-04-17 15:50:24,星期五,"108,033,381",3794,1027
2026-04-17 16:00:28,星期五,"108,034,449",3794,1027
2026-04-17 16:10:25,星期五,"108,035,569",3794,1027
2026-04-17 16:20:28,星期五,"108,036,621",3794,1027
2026-04-17 16:30:25,星期五,"108,037,760",3794,1027
2026-04-17 16:40:25,星期五,"108,038,870",3794,1027
2026-04-17 16:50:26,星期五,"108,039,980",3794,1027
2026-04-17 17:00:25,星期五,"108,041,129",3794,1027
2026-04-17 17:10:25,星期五,"108,042,287",3794,1027
2026-04-17 17:20:26,星期五,"108,043,392",3794,1027
2026-04-17 17:30:25,星期五,"108,044,444",3794,1027
2026-04-17 17:40:26,星期五,"108,045,529",3794,1027
2026-04-17 17:50:29,星期五,"108,046,505",3794,1027
2026-04-17 18:00:26,星期五,"108,047,655",3794,1027
2026-04-17 18:10:29,星期五,"108,048,720",3794,1027
2026-04-17 18:20:45,星期五,"108,049,714",3794,1027
2026-04-17 18:30:31,星期五,"108,050,667",3794,1027
2026-04-17 18:40:26,星期五,"108,051,661",3794,1027
2026-04-17 18:50:25,星期五,"108,052,699",3794,1027
2026-04-17 19:00:45,星期五,"108,053,677",3794,1027
2026-04-17 19:10:25,星期五,"108,054,600",3794,1027
2026-04-17 19:20:39,星期五,"108,055,573",3794,1027
2026-04-17 19:30:26,星期五,"108,056,498",3794,1027
2026-04-17 19:40:25,星期五,"108,057,380",3794,1027
2026-04-17 19:50:39,星期五,"108,058,235",3794,1027
2026-04-17 20:00:25,星期五,"108,059,132",3794,1027
2026-04-17 20:10:29,星期五,"108,059,995",3794,1027
2026-04-17 20:20:27,星期五,"108,060,858",3794,1027
2026-04-17 20:30:27,星期五,"108,061,744",3794,1027
2026-04-17 20:40:34,星期五,"108,062,645",3794,1027
2026-04-17 20:50:31,星期五,"108,063,525",3794,1027
2026-04-17 21:00:31,星期五,"108,064,375",3794,1027
2026-04-17 21:10:25,星期五,"108,065,226",3794,1027
2026-04-17 21:20:31,星期五,"108,066,059",3794,1027
2026-04-17 21:30:43,星期五,"108,066,882",3794,1027
2026-04-17 21:40:26,星期五,"108,067,658",3794,1027
2026-04-17 21:50:30,星期五,"108,068,430",3794,1027
2026-04-17 22:00:45,星期五,"108,069,171",3794,1027
2026-04-17 22:10:44,星期五,"108,070,044",3794,1027
2026-04-17 22:20:26,星期五,"108,070,882",3794,1027
2026-04-17 22:30:26,星期五,"108,071,666",3794,1027
2026-04-17 22:40:29,星期五,"108,072,437",3794,1027
2026-04-17 22:50:29,星期五,"108,073,206",3794,1027
2026-04-17 23:00:29,星期五,"108,073,886",3794,1027
2026-04-17 23:10:26,星期五,"108,074,632",3794,1027
2026-04-17 23:20:29,星期五,"108,075,413",3794,1027
2026-04-17 23:30:26,星期五,"108,076,021",3794,1027
2026-04-17 23:40:26,星期五,"108,076,627",3794,1027
2026-04-17 23:50:29,星期五,"108,077,156",3794,1027
2026-04-18 00:00:29,星期六,"108,077,621",3794,1027
2026-04-18 00:10:26,星期六,"108,078,394",3794,1027
2026-04-18 00:20:33,星期六,"108,079,230",3794,1027
2026-04-18 00:30:28,星期六,"108,079,945",3794,1027
2026-04-18 00:40:26,星期六,"108,080,502",3794,1027
2026-04-18 00:50:50,星期六,"108,081,018",3794,1027
2026-04-18 01:00:24,星期六,"108,081,436",3794,1027
2026-04-18 01:10:41,星期六,"108,081,862",3794,1027
2026-04-18 01:20:25,星期六,"108,082,247",3794,1027
2026-04-18 01:30:24,星期六,"108,082,559",3794,1027
2026-04-18 01:40:25,星期六,"108,082,840",3794,1027
2026-04-18 01:50:24,星期六,"108,083,098",3794,1027
2026-04-18 02:00:25,星期六,"108,083,333",3794,1027
2026-04-18 02:10:26,星期六,"108,083,592",3794,1027
2026-04-18 02:20:24,星期六,"108,083,798",3794,1027
2026-04-18 02:30:25,星期六,"108,084,004",3794,1027
2026-04-18 02:40:44,星期六,"108,084,160",3794,1027
2026-04-18 02:50:25,星期六,"108,084,318",3794,1027
2026-04-18 03:00:25,星期六,"108,084,446",3794,1027
2026-04-18 03:10:25,星期六,"108,084,569",3794,1027
2026-04-18 03:20:26,星期六,"108,084,686",3794,1027
2026-04-18 03:30:25,星期六,"108,084,813",3794,1027
2026-04-18 03:40:24,星期六,"108,084,909",3794,1027
2026-04-18 03:50:50,星期六,"108,085,012",3794,1027
2026-04-18 04:00:26,星期六,"108,085,101",3794,1027
2026-04-18 04:10:25,星期六,"108,085,194",3794,1027
2026-04-18 04:20:25,星期六,"108,085,277",3794,1027
2026-04-18 04:30:25,星期六,"108,085,360",3794,1027
2026-04-18 04:40:25,星期六,"108,085,433",3794,1027
2026-04-18 04:50:24,星期六,"108,085,499",3794,1027
2026-04-18 05:00:25,星期六,"108,085,579",3794,1027
2026-04-18 05:10:25,星期六,"108,085,645",3794,1027
2026-04-18 05:20:24,星期六,"108,085,710",3794,1027
2026-04-18 05:30:26,星期六,"108,085,794",3794,1027
2026-04-18 05:40:26,星期六,"108,085,906",3794,1027
2026-04-18 05:50:49,星期六,"108,086,048",3794,1027
2026-04-18 06:00:25,星期六,"108,086,217",3794,1027
2026-04-18 06:10:44,星期六,"108,086,326",3794,1027
2026-04-18 06:20:26,星期六,"108,086,463",3794,1027
2026-04-18 06:30:24,星期六,"108,086,621",3794,1027
2026-04-18 06:40:25,星期六,"108,086,876",3794,1027
2026-04-18 06:50:25,星期六,"108,087,175",3794,1027
2026-04-18 07:00:25,星期六,"108,087,536",3794,1027
2026-04-18 07:10:25,星期六,"108,087,906",3794,1027
2026-04-18 07:20:25,星期六,"108,088,248",3794,1027
2026-04-18 07:30:25,星期六,"108,088,707",3794,1027
2026-04-18 07:40:26,星期六,"108,089,264",3794,1027
2026-04-18 07:50:25,星期六,"108,089,882",3794,1027
2026-04-18 08:00:27,星期六,"108,090,586",3794,1027
2026-04-18 08:10:25,星期六,"108,091,207",3794,1027
2026-04-18 08:20:29,星期六,"108,091,744",3794,1027
2026-04-18 08:30:25,星期六,"108,092,271",3794,1027
2026-04-18 08:40:25,星期六,"108,092,864",3794,1027
2026-04-18 08:50:25,星期六,"108,093,548",3794,1027
2026-04-18 09:00:25,星期六,"108,094,186",3794,1027
2026-04-18 09:10:26,星期六,"108,094,966",3794,1027
2026-04-18 09:20:24,星期六,"108,095,700",3794,1027
2026-04-18 09:30:28,星期六,"108,096,632",3794,1027
2026-04-18 09:40:25,星期六,"108,097,410",3794,1027
2026-04-18 09:50:25,星期六,"108,098,301",3794,1027
2026-04-18 10:00:26,星期六,"108,099,200",3794,1027
2026-04-18 10:10:24,星期六,"108,100,157",3794,1027
2026-04-18 10:20:25,星期六,"108,101,104",3794,1027
2026-04-18 10:30:26,星期六,"108,102,097",3794,1027
2026-04-18 10:40:45,星期六,"108,103,052",3794,1027
2026-04-18 10:50:33,星期六,"108,104,062",3794,1027
2026-04-18 11:00:25,星期六,"108,105,091",3794,1027
2026-04-18 11:10:25,星期六,"108,106,145",3794,1027
2026-04-18 11:20:25,星期六,"108,107,271",3794,1027
2026-04-18 11:30:25,星期六,"108,108,353",3794,1027
2026-04-18 11:40:24,星期六,"108,109,309",3794,1027
2026-04-18 11:50:26,星期六,"108,110,509",3794,1027
2026-04-18 12:00:26,星期六,"108,111,549",3794,1027
2026-04-18 12:10:25,星期六,"108,112,667",3794,1027
2026-04-18 12:20:25,星期六,"108,113,824",3794,1027
2026-04-18 12:30:24,星期六,"108,115,045",3794,1027
2026-04-18 12:40:25,星期六,"108,116,145",3794,1027
2026-04-18 12:50:24,星期六,"108,117,303",3794,1027
2026-04-18 13:00:26,星期六,"108,118,454",3794,1027
2026-04-18 13:10:25,星期六,"108,119,612",3794,1027
2026-04-18 13:20:25,星期六,"108,120,756",3794,1027
2026-04-18 13:30:28,星期六,"108,121,936",3794,1027
2026-04-18 13:40:26,星期六,"108,123,102",3794,1027
2026-04-18 13:50:26,星期六,"108,124,305",3794,1027
2026-04-18 14:00:26,星期六,"108,125,585",3794,1027
2026-04-18 14:10:28,星期六,"108,126,784",3794,1027
2026-04-18 14:20:34,星期六,"108,127,926",3794,1027
2026-04-18 14:30:27,星期六,"108,129,139",3794,1027
2026-04-18 14:40:27,星期六,"108,130,127",3794,1027
2026-04-18 14:50:27,星期六,"108,131,366",3794,1027
2026-04-18 15:00:26,星期六,"108,132,545",3794,1027
2026-04-18 15:10:42,星期六,"108,133,635",3794,1027
2026-04-18 15:20:41,星期六,"108,134,727",3794,1027
2026-04-18 15:30:42,星期六,"108,135,885",3794,1027
2026-04-18 15:40:26,星期六,"108,137,032",3794,1027
2026-04-18 15:50:25,星期六,"108,138,146",3794,1027
2026-04-18 16:00:30,星期六,"108,139,303",3794,1027
2026-04-18 16:10:25,星期六,"108,140,450",3794,1027
2026-04-18 16:20:30,星期六,"108,141,569",3794,1027
2026-04-18 16:30:42,星期六,"108,142,720",3794,1027
2026-04-18 16:40:28,星期六,"108,143,864",3794,1027
2026-04-18 16:50:25,星期六,"108,144,973",3794,1027
2026-04-18 17:00:26,星期六,"108,146,052",3794,1027
2026-04-18 17:10:42,星期六,"108,147,173",3794,1027
2026-04-18 17:20:25,星期六,"108,148,287",3794,1027
2026-04-18 17:30:25,星期六,"108,149,420",3794,1027
2026-04-18 17:40:25,星期六,"108,150,470",3794,1027
2026-04-18 17:50:25,星期六,"108,151,474",3794,1027
2026-04-18 18:00:26,星期六,"108,152,501",3794,1027
2026-04-18 18:10:25,星期六,"108,153,511",3794,1027
2026-04-18 18:20:28,星期六,"108,154,450",3794,1027
2026-04-18 18:30:26,星期六,"108,155,348",3794,1027
2026-04-18 18:40:43,星期六,"108,156,252",3794,1027
2026-04-18 18:50:25,星期六,"108,157,153",3794,1027
2026-04-18 19:00:26,星期六,"108,157,977",3794,1027
2026-04-18 19:10:28,星期六,"108,158,826",3794,1027
2026-04-18 19:20:25,星期六,"108,159,572",3794,1027
2026-04-18 19:30:29,星期六,"108,160,379",3794,1027
2026-04-18 19:40:24,星期六,"108,161,145",3794,1027
2026-04-18 19:50:24,星期六,"108,161,971",3794,1027
2026-04-18 20:00:25,星期六,"108,162,783",3794,1027
2026-04-18 20:10:29,星期六,"108,163,550",3794,1027
2026-04-18 20:20:25,星期六,"108,164,354",3794,1027
2026-04-18 20:30:25,星期六,"108,165,105",3794,1027
2026-04-18 20:40:28,星期六,"108,165,944",3794,1027
2026-04-18 20:50:30,星期六,"108,166,750",3794,1027
2026-04-18 21:00:26,星期六,"108,167,589",3794,1027
2026-04-18 21:10:25,星期六,"108,168,372",3794,1027
2026-04-18 21:20:25,星期六,"108,169,153",3794,1027
2026-04-18 21:30:30,星期六,"108,169,912",3794,1027
2026-04-18 21:40:32,星期六,"108,170,659",3794,1027
2026-04-18 21:50:26,星期六,"108,171,293",3794,1027
2026-04-18 22:00:26,星期六,"108,171,964",3794,1027
2026-04-18 22:10:27,星期六,"108,172,826",3794,1027
2026-04-18 22:20:31,星期六,"108,173,705",3794,1027
2026-04-18 22:30:25,星期六,"108,174,475",3794,1027
2026-04-18 22:40:32,星期六,"108,175,279",3794,1027
2026-04-18 22:50:31,星期六,"108,175,992",3794,1027
2026-04-18 23:00:27,星期六,"108,176,623",3794,1027
2026-04-18 23:10:28,星期六,"108,177,312",3794,1027
2026-04-18 23:20:27,星期六,"108,178,025",3794,1027
2026-04-18 23:30:29,星期六,"108,178,661",3794,1027
2026-04-18 23:40:26,星期六,"108,179,197",3794,1027
2026-04-18 23:50:43,星期六,"108,179,721",3794,1027
2026-04-19 00:00:29,星期日,"108,180,117",3794,1027
2026-04-19 00:10:24,星期日,"108,180,857",3794,1027
2026-04-19 00:20:26,星期日,"108,181,673",3794,1027
2026-04-19 00:30:29,星期日,"108,182,338",3794,1027
2026-04-19 00:40:28,星期日,"108,182,858",3794,1027
2026-04-19 00:50:25,星期日,"108,183,346",3794,1027
2026-04-19 01:00:28,星期日,"108,183,748",3794,1027
2026-04-19 01:10:41,星期日,"108,184,126",3794,1027
2026-04-19 01:20:29,星期日,"108,184,483",3794,1027
2026-04-19 01:30:27,星期日,"108,184,812",3794,1027
2026-04-19 01:40:25,星期日,"108,185,083",3794,1027
2026-04-19 01:50:24,星期日,"108,185,324",3794,1027
2026-04-19 02:00:25,星期日,"108,185,554",3794,1027
2026-04-19 02:10:25,星期日,"108,185,768",3794,1027
2026-04-19 02:20:44,星期日,"108,185,986",3794,1027
2026-04-19 02:30:45,星期日,"108,186,192",3794,1027
2026-04-19 02:40:25,星期日,"108,186,351",3794,1027
2026-04-19 02:50:25,星期日,"108,186,495",3794,1027
2026-04-19 03:00:25,星期日,"108,186,618",3794,1027
2026-04-19 03:10:24,星期日,"108,186,741",3794,1027
2026-04-19 03:20:25,星期日,"108,186,846",3794,1027
2026-04-19 03:30:25,星期日,"108,186,944",3794,1027
2026-04-19 03:40:25,星期日,"108,187,030",3794,1027
2026-04-19 03:50:24,星期日,"108,187,137",3794,1027
2026-04-19 04:00:25,星期日,"108,187,191",3794,1027
2026-04-19 04:10:25,星期日,"108,187,273",3794,1027
2026-04-19 04:20:26,星期日,"108,187,337",3794,1027
2026-04-19 04:30:25,星期日,"108,187,400",3794,1027
2026-04-19 04:40:25,星期日,"108,187,473",3794,1027
2026-04-19 04:50:25,星期日,"108,187,535",3794,1027
2026-04-19 05:00:26,星期日,"108,187,595",3794,1027
2026-04-19 05:10:26,星期日,"108,187,660",3794,1027
2026-04-19 05:20:26,星期日,"108,187,741",3794,1027
2026-04-19 05:30:24,星期日,"108,187,817",3794,1027
2026-04-19 05:40:24,星期日,"108,187,906",3794,1027
2026-04-19 05:50:26,星期日,"108,188,030",3794,1027
2026-04-19 06:00:25,星期日,"108,188,197",3794,1027
2026-04-19 06:10:25,星期日,"108,188,326",3794,1027
2026-04-19 06:20:26,星期日,"108,188,450",3794,1027
2026-04-19 06:30:25,星期日,"108,188,617",3794,1027
2026-04-19 06:40:51,星期日,"108,188,837",3794,1027
2026-04-19 06:50:26,星期日,"108,189,066",3794,1027
2026-04-19 07:00:24,星期日,"108,189,353",3794,1027
2026-04-19 07:10:24,星期日,"108,189,659",3794,1027
2026-04-19 07:20:29,星期日,"108,189,944",3794,1027
2026-04-19 07:30:24,星期日,"108,190,276",3794,1027
2026-04-19 07:40:25,星期日,"108,190,706",3794,1027
2026-04-19 07:50:24,星期日,"108,191,216",3794,1027
2026-04-19 08:00:26,星期日,"108,191,776",3794,1027
2026-04-19 08:10:24,星期日,"108,192,318",3794,1027
2026-04-19 08:20:26,星期日,"108,192,765",3794,1027
2026-04-19 08:30:24,星期日,"108,193,212",3794,1027
2026-04-19 08:40:26,星期日,"108,193,736",3794,1027
2026-04-19 08:50:45,星期日,"108,194,267",3794,1027
2026-04-19 09:00:26,星期日,"108,194,809",3794,1027
2026-04-19 09:10:25,星期日,"108,195,437",3795,1027
2026-04-19 09:20:24,星期日,"108,196,113",3795,1027
2026-04-19 09:30:25,星期日,"108,196,832",3795,1027
2026-04-19 09:40:25,星期日,"108,197,510",3795,1027
2026-04-19 09:50:25,星期日,"108,198,363",3795,1027
2026-04-19 10:00:26,星期日,"108,199,208",3795,1027
2026-04-19 10:10:25,星期日,"108,200,059",3795,1027
2026-04-19 10:20:26,星期日,"108,200,935",3795,1027
2026-04-19 10:30:25,星期日,"108,201,826",3795,1027
2026-04-19 10:40:26,星期日,"108,202,772",3795,1027
2026-04-19 10:50:26,星期日,"108,203,741",3795,1027
2026-04-19 11:00:25,星期日,"108,204,728",3795,1027
2026-04-19 11:10:26,星期日,"108,205,800",3795,1027
2026-04-19 11:20:40,星期日,"108,206,869",3795,1027
2026-04-19 11:30:25,星期日,"108,207,908",3795,1027
2026-04-19 11:40:26,星期日,"108,208,932",3795,1027
2026-04-19 11:50:26,星期日,"108,209,973",3795,1027
2026-04-19 12:00:25,星期日,"108,211,005",3795,1027
2026-04-19 12:10:24,星期日,"108,212,099",3795,1027
2026-04-19 12:20:25,星期日,"108,213,267",3795,1027
2026-04-19 12:30:25,星期日,"108,214,410",3795,1027
2026-04-19 12:40:24,星期日,"108,215,517",3795,1027
2026-04-19 12:50:25,星期日,"108,216,663",3795,1027
2026-04-19 13:00:30,星期日,"108,217,731",3795,1027
2026-04-19 13:10:42,星期日,"108,218,980",3795,1027
2026-04-19 13:20:25,星期日,"108,220,180",3795,1027
2026-04-19 13:30:27,星期日,"108,221,438",3795,1027
2026-04-19 13:40:27,星期日,"108,222,640",3795,1027
2026-04-19 13:50:26,星期日,"108,223,948",3795,1027
2026-04-19 14:00:43,星期日,"108,225,343",3795,1027
2026-04-19 14:10:25,星期日,"108,226,564",3795,1027
2026-04-19 14:20:25,星期日,"108,227,832",3795,1027
2026-04-19 14:30:44,星期日,"108,229,103",3795,1027
2026-04-19 14:40:44,星期日,"108,230,325",3795,1027
2026-04-19 14:50:37,星期日,"108,231,605",3795,1027
2026-04-19 15:00:46,星期日,"108,232,805",3795,1027
2026-04-19 15:10:26,星期日,"108,233,003",3795,1027
2026-04-19 15:20:25,星期日,"108,235,306",3795,1027
2026-04-19 15:30:46,星期日,"108,236,566",3795,1027
2026-04-19 15:40:26,星期日,"108,237,762",3795,1027
2026-04-19 15:50:42,星期日,"108,239,117",3795,1027
2026-04-19 16:00:27,星期日,"108,240,426",3795,1027
2026-04-19 16:10:26,星期日,"108,241,684",3795,1027
2026-04-19 16:20:24,星期日,"108,242,962",3795,1027
2026-04-19 16:30:42,星期日,"108,244,279",3795,1027
2026-04-19 16:40:27,星期日,"108,245,575",3795,1027
2026-04-19 16:50:25,星期日,"108,246,870",3795,1027
2026-04-19 17:00:27,星期日,"108,248,111",3795,1027
2026-04-19 17:10:41,星期日,"108,249,352",3795,1027
2026-04-19 17:20:42,星期日,"108,250,560",3795,1027
2026-04-19 17:30:41,星期日,"108,251,872",3795,1027
2026-04-19 17:40:25,星期日,"108,253,023",3795,1027
2026-04-19 17:50:33,星期日,"108,254,193",3795,1027
2026-04-19 18:00:24,星期日,"108,255,207",3795,1027
2026-04-19 18:10:26,星期日,"108,256,420",3795,1027
2026-04-19 18:20:27,星期日,"108,257,466",3795,1027
2026-04-19 18:30:25,星期日,"108,258,497",3795,1027
2026-04-19 18:40:25,星期日,"108,259,557",3795,1027
2026-04-19 18:50:25,星期日,"108,260,585",3795,1027
2026-04-19 19:00:25,星期日,"108,261,406",3795,1027
2026-04-19 19:10:28,星期日,"108,262,487",3795,1027
2026-04-19 19:20:25,星期日,"108,263,486",3795,1027
2026-04-19 19:30:29,星期日,"108,264,434",3795,1027
2026-04-19 19:40:25,星期日,"108,265,364",3795,1027
2026-04-19 19:50:29,星期日,"108,266,309",3795,1027
2026-04-19 20:00:26,星期日,"108,267,194",3795,1027
2026-04-19 20:10:28,星期日,"108,268,147",3795,1027
2026-04-19 20:20:44,星期日,"108,269,135",3795,1027
2026-04-19 20:30:25,星期日,"108,270,069",3795,1027
2026-04-19 20:40:41,星期日,"108,270,987",3795,1027
2026-04-19 20:50:25,星期日,"108,271,842",3795,1027
2026-04-19 21:00:31,星期日,"108,272,740",3795,1027
2026-04-19 21:10:24,星期日,"108,273,582",3795,1027
2026-04-19 21:20:25,星期日,"108,274,469",3795,1027
2026-04-19 21:30:44,星期日,"108,275,368",3795,1027
2026-04-19 21:40:25,星期日,"108,276,129",3795,1027
2026-04-19 21:50:26,星期日,"108,276,813",3795,1027
2026-04-19 22:00:46,星期日,"108,277,460",3795,1027
2026-04-19 22:10:33,星期日,"108,278,224",3795,1027
2026-04-19 22:20:27,星期日,"108,279,058",3795,1027
2026-04-19 22:30:28,星期日,"108,279,736",3795,1027
2026-04-19 22:40:42,星期日,"108,280,452",3795,1027
2026-04-19 22:50:33,星期日,"108,281,108",3795,1027
2026-04-19 23:00:44,星期日,"108,281,656",3795,1027
2026-04-19 23:10:43,星期日,"108,282,336",3795,1027
2026-04-19 23:20:47,星期日,"108,282,980",3795,1027
2026-04-19 23:30:46,星期日,"108,283,547",3795,1027
2026-04-19 23:40:27,星期日,"108,284,013",3795,1027
2026-04-19 23:50:27,星期日,"108,284,484",3795,1027
2026-04-20 00:00:28,星期一,"108,284,866",3795,1027
2026-04-20 00:10:26,星期一,"108,285,542",3795,1027
2026-04-20 00:20:25,星期一,"108,286,229",3795,1027
2026-04-20 00:30:26,星期一,"108,286,773",3795,1027
2026-04-20 00:40:26,星期一,"108,287,263",3795,1027
2026-04-20 00:50:25,星期一,"108,287,623",3795,1027
2026-04-20 01:00:30,星期一,"108,287,956",3795,1027
2026-04-20 01:10:28,星期一,"108,288,261",3795,1027
2026-04-20 01:20:24,星期一,"108,288,531",3795,1027
2026-04-20 01:30:28,星期一,"108,288,745",3795,1027
2026-04-20 01:40:26,星期一,"108,288,947",3795,1027
2026-04-20 01:50:58,星期一,"108,289,148",3795,1027
2026-04-20 02:00:25,星期一,"108,289,300",3795,1027
2026-04-20 02:10:26,星期一,"108,289,484",3795,1027
2026-04-20 02:20:24,星期一,"108,289,664",3795,1027
2026-04-20 02:30:28,星期一,"108,289,821",3795,1027
2026-04-20 02:40:25,星期一,"108,289,936",3795,1027
2026-04-20 02:50:25,星期一,"108,290,037",3795,1027
2026-04-20 03:00:25,星期一,"108,290,141",3795,1027
2026-04-20 03:10:24,星期一,"108,290,245",3795,1027
2026-04-20 03:20:25,星期一,"108,290,331",3795,1027
2026-04-20 03:30:25,星期一,"108,290,408",3795,1027
2026-04-20 03:40:24,星期一,"108,290,493",3795,1027
2026-04-20 03:50:25,星期一,"108,290,561",3795,1027
2026-04-20 04:00:25,星期一,"108,290,642",3795,1027
2026-04-20 04:10:25,星期一,"108,290,694",3795,1027
2026-04-20 04:20:24,星期一,"108,290,743",3795,1027
2026-04-20 04:30:26,星期一,"108,290,803",3795,1027
2026-04-20 04:40:25,星期一,"108,290,864",3795,1027
2026-04-20 04:50:26,星期一,"108,290,922",3795,1027
2026-04-20 05:00:26,星期一,"108,290,975",3795,1027
2026-04-20 05:10:24,星期一,"108,291,044",3795,1027
2026-04-20 05:20:26,星期一,"108,291,132",3795,1027
2026-04-20 05:30:24,星期一,"108,291,220",3795,1027
2026-04-20 05:40:24,星期一,"108,291,312",3795,1027
2026-04-20 05:50:24,星期一,"108,291,436",3795,1027
2026-04-20 06:00:24,星期一,"108,291,613",3795,1027
2026-04-20 06:10:24,星期一,"108,291,775",3795,1027
2026-04-20 06:20:25,星期一,"108,291,978",3795,1027
2026-04-20 06:30:25,星期一,"108,292,209",3795,1027
2026-04-20 06:40:24,星期一,"108,292,504",3795,1027
2026-04-20 06:50:23,星期一,"108,292,882",3795,1027
2026-04-20 07:00:24,星期一,"108,293,378",3795,1027
2026-04-20 07:10:24,星期一,"108,293,926",3795,1027
2026-04-20 07:20:25,星期一,"108,294,538",3795,1027
2026-04-20 07:30:25,星期一,"108,295,263",3795,1027
2026-04-20 07:40:25,星期一,"108,296,120",3795,1027
2026-04-20 07:50:25,星期一,"108,297,028",3795,1027
2026-04-20 08:00:28,星期一,"108,297,020",3795,1027
2026-04-20 08:10:24,星期一,"108,299,003",3795,1027
2026-04-20 08:20:25,星期一,"108,299,813",3795,1027
2026-04-20 08:30:25,星期一,"108,300,515",3795,1027
2026-04-20 08:40:24,星期一,"108,301,335",3795,1027
2026-04-20 08:50:25,星期一,"108,302,106",3795,1027
2026-04-20 09:00:25,星期一,"108,302,855",3795,1027
2026-04-20 09:10:25,星期一,"108,303,585",3795,1027
2026-04-20 09:20:26,星期一,"108,304,360",3795,1027
2026-04-20 09:30:26,星期一,"108,305,094",3795,1027
2026-04-20 09:40:24,星期一,"108,305,832",3795,1027
2026-04-20 09:50:25,星期一,"108,306,546",3795,1027
2026-04-20 10:00:24,星期一,"108,307,273",3795,1027
2026-04-20 10:10:24,星期一,"108,308,052",3795,1027
2026-04-20 10:20:25,星期一,"108,308,780",3795,1027
2026-04-20 10:30:26,星期一,"108,309,522",3795,1027
2026-04-20 10:40:25,星期一,"108,310,282",3795,1027
2026-04-20 10:50:25,星期一,"108,310,988",3795,1027
2026-04-20 11:00:25,星期一,"108,311,675",3795,1027
2026-04-20 11:10:25,星期一,"108,312,538",3795,1027
2026-04-20 11:20:25,星期一,"108,313,431",3795,1027
2026-04-20 11:30:26,星期一,"108,314,330",3795,1027
2026-04-20 11:40:45,星期一,"108,315,216",3795,1027
2026-04-20 11:50:24,星期一,"108,316,085",3795,1027
2026-04-20 12:00:25,星期一,"108,316,998",3795,1027
2026-04-20 12:10:25,星期一,"108,318,031",3795,1027
2026-04-20 12:20:27,星期一,"108,319,105",3795,1027
2026-04-20 12:30:26,星期一,"108,320,171",3795,1027
2026-04-20 12:40:26,星期一,"108,321,238",3795,1027
2026-04-20 12:50:27,星期一,"108,322,293",3795,1027
2026-04-20 13:00:25,星期一,"108,323,259",3795,1027
2026-04-20 13:10:26,星期一,"108,324,275",3795,1027
2026-04-20 13:20:26,星期一,"108,325,288",3795,1027
2026-04-20 13:30:49,星期一,"108,326,303",3795,1027
2026-04-20 13:40:26,星期一,"108,327,229",3795,1027
2026-04-20 13:50:37,星期一,"108,328,219",3795,1027
2026-04-20 14:00:25,星期一,"108,329,241",3795,1027
2026-04-20 14:10:41,星期一,"108,330,169",3795,1027
2026-04-20 14:20:25,星期一,"108,331,067",3795,1027
2026-04-20 14:40:26,星期一,"108,332,816",3795,1027
2026-04-20 14:50:28,星期一,"108,333,669",3795,1027
2026-04-20 15:00:28,星期一,"108,334,537",3795,1027
2026-04-20 15:10:27,星期一,"108,335,361",3795,1027
2026-04-20 15:20:27,星期一,"108,336,189",3795,1027
2026-04-20 15:30:26,星期一,"108,337,070",3795,1027
2026-04-20 15:40:25,星期一,"108,337,952",3795,1027
2026-04-20 15:50:44,星期一,"108,338,839",3795,1027
2026-04-20 16:00:26,星期一,"108,339,752",3795,1027
2026-04-20 16:10:26,星期一,"108,340,724",3795,1027
2026-04-20 16:20:24,星期一,"108,341,685",3795,1027
2026-04-20 16:30:29,星期一,"108,342,624",3795,1027
2026-04-20 16:40:26,星期一,"108,343,607",3795,1027
2026-04-20 16:50:29,星期一,"108,344,558",3795,1027
2026-04-20 17:00:25,星期一,"108,345,541",3795,1027
2026-04-20 17:10:30,星期一,"108,346,569",3795,1027
2026-04-20 17:20:23,星期一,"108,347,596",3795,1027
2026-04-20 17:30:25,星期一,"108,348,532",3795,1027
2026-04-20 17:40:25,星期一,"108,349,524",3795,1027
2026-04-20 17:50:24,星期一,"108,350,527",3795,1027
2026-04-20 18:00:30,星期一,"108,351,553",3795,1027
2026-04-20 18:10:25,星期一,"108,352,607",3795,1027
2026-04-20 18:20:45,星期一,"108,353,611",3795,1027
2026-04-20 18:30:27,星期一,"108,354,555",3795,1027
2026-04-20 18:40:25,星期一,"108,355,424",3795,1027
2026-04-20 18:50:29,星期一,"108,356,340",3795,1027
2026-04-20 19:00:28,星期一,"108,357,214",3795,1027
2026-04-20 19:10:25,星期一,"108,358,081",3795,1027
2026-04-20 19:20:27,星期一,"108,358,999",3795,1027
2026-04-20 19:30:28,星期一,"108,359,867",3795,1027
2026-04-20 19:40:27,星期一,"108,360,695",3795,1027
2026-04-20 19:50:25,星期一,"108,361,552",3795,1027
2026-04-20 20:00:30,星期一,"108,362,393",3795,1027
2026-04-20 20:10:26,星期一,"108,363,207",3795,1027
2026-04-20 20:20:27,星期一,"108,363,995",3795,1027
2026-04-20 20:30:28,星期一,"108,364,791",3795,1027
2026-04-20 20:40:30,星期一,"108,365,587",3795,1027
2026-04-20 20:50:26,星期一,"108,366,360",3795,1027
2026-04-20 21:00:28,星期一,"108,367,139",3795,1027
2026-04-20 21:10:25,星期一,"108,367,835",3795,1027
2026-04-20 21:20:30,星期一,"108,368,565",3795,1027
2026-04-20 21:30:27,星期一,"108,369,248",3795,1027
2026-04-20 21:40:29,星期一,"108,369,934",3795,1027
2026-04-20 21:50:26,星期一,"108,370,552",3795,1027
2026-04-20 22:00:27,星期一,"108,371,168",3795,1027
2026-04-20 22:10:45,星期一,"108,371,856",3795,1027
2026-04-20 22:20:33,星期一,"108,372,592",3795,1027
2026-04-20 22:30:33,星期一,"108,373,231",3795,1027
2026-04-20 22:40:26,星期一,"108,373,862",3795,1027
2026-04-20 22:50:28,星期一,"108,374,444",3795,1027
2026-04-20 23:00:27,星期一,"108,374,909",3795,1027
2026-04-20 23:10:24,星期一,"108,375,503",3795,1027
2026-04-20 23:20:28,星期一,"108,376,086",3795,1027
2026-04-20 23:30:44,星期一,"108,376,611",3795,1027
2026-04-20 23:40:26,星期一,"108,377,038",3795,1027
2026-04-20 23:50:26,星期一,"108,377,429",3795,1027
2026-04-21 00:00:24,星期二,"108,377,758",3795,1027
2026-04-21 00:10:45,星期二,"108,378,415",3795,1027
2026-04-21 00:20:25,星期二,"108,379,025",3795,1027
2026-04-21 00:30:31,星期二,"108,379,518",3795,1027
2026-04-21 00:40:28,星期二,"108,379,885",3795,1027
2026-04-21 00:50:26,星期二,"108,380,222",3795,1027
2026-04-21 01:00:26,星期二,"108,380,506",3795,1027
2026-04-21 01:10:24,星期二,"108,380,769",3795,1027
2026-04-21 01:20:25,星期二,"108,381,036",3795,1027
2026-04-21 01:30:25,星期二,"108,381,301",3795,1027
2026-04-21 01:40:25,星期二,"108,381,504",3795,1027
2026-04-21 01:50:27,星期二,"108,381,680",3795,1027
2026-04-21 02:00:24,星期二,"108,381,850",3795,1027
2026-04-21 02:10:26,星期二,"108,382,019",3795,1027
2026-04-21 02:20:25,星期二,"108,382,166",3795,1027
2026-04-21 02:30:25,星期二,"108,382,301",3795,1027
2026-04-21 02:40:24,星期二,"108,382,426",3795,1027
2026-04-21 02:50:26,星期二,"108,382,545",3795,1027
2026-04-21 03:00:26,星期二,"108,382,634",3795,1027
2026-04-21 03:10:45,星期二,"108,382,726",3795,1027
2026-04-21 03:20:25,星期二,"108,382,816",3795,1027
2026-04-21 03:30:25,星期二,"108,382,897",3795,1027
2026-04-21 03:40:25,星期二,"108,382,950",3795,1027
2026-04-21 03:50:25,星期二,"108,383,022",3795,1027
2026-04-21 04:00:24,星期二,"108,383,083",3795,1027
2026-04-21 04:10:45,星期二,"108,383,128",3795,1027
2026-04-21 04:20:24,星期二,"108,383,185",3795,1027
2026-04-21 04:30:24,星期二,"108,383,238",3795,1027
2026-04-21 04:40:26,星期二,"108,383,291",3795,1027
2026-04-21 04:50:25,星期二,"108,383,349",3795,1027
2026-04-21 05:00:26,星期二,"108,383,420",3795,1027
2026-04-21 05:10:25,星期二,"108,383,489",3795,1027
2026-04-21 05:20:24,星期二,"108,383,553",3795,1027
2026-04-21 05:30:25,星期二,"108,383,625",3795,1027
2026-04-21 05:40:25,星期二,"108,383,738",3795,1027
2026-04-21 05:50:23,星期二,"108,383,854",3795,1027
2026-04-21 06:00:25,星期二,"108,384,000",3795,1027
2026-04-21 06:10:26,星期二,"108,384,159",3795,1027
2026-04-21 06:20:26,星期二,"108,384,323",3795,1027
2026-04-21 06:30:24,星期二,"108,384,490",3795,1027
2026-04-21 06:40:24,星期二,"108,384,712",3795,1027
2026-04-21 06:50:24,星期二,"108,385,061",3795,1027
2026-04-21 07:00:26,星期二,"108,385,502",3795,1027
2026-04-21 07:10:24,星期二,"108,385,977",3795,1027
2026-04-21 07:20:26,星期二,"108,386,501",3795,1027
2026-04-21 07:30:25,星期二,"108,387,179",3795,1027
2026-04-21 07:40:26,星期二,"108,387,954",3795,1027
2026-04-21 07:50:25,星期二,"108,388,701",3795,1027
2026-04-21 08:00:44,星期二,"108,389,810",3795,1027
2026-04-21 08:10:25,星期二,"108,390,731",3795,1027
2026-04-21 08:20:26,星期二,"108,391,549",3795,1027
2026-04-21 08:30:25,星期二,"108,392,337",3795,1027
2026-04-21 08:40:26,星期二,"108,393,101",3795,1027
2026-04-21 08:50:25,星期二,"108,393,714",3795,1027
2026-04-21 09:00:25,星期二,"108,394,540",3795,1027
2026-04-21 09:10:26,星期二,"108,395,261",3795,1027
2026-04-21 09:20:24,星期二,"108,395,903",3795,1027
2026-04-21 09:30:27,星期二,"108,396,752",3795,1027
2026-04-21 09:40:30,星期二,"108,397,493",3795,1027
2026-04-21 09:50:24,星期二,"108,398,217",3795,1027
2026-04-21 10:00:24,星期二,"108,398,948",3795,1027
2026-04-21 10:10:25,星期二,"108,399,660",3795,1027
2026-04-21 10:20:26,星期二,"108,400,383",3795,1027
2026-04-21 10:30:28,星期二,"108,401,112",3795,1027
2026-04-21 10:40:25,星期二,"108,401,781",3795,1027
2026-04-21 10:50:29,星期二,"108,402,518",3795,1027
2026-04-21 11:00:28,星期二,"108,403,227",3795,1027
2026-04-21 11:10:26,星期二,"108,404,051",3795,1027
2026-04-21 11:20:25,星期二,"108,404,876",3795,1027
2026-04-21 11:30:25,星期二,"108,405,713",3795,1027
2026-04-21 11:40:27,星期二,"108,406,544",3795,1027
2026-04-21 11:50:26,星期二,"108,407,412",3795,1027
2026-04-21 12:00:25,星期二,"108,408,324",3795,1027
2026-04-21 12:10:25,星期二,"108,409,327",3795,1027
2026-04-21 12:20:26,星期二,"108,410,385",3795,1027
2026-04-21 12:30:25,星期二,"108,411,417",3795,1027
2026-04-21 12:40:26,星期二,"108,412,467",3795,1027
2026-04-21 12:50:30,星期二,"108,413,545",3795,1027
2026-04-21 13:00:27,星期二,"108,414,574",3795,1027
2026-04-21 13:10:26,星期二,"108,415,532",3795,1027
2026-04-21 13:20:25,星期二,"108,416,547",3795,1027
2026-04-21 13:30:30,星期二,"108,417,411",3795,1027
2026-04-21 13:40:38,星期二,"108,418,470",3795,1027
2026-04-21 13:50:26,星期二,"108,419,420",3795,1027
2026-04-21 14:00:28,星期二,"108,420,412",3795,1027
2026-04-21 14:10:25,星期二,"108,421,375",3795,1027
2026-04-21 14:20:43,星期二,"108,422,297",3795,1027
2026-04-21 14:30:26,星期二,"108,423,136",3795,1027
2026-04-21 14:40:26,星期二,"108,424,019",3795,1027
2026-04-21 14:50:26,星期二,"108,424,875",3795,1027
2026-04-21 15:00:29,星期二,"108,425,736",3795,1027
2026-04-21 15:10:26,星期二,"108,426,613",3795,1027
2026-04-21 15:20:41,星期二,"108,427,435",3795,1027
2026-04-21 15:30:25,星期二,"108,428,305",3795,1027
2026-04-21 15:40:28,星期二,"108,429,175",3795,1027
2026-04-21 15:50:29,星期二,"108,430,086",3795,1027
2026-04-21 16:00:25,星期二,"108,431,018",3795,1027
2026-04-21 16:10:31,星期二,"108,432,015",3795,1027
2026-04-21 16:20:26,星期二,"108,433,009",3795,1027
2026-04-21 16:30:27,星期二,"108,433,813",3795,1027
2026-04-21 16:40:33,星期二,"108,434,852",3795,1027
2026-04-21 16:50:30,星期二,"108,435,846",3795,1027
2026-04-21 17:00:25,星期二,"108,436,819",3795,1027
2026-04-21 17:10:25,星期二,"108,437,779",3795,1027
2026-04-21 17:20:40,星期二,"108,438,743",3795,1027
2026-04-21 17:30:29,星期二,"108,439,756",3795,1027
2026-04-21 17:40:25,星期二,"108,440,719",3795,1027
2026-04-21 17:50:25,星期二,"108,441,706",3795,1027
2026-04-21 18:00:29,星期二,"108,442,733",3795,1027
2026-04-21 18:10:26,星期二,"108,443,709",3795,1027
2026-04-21 18:20:39,星期二,"108,444,651",3795,1027
2026-04-21 18:30:25,星期二,"108,445,649",3795,1027
2026-04-21 18:40:26,星期二,"108,446,625",3795,1027
2026-04-21 18:50:25,星期二,"108,447,539",3795,1027
2026-04-21 19:00:27,星期二,"108,448,478",3795,1027
2026-04-21 19:10:25,星期二,"108,449,348",3795,1027
2026-04-21 19:20:26,星期二,"108,450,225",3795,1027
2026-04-21 19:30:28,星期二,"108,451,095",3795,1027
2026-04-21 19:40:25,星期二,"108,451,950",3795,1027
2026-04-21 19:50:29,星期二,"108,452,770",3795,1027
2026-04-21 20:00:28,星期二,"108,453,596",3795,1027
2026-04-21 20:10:29,星期二,"108,454,418",3795,1027
2026-04-21 20:20:29,星期二,"108,455,257",3795,1027
2026-04-21 20:30:37,星期二,"108,456,111",3795,1027
2026-04-21 20:40:26,星期二,"108,456,853",3795,1027
2026-04-21 20:50:28,星期二,"108,457,677",3795,1027
2026-04-21 21:00:25,星期二,"108,458,447",3795,1027
2026-04-21 21:10:30,星期二,"108,459,195",3795,1027
2026-04-21 21:20:29,星期二,"108,459,938",3795,1027
2026-04-21 21:30:25,星期二,"108,460,631",3795,1027
2026-04-21 21:40:50,星期二,"108,461,351",3795,1027
2026-04-21 21:50:37,星期二,"108,462,004",3795,1027
2026-04-21 22:00:26,星期二,"108,462,574",3795,1027
2026-04-21 22:10:30,星期二,"108,463,310",3795,1027
2026-04-21 22:20:28,星期二,"108,464,040",3795,1027
2026-04-21 22:30:29,星期二,"108,464,727",3795,1027
2026-04-21 22:40:45,星期二,"108,465,437",3795,1027
2026-04-21 22:50:28,星期二,"108,466,062",3795,1027
2026-04-21 23:00:41,星期二,"108,466,576",3795,1027
2026-04-21 23:10:43,星期二,"108,467,182",3795,1027
2026-04-21 23:20:34,星期二,"108,467,796",3795,1027
2026-04-21 23:30:32,星期二,"108,468,200",3795,1027
2026-04-21 23:40:27,星期二,"108,468,788",3795,1027
2026-04-21 23:50:29,星期二,"108,469,206",3795,1027
2026-04-22 00:00:27,星期三,"108,469,589",3795,1027
2026-04-22 00:10:44,星期三,"108,470,217",3795,1027
2026-04-22 00:20:29,星期三,"108,470,841",3795,1027
2026-04-22 00:30:26,星期三,"108,471,324",3795,1027
2026-04-22 00:40:29,星期三,"108,471,723",3795,1027
2026-04-22 00:50:26,星期三,"108,472,063",3795,1027
2026-04-22 01:00:44,星期三,"108,472,340",3795,1027
2026-04-22 01:10:25,星期三,"108,472,638",3795,1027
2026-04-22 01:20:25,星期三,"108,472,917",3795,1027
2026-04-22 01:30:25,星期三,"108,473,114",3795,1027
2026-04-22 01:40:25,星期三,"108,473,327",3795,1027
2026-04-22 01:50:24,星期三,"108,473,499",3795,1027
2026-04-22 02:00:25,星期三,"108,473,655",3795,1027
2026-04-22 02:10:24,星期三,"108,473,815",3795,1027
2026-04-22 02:20:26,星期三,"108,473,951",3795,1027
2026-04-22 02:30:26,星期三,"108,474,073",3795,1027
2026-04-22 02:40:26,星期三,"108,474,187",3795,1027
2026-04-22 02:50:25,星期三,"108,474,293",3795,1027
2026-04-22 03:00:27,星期三,"108,474,387",3795,1027
2026-04-22 03:10:25,星期三,"108,474,481",3795,1027
2026-04-22 03:20:40,星期三,"108,474,574",3795,1027
2026-04-22 03:30:25,星期三,"108,474,635",3795,1027
2026-04-22 03:40:25,星期三,"108,474,710",3795,1027
2026-04-22 03:50:26,星期三,"108,474,782",3795,1027
2026-04-22 04:00:24,星期三,"108,474,843",3795,1027
2026-04-22 04:10:26,星期三,"108,474,892",3795,1027
2026-04-22 04:20:25,星期三,"108,474,948",3795,1027
2026-04-22 04:30:24,星期三,"108,474,989",3795,1027
2026-04-22 04:40:25,星期三,"108,475,049",3795,1027
2026-04-22 04:50:24,星期三,"108,475,115",3795,1027
2026-04-22 05:00:26,星期三,"108,475,178",3795,1027
2026-04-22 05:10:26,星期三,"108,475,226",3795,1027
2026-04-22 05:20:25,星期三,"108,475,293",3795,1027
2026-04-22 05:30:26,星期三,"108,475,363",3795,1027
2026-04-22 05:40:26,星期三,"108,475,468",3795,1027
2026-04-22 05:50:24,星期三,"108,475,578",3795,1027
2026-04-22 06:00:26,星期三,"108,475,751",3795,1027
2026-04-22 06:10:25,星期三,"108,475,912",3795,1027
2026-04-22 06:20:24,星期三,"108,476,056",3795,1027
2026-04-22 06:30:24,星期三,"108,476,255",3795,1027
2026-04-22 06:40:25,星期三,"108,476,501",3795,1027
2026-04-22 06:50:23,星期三,"108,476,854",3795,1027
2026-04-22 07:00:25,星期三,"108,477,334",3795,1027
2026-04-22 07:10:24,星期三,"108,477,808",3795,1027
2026-04-22 07:20:26,星期三,"108,478,346",3795,1027
2026-04-22 07:30:24,星期三,"108,478,948",3795,1027
2026-04-22 07:40:24,星期三,"108,479,732",3795,1027
2026-04-22 07:50:25,星期三,"108,480,548",3795,1027
2026-04-22 08:00:25,星期三,"108,481,531",3795,1027
2026-04-22 08:10:26,星期三,"108,482,518",3795,1027
2026-04-22 08:20:39,星期三,"108,483,404",3795,1027
2026-04-22 08:30:24,星期三,"108,484,189",3795,1027
2026-04-22 08:40:26,星期三,"108,484,961",3795,1027
2026-04-22 08:50:25,星期三,"108,485,695",3795,1027
2026-04-22 09:00:25,星期三,"108,486,445",3795,1027
2026-04-22 09:10:26,星期三,"108,487,218",3796,1027
2026-04-22 09:20:25,星期三,"108,487,981",3796,1027
2026-04-22 09:30:25,星期三,"108,488,728",3796,1027
2026-04-22 09:40:27,星期三,"108,489,474",3796,1027
2026-04-22 09:50:24,星期三,"108,490,245",3796,1027
2026-04-22 10:00:24,星期三,"108,490,955",3796,1027
2026-04-22 10:10:25,星期三,"108,491,716",3796,1027
2026-04-22 10:20:27,星期三,"108,492,440",3796,1027
2026-04-22 10:30:25,星期三,"108,493,187",3796,1027
2026-04-22 10:40:29,星期三,"108,493,949",3796,1027
2026-04-22 10:50:26,星期三,"108,494,681",3796,1027
2026-04-22 11:00:25,星期三,"108,495,368",3796,1027
2026-04-22 11:10:28,星期三,"108,496,224",3796,1027
2026-04-22 11:20:25,星期三,"108,497,115",3796,1027
2026-04-22 11:30:25,星期三,"108,497,903",3796,1027
2026-04-22 11:40:29,星期三,"108,498,862",3796,1027
2026-04-22 11:50:26,星期三,"108,499,742",3796,1027
2026-04-22 12:00:26,星期三,"108,500,719",3796,1027
2026-04-22 12:10:25,星期三,"108,501,772",3796,1027
2026-04-22 12:20:24,星期三,"108,502,882",3796,1027
2026-04-22 12:30:25,星期三,"108,503,973",3796,1027
2026-04-22 12:40:27,星期三,"108,505,000",3796,1027
2026-04-22 12:50:29,星期三,"108,506,177",3796,1027
2026-04-22 13:00:26,星期三,"108,507,197",3796,1027
2026-04-22 13:10:27,星期三,"108,508,220",3796,1027
2026-04-22 13:20:25,星期三,"108,509,151",3796,1027
2026-04-22 13:30:26,星期三,"108,510,178",3796,1027
2026-04-22 13:40:25,星期三,"108,511,188",3796,1027
2026-04-22 13:50:27,星期三,"108,512,184",3796,1027
2026-04-22 14:00:24,星期三,"108,513,207",3796,1027
2026-04-22 14:10:24,星期三,"108,514,181",3796,1027
2026-04-22 14:20:27,星期三,"108,515,082",3796,1027
2026-04-22 14:30:25,星期三,"108,516,005",3796,1027
2026-04-22 14:40:44,星期三,"108,516,894",3796,1027
2026-04-22 14:50:25,星期三,"108,517,771",3796,1027
2026-04-22 15:00:25,星期三,"108,518,633",3796,1027
2026-04-22 15:10:47,星期三,"108,519,570",3796,1027
2026-04-22 15:20:29,星期三,"108,520,467",3796,1027
2026-04-22 15:30:25,星期三,"108,521,377",3796,1027
2026-04-22 15:40:27,星期三,"108,522,341",3796,1027
2026-04-22 15:50:26,星期三,"108,523,253",3796,1027
2026-04-22 16:00:30,星期三,"108,524,243",3796,1027
2026-04-22 16:10:25,星期三,"108,525,170",3796,1027
2026-04-22 16:20:24,星期三,"108,526,154",3796,1027
2026-04-22 16:30:29,星期三,"108,527,084",3796,1027
2026-04-22 16:40:25,星期三,"108,528,131",3796,1027
2026-04-22 16:50:25,星期三,"108,529,170",3796,1027
2026-04-22 17:00:26,星期三,"108,530,119",3796,1027
2026-04-22 17:10:27,星期三,"108,531,176",3796,1027
2026-04-22 17:20:26,星期三,"108,532,178",3796,1027
2026-04-22 17:30:50,星期三,"108,533,232",3796,1027
2026-04-22 17:40:26,星期三,"108,534,209",3796,1027
2026-04-22 17:50:25,星期三,"108,535,210",3796,1027
2026-04-22 18:00:27,星期三,"108,536,255",3796,1027
2026-04-22 18:10:43,星期三,"108,537,287",3796,1027
2026-04-22 18:20:27,星期三,"108,538,295",3796,1027
2026-04-22 18:30:25,星期三,"108,539,280",3796,1027
2026-04-22 18:40:28,星期三,"108,540,255",3796,1027
2026-04-22 18:50:24,星期三,"108,541,233",3796,1027
2026-04-22 19:00:25,星期三,"108,542,166",3796,1027
2026-04-22 19:10:24,星期三,"108,543,107",3796,1027
2026-04-22 19:20:26,星期三,"108,544,058",3796,1027
2026-04-22 19:30:25,星期三,"108,544,008",3796,1027
2026-04-22 19:40:24,星期三,"108,545,895",3796,1027
2026-04-22 19:50:28,星期三,"108,546,734",3796,1027
2026-04-22 20:00:25,星期三,"108,547,619",3796,1027
2026-04-22 20:10:30,星期三,"108,548,433",3796,1027
2026-04-22 20:20:31,星期三,"108,549,254",3796,1027
2026-04-22 20:30:30,星期三,"108,550,111",3796,1027
2026-04-22 20:40:25,星期三,"108,550,958",3796,1027
2026-04-22 20:50:29,星期三,"108,551,790",3796,1027
2026-04-22 21:00:30,星期三,"108,552,633",3796,1027
2026-04-22 21:10:31,星期三,"108,553,451",3796,1027
2026-04-22 21:20:25,星期三,"108,554,180",3796,1027
2026-04-22 21:30:29,星期三,"108,554,909",3796,1027
2026-04-22 21:40:30,星期三,"108,555,595",3796,1027
2026-04-22 21:50:36,星期三,"108,556,273",3796,1027
2026-04-22 22:00:43,星期三,"108,556,873",3796,1027
2026-04-22 22:10:28,星期三,"108,557,615",3796,1027
2026-04-22 22:20:26,星期三,"108,558,388",3796,1027
2026-04-22 22:30:47,星期三,"108,559,107",3796,1027
2026-04-22 22:40:53,星期三,"108,559,841",3796,1027
2026-04-22 22:50:30,星期三,"108,560,444",3796,1027
2026-04-22 23:00:51,星期三,"108,561,006",3796,1027
2026-04-22 23:10:33,星期三,"108,561,639",3796,1027
2026-04-22 23:20:25,星期三,"108,562,269",3796,1027
2026-04-22 23:30:28,星期三,"108,562,835",3796,1027
2026-04-22 23:40:24,星期三,"108,563,298",3796,1027
2026-04-22 23:50:26,星期三,"108,563,716",3796,1027
2026-04-23 00:01:29,星期四,"108,564,108",3796,1027
2026-04-23 00:10:28,星期四,"108,564,751",3796,1027
2026-04-23 00:20:38,星期四,"108,565,418",3796,1027
2026-04-23 00:31:00,星期四,"108,565,972",3796,1027
2026-04-23 00:40:26,星期四,"108,566,360",3796,1027
2026-04-23 00:50:28,星期四,"108,566,732",3796,1027
2026-04-23 01:00:25,星期四,"108,567,018",3796,1027
2026-04-23 01:10:24,星期四,"108,567,308",3796,1027
2026-04-23 01:20:26,星期四,"108,567,568",3796,1027
2026-04-23 01:30:42,星期四,"108,567,807",3796,1027
2026-04-23 01:40:26,星期四,"108,568,031",3796,1027
2026-04-23 01:50:25,星期四,"108,568,228",3796,1027
2026-04-23 02:00:25,星期四,"108,568,383",3796,1027
2026-04-23 02:10:25,星期四,"108,568,561",3796,1027
2026-04-23 02:20:26,星期四,"108,568,713",3796,1027
2026-04-23 02:30:25,星期四,"108,568,871",3796,1027
2026-04-23 02:40:26,星期四,"108,568,975",3796,1027
2026-04-23 02:50:25,星期四,"108,569,091",3796,1027
2026-04-23 03:00:25,星期四,"108,569,199",3796,1027
2026-04-23 03:10:25,星期四,"108,569,302",3796,1027
2026-04-23 03:20:24,星期四,"108,569,398",3796,1027
2026-04-23 03:30:25,星期四,"108,569,490",3796,1027
2026-04-23 03:40:24,星期四,"108,569,583",3796,1027
2026-04-23 03:50:26,星期四,"108,569,641",3796,1027
2026-04-23 04:00:25,星期四,"108,569,712",3796,1027
2026-04-23 04:10:25,星期四,"108,569,771",3796,1027
2026-04-23 04:20:24,星期四,"108,569,838",3796,1027
2026-04-23 04:30:25,星期四,"108,569,890",3796,1027
2026-04-23 04:40:24,星期四,"108,569,944",3796,1027
2026-04-23 04:50:25,星期四,"108,569,989",3796,1027
2026-04-23 05:00:26,星期四,"108,570,051",3796,1027
2026-04-23 05:10:25,星期四,"108,570,110",3796,1027
2026-04-23 05:20:25,星期四,"108,570,160",3796,1027
2026-04-23 05:30:26,星期四,"108,570,254",3796,1027
2026-04-23 05:40:24,星期四,"108,570,338",3796,1027
2026-04-23 05:50:24,星期四,"108,570,464",3796,1027
2026-04-23 06:00:25,星期四,"108,570,656",3796,1027
2026-04-23 06:10:25,星期四,"108,570,811",3796,1027
2026-04-23 06:20:25,星期四,"108,570,957",3796,1027
2026-04-23 06:30:25,星期四,"108,571,144",3796,1027
2026-04-23 06:40:24,星期四,"108,571,427",3796,1027
2026-04-23 06:50:25,星期四,"108,571,741",3796,1027
2026-04-23 07:00:25,星期四,"108,572,191",3796,1027
2026-04-23 07:10:24,星期四,"108,572,688",3796,1027
2026-04-23 07:20:25,星期四,"108,573,244",3796,1027
2026-04-23 07:30:24,星期四,"108,573,940",3796,1027
2026-04-23 07:40:24,星期四,"108,574,711",3796,1027
2026-04-23 07:50:25,星期四,"108,575,608",3796,1027
2026-04-23 08:00:50,星期四,"108,576,621",3796,1027
2026-04-23 08:10:26,星期四,"108,577,609",3796,1027
2026-04-23 08:20:25,星期四,"108,578,534",3796,1027
2026-04-23 08:30:25,星期四,"108,579,342",3796,1027
2026-04-23 08:40:25,星期四,"108,580,168",3796,1027
2026-04-23 08:50:25,星期四,"108,580,915",3796,1027
2026-04-23 09:00:25,星期四,"108,581,687",3796,1027
2026-04-23 09:10:26,星期四,"108,582,436",3798,1027
2026-04-23 09:20:26,星期四,"108,583,289",3798,1027
2026-04-23 09:30:25,星期四,"108,584,052",3798,1027
2026-04-23 09:40:26,星期四,"108,584,846",3798,1027
2026-04-23 09:50:25,星期四,"108,585,626",3798,1027
2026-04-23 10:00:26,星期四,"108,586,391",3798,1027
2026-04-23 10:10:25,星期四,"108,587,115",3798,1027
2026-04-23 10:20:26,星期四,"108,587,861",3798,1027
2026-04-23 10:30:24,星期四,"108,588,620",3798,1027
2026-04-23 10:40:26,星期四,"108,589,213",3798,1027
2026-04-23 10:50:25,星期四,"108,590,083",3798,1027
2026-04-23 11:00:25,星期四,"108,590,873",3798,1027
2026-04-23 11:10:25,星期四,"108,591,738",3798,1027
2026-04-23 11:20:25,星期四,"108,592,593",3798,1027
2026-04-23 11:30:25,星期四,"108,593,482",3798,1027
2026-04-23 11:40:25,星期四,"108,594,393",3798,1027
2026-04-23 11:50:26,星期四,"108,595,361",3798,1027
2026-04-23 12:00:25,星期四,"108,596,296",3798,1027
2026-04-23 12:10:25,星期四,"108,597,444",3798,1027
2026-04-23 12:20:25,星期四,"108,598,546",3798,1027
2026-04-23 12:30:26,星期四,"108,599,642",3798,1027
2026-04-23 12:40:26,星期四,"108,600,746",3798,1027
2026-04-23 12:50:26,星期四,"108,601,824",3798,1027
2026-04-23 13:00:26,星期四,"108,602,843",3798,1027
2026-04-23 13:10:46,星期四,"108,603,970",3798,1027
2026-04-23 13:20:29,星期四,"108,604,940",3798,1027
2026-04-23 13:30:25,星期四,"108,605,999",3798,1027
2026-04-23 13:40:26,星期四,"108,606,950",3798,1027
2026-04-23 13:50:26,星期四,"108,607,006",3798,1027
2026-04-23 14:00:25,星期四,"108,608,902",3798,1027
2026-04-23 14:10:25,星期四,"108,609,982",3798,1027
2026-04-23 14:20:29,星期四,"108,610,900",3798,1027
2026-04-23 14:30:27,星期四,"108,611,779",3798,1027
2026-04-23 14:40:32,星期四,"108,612,698",3798,1027
2026-04-23 14:50:26,星期四,"108,613,563",3798,1027
2026-04-23 15:00:27,星期四,"108,614,498",3798,1027
2026-04-23 15:10:26,星期四,"108,615,372",3798,1027
2026-04-23 15:20:25,星期四,"108,616,248",3798,1027
2026-04-23 15:30:40,星期四,"108,617,229",3798,1027
2026-04-23 15:40:28,星期四,"108,618,196",3798,1027
2026-04-23 15:50:26,星期四,"108,619,092",3798,1027
2026-04-23 16:00:42,星期四,"108,620,110",3798,1027
2026-04-23 16:10:26,星期四,"108,621,073",3798,1027
2026-04-23 16:20:25,星期四,"108,622,018",3798,1027
2026-04-23 16:30:29,星期四,"108,622,996",3798,1027
2026-04-23 16:40:29,星期四,"108,623,966",3798,1027
2026-04-23 16:50:30,星期四,"108,624,950",3798,1027
2026-04-23 17:00:25,星期四,"108,625,977",3798,1027
2026-04-23 17:10:26,星期四,"108,626,960",3798,1027
2026-04-23 17:20:25,星期四,"108,627,948",3798,1027
2026-04-23 17:30:25,星期四,"108,628,979",3798,1027
2026-04-23 17:40:26,星期四,"108,620,023",3798,1027
2026-04-23 17:50:26,星期四,"108,631,052",3798,1027
2026-04-23 18:00:25,星期四,"108,632,146",3798,1027
2026-04-23 18:10:25,星期四,"108,633,088",3798,1027
2026-04-23 18:20:25,星期四,"108,634,149",3798,1027
2026-04-23 18:30:26,星期四,"108,635,127",3798,1027
2026-04-23 18:40:27,星期四,"108,636,125",3798,1027
2026-04-23 18:50:29,星期四,"108,637,061",3798,1027
2026-04-23 19:00:27,星期四,"108,638,028",3798,1027
2026-04-23 19:10:30,星期四,"108,638,931",3798,1027
2026-04-23 19:20:31,星期四,"108,639,900",3798,1027
2026-04-23 19:30:31,星期四,"108,640,822",3798,1027
2026-04-23 19:40:31,星期四,"108,641,678",3798,1027
2026-04-23 19:50:26,星期四,"108,642,417",3798,1027
2026-04-23 20:00:41,星期四,"108,643,413",3798,1027
2026-04-23 20:10:26,星期四,"108,644,229",3798,1027
2026-04-23 20:20:25,星期四,"108,645,061",3798,1027
2026-04-23 20:30:29,星期四,"108,645,928",3798,1027
2026-04-23 20:40:25,星期四,"108,646,697",3798,1027
2026-04-23 20:50:25,星期四,"108,647,486",3798,1027
2026-04-23 21:00:25,星期四,"108,648,289",3798,1027
2026-04-23 21:10:29,星期四,"108,649,071",3798,1027
2026-04-23 21:20:40,星期四,"108,649,870",3798,1027
2026-04-23 21:30:29,星期四,"108,650,618",3798,1027
2026-04-23 21:40:27,星期四,"108,651,315",3798,1027
2026-04-23 21:50:45,星期四,"108,651,977",3798,1027
2026-04-23 22:00:32,星期四,"108,652,628",3798,1027
2026-04-23 22:11:04,星期四,"108,653,397",3798,1027
2026-04-23 22:20:42,星期四,"108,654,068",3798,1027
2026-04-23 22:30:29,星期四,"108,654,773",3798,1027
2026-04-23 22:40:31,星期四,"108,655,462",3798,1027
2026-04-23 22:50:42,星期四,"108,656,100",3798,1027
2026-04-23 23:00:31,星期四,"108,656,655",3798,1027
2026-04-23 23:10:49,星期四,"108,657,342",3798,1027
2026-04-23 23:20:27,星期四,"108,657,948",3798,1027
2026-04-23 23:30:44,星期四,"108,658,508",3798,1027
2026-04-23 23:40:45,星期四,"108,659,010",3798,1027
2026-04-23 23:50:25,星期四,"108,659,429",3798,1027
2026-04-24 00:10:25,星期五,"108,660,459",3798,1027
2026-04-24 00:20:26,星期五,"108,661,119",3798,1027
2026-04-24 00:30:27,星期五,"108,661,681",3798,1027
2026-04-24 00:40:26,星期五,"108,662,125",3798,1027
2026-04-24 00:50:25,星期五,"108,662,489",3798,1027
2026-04-24 01:00:27,星期五,"108,662,816",3798,1027
2026-04-24 01:10:25,星期五,"108,663,148",3798,1027
2026-04-24 01:20:26,星期五,"108,663,422",3798,1027
2026-04-24 01:30:27,星期五,"108,663,662",3798,1027
2026-04-24 01:40:26,星期五,"108,663,875",3798,1027
2026-04-24 01:50:25,星期五,"108,664,047",3798,1027
2026-04-24 02:00:25,星期五,"108,664,246",3798,1027
2026-04-24 02:10:30,星期五,"108,664,426",3798,1027
2026-04-24 02:20:24,星期五,"108,664,572",3798,1027
2026-04-24 02:30:25,星期五,"108,664,728",3798,1027
2026-04-24 02:40:25,星期五,"108,664,870",3798,1027
2026-04-24 02:50:44,星期五,"108,664,979",3798,1027
2026-04-24 03:00:26,星期五,"108,665,082",3798,1027
2026-04-24 03:10:24,星期五,"108,665,182",3798,1027
2026-04-24 03:20:25,星期五,"108,665,285",3798,1027
2026-04-24 03:30:25,星期五,"108,665,377",3798,1027
2026-04-24 03:40:25,星期五,"108,665,447",3798,1027
2026-04-24 03:50:24,星期五,"108,665,518",3798,1027
2026-04-24 04:00:25,星期五,"108,665,575",3798,1027
2026-04-24 04:10:26,星期五,"108,665,631",3798,1027
2026-04-24 04:20:26,星期五,"108,665,694",3798,1027
2026-04-24 04:30:25,星期五,"108,665,761",3798,1027
2026-04-24 04:40:26,星期五,"108,665,811",3798,1027
2026-04-24 04:50:25,星期五,"108,665,868",3798,1027
2026-04-24 05:00:25,星期五,"108,665,931",3798,1027
2026-04-24 05:10:24,星期五,"108,666,002",3798,1027
2026-04-24 05:20:26,星期五,"108,666,070",3798,1027
2026-04-24 05:30:24,星期五,"108,666,155",3798,1027
2026-04-24 05:40:49,星期五,"108,666,259",3798,1027
2026-04-24 05:50:25,星期五,"108,666,374",3798,1027
2026-04-24 06:00:25,星期五,"108,666,543",3798,1027
2026-04-24 06:10:25,星期五,"108,666,702",3798,1027
2026-04-24 06:20:23,星期五,"108,666,854",3798,1027
2026-04-24 06:30:25,星期五,"108,667,085",3798,1027
2026-04-24 06:40:25,星期五,"108,667,337",3798,1027
2026-04-24 06:50:26,星期五,"108,667,715",3798,1027
2026-04-24 07:00:25,星期五,"108,668,173",3798,1027
2026-04-24 07:10:24,星期五,"108,668,693",3798,1027
2026-04-24 07:20:25,星期五,"108,669,263",3798,1027
2026-04-24 07:30:25,星期五,"108,669,959",3798,1027
2026-04-24 07:40:24,星期五,"108,670,789",3798,1027
2026-04-24 07:50:25,星期五,"108,671,726",3798,1027
2026-04-24 08:00:26,星期五,"108,672,812",3798,1027
2026-04-24 08:10:26,星期五,"108,673,833",3798,1027
2026-04-24 08:20:44,星期五,"108,674,635",3798,1027
2026-04-24 08:30:24,星期五,"108,675,386",3798,1027
2026-04-24 08:40:25,星期五,"108,676,223",3798,1027
2026-04-24 08:50:24,星期五,"108,677,026",3798,1027
2026-04-24 09:00:25,星期五,"108,677,774",3798,1027
2026-04-24 09:10:24,星期五,"108,678,520",3799,1027
2026-04-24 09:20:25,星期五,"108,679,287",3799,1027
2026-04-24 09:30:25,星期五,"108,680,087",3799,1027
2026-04-24 09:40:24,星期五,"108,680,869",3799,1027
2026-04-24 09:50:27,星期五,"108,681,505",3799,1027
2026-04-24 10:00:25,星期五,"108,682,322",3799,1027
2026-04-24 10:10:25,星期五,"108,683,075",3799,1027
2026-04-24 10:20:26,星期五,"108,683,816",3799,1027
2026-04-24 10:30:24,星期五,"108,684,496",3799,1027
2026-04-24 10:40:25,星期五,"108,685,231",3799,1027
2026-04-24 10:50:26,星期五,"108,685,989",3799,1027
2026-04-24 11:00:25,星期五,"108,686,714",3799,1027
2026-04-24 11:10:25,星期五,"108,687,550",3799,1027
2026-04-24 11:20:24,星期五,"108,688,475",3799,1027
2026-04-24 11:30:26,星期五,"108,689,435",3799,1027
2026-04-24 11:40:25,星期五,"108,690,382",3799,1027
2026-04-24 11:50:28,星期五,"108,691,313",3799,1027
2026-04-24 12:00:24,星期五,"108,692,243",3799,1027
2026-04-24 12:10:28,星期五,"108,693,343",3799,1027
2026-04-24 12:20:23,星期五,"108,694,416",3799,1027
2026-04-24 12:30:26,星期五,"108,695,568",3799,1027
2026-04-24 12:40:26,星期五,"108,696,719",3799,1027
2026-04-24 12:50:25,星期五,"108,697,784",3799,1027
2026-04-24 13:00:30,星期五,"108,698,926",3799,1027
2026-04-24 13:10:26,星期五,"108,699,984",3799,1027
2026-04-24 13:20:26,星期五,"108,701,070",3799,1027
2026-04-24 13:30:42,星期五,"108,702,166",3799,1027
2026-04-24 13:40:25,星期五,"108,703,264",3799,1027
2026-04-24 13:50:26,星期五,"108,704,385",3799,1027
2026-04-24 14:00:26,星期五,"108,705,479",3799,1027
2026-04-24 14:10:26,星期五,"108,706,547",3799,1027
2026-04-24 14:20:25,星期五,"108,707,559",3799,1027
2026-04-24 14:30:42,星期五,"108,708,601",3799,1027
2026-04-24 14:40:28,星期五,"108,709,607",3799,1027
2026-04-24 14:50:25,星期五,"108,710,618",3799,1027
2026-04-24 15:00:27,星期五,"108,711,587",3799,1027
2026-04-24 15:10:26,星期五,"108,712,629",3799,1027
2026-04-24 15:20:27,星期五,"108,713,623",3799,1027
2026-04-24 15:30:26,星期五,"108,714,671",3799,1027
2026-04-24 15:40:25,星期五,"108,715,688",3799,1027
2026-04-24 15:50:26,星期五,"108,716,770",3799,1027
2026-04-24 16:00:26,星期五,"108,717,822",3799,1027
2026-04-24 16:10:48,星期五,"108,718,926",3799,1027
2026-04-24 16:20:26,星期五,"108,719,965",3799,1027
2026-04-24 16:30:25,星期五,"108,721,039",3799,1027
2026-04-24 16:40:25,星期五,"108,722,099",3799,1027
2026-04-24 16:50:28,星期五,"108,723,204",3799,1027
2026-04-24 17:00:25,星期五,"108,724,220",3799,1027
2026-04-24 17:10:42,星期五,"108,725,342",3799,1027
2026-04-24 17:20:26,星期五,"108,726,434",3799,1027
2026-04-24 17:30:26,星期五,"108,727,539",3799,1027
2026-04-24 17:40:48,星期五,"108,728,671",3799,1027
2026-04-24 17:50:25,星期五,"108,729,716",3799,1027
2026-04-24 18:00:29,星期五,"108,730,781",3799,1027
2026-04-24 18:10:26,星期五,"108,731,791",3799,1027
2026-04-24 18:20:25,星期五,"108,732,773",3799,1027
2026-04-24 18:30:26,星期五,"108,733,821",3799,1027
2026-04-24 18:40:25,星期五,"108,734,825",3799,1027
2026-04-24 18:50:49,星期五,"108,735,805",3799,1027
2026-04-24 19:00:24,星期五,"108,736,734",3799,1027
2026-04-24 19:10:29,星期五,"108,737,684",3799,1027
2026-04-24 19:20:28,星期五,"108,738,631",3799,1027
2026-04-24 19:30:28,星期五,"108,739,545",3799,1027
2026-04-24 19:40:25,星期五,"108,740,467",3799,1027
2026-04-24 19:50:29,星期五,"108,741,321",3799,1027
2026-04-24 20:00:27,星期五,"108,742,327",3799,1027
2026-04-24 20:10:30,星期五,"108,743,209",3799,1027
2026-04-24 20:20:31,星期五,"108,744,062",3799,1027
2026-04-24 20:30:28,星期五,"108,744,988",3799,1027
2026-04-24 20:40:30,星期五,"108,745,903",3799,1027
2026-04-24 20:50:27,星期五,"108,746,712",3799,1027
2026-04-24 21:00:26,星期五,"108,747,573",3799,1027
2026-04-24 21:10:26,星期五,"108,748,477",3799,1027
2026-04-24 21:20:30,星期五,"108,749,305",3799,1027
2026-04-24 21:30:25,星期五,"108,750,072",3799,1027
2026-04-24 21:40:26,星期五,"108,750,880",3799,1027
2026-04-24 21:50:25,星期五,"108,751,617",3799,1027
2026-04-24 22:00:29,星期五,"108,752,316",3799,1027
2026-04-24 22:10:30,星期五,"108,753,129",3799,1027
2026-04-24 22:20:29,星期五,"108,753,966",3799,1027
2026-04-24 22:30:26,星期五,"108,754,773",3799,1027
2026-04-24 22:40:34,星期五,"108,755,592",3799,1027
2026-04-24 22:50:31,星期五,"108,756,299",3799,1027
2026-04-24 23:00:32,星期五,"108,756,935",3799,1027
2026-04-24 23:10:31,星期五,"108,757,670",3799,1027
2026-04-24 23:20:32,星期五,"108,758,407",3799,1027
2026-04-24 23:30:26,星期五,"108,759,046",3799,1027
2026-04-24 23:40:42,星期五,"108,759,608",3799,1027
2026-04-24 23:50:28,星期五,"108,760,114",3799,1027
2026-04-25 00:00:30,星期六,"108,760,589",3799,1027
2026-04-25 00:10:28,星期六,"108,761,405",3799,1027
2026-04-25 00:20:28,星期六,"108,762,201",3799,1027
2026-04-25 00:30:30,星期六,"108,762,876",3799,1027
2026-04-25 00:40:41,星期六,"108,763,383",3799,1027
2026-04-25 00:50:26,星期六,"108,763,871",3799,1027
2026-04-25 01:00:26,星期六,"108,764,305",3799,1027
2026-04-25 01:10:26,星期六,"108,764,680",3799,1027
2026-04-25 01:20:26,星期六,"108,765,035",3799,1027
2026-04-25 01:30:30,星期六,"108,765,355",3799,1027
2026-04-25 01:40:25,星期六,"108,765,642",3799,1027
2026-04-25 01:50:26,星期六,"108,765,902",3799,1027
2026-04-25 02:00:26,星期六,"108,766,108",3799,1027
2026-04-25 02:10:26,星期六,"108,766,337",3799,1027
2026-04-25 02:20:24,星期六,"108,766,559",3799,1027
2026-04-25 02:30:25,星期六,"108,766,766",3799,1027
2026-04-25 02:40:26,星期六,"108,766,929",3799,1027
2026-04-25 02:50:25,星期六,"108,767,091",3799,1027
2026-04-25 03:00:25,星期六,"108,767,237",3799,1027
2026-04-25 03:10:26,星期六,"108,767,360",3799,1027
2026-04-25 03:20:26,星期六,"108,767,478",3799,1027
2026-04-25 03:30:26,星期六,"108,767,595",3799,1027
2026-04-25 03:40:26,星期六,"108,767,677",3799,1027
2026-04-25 03:50:25,星期六,"108,767,779",3799,1027
2026-04-25 04:00:26,星期六,"108,767,860",3799,1027
2026-04-25 04:10:25,星期六,"108,767,944",3799,1027
2026-04-25 04:20:26,星期六,"108,768,021",3799,1027
2026-04-25 04:30:26,星期六,"108,768,096",3799,1027
2026-04-25 04:40:25,星期六,"108,768,175",3799,1027
2026-04-25 04:50:25,星期六,"108,768,241",3799,1027
2026-04-25 05:00:51,星期六,"108,768,320",3799,1027
2026-04-25 05:10:26,星期六,"108,768,390",3799,1027
2026-04-25 05:20:26,星期六,"108,768,484",3799,1027
2026-04-25 05:30:26,星期六,"108,768,589",3799,1027
2026-04-25 05:40:27,星期六,"108,768,699",3799,1027
2026-04-25 05:50:27,星期六,"108,768,847",3799,1027
2026-04-25 06:00:26,星期六,"108,769,018",3799,1027
2026-04-25 06:10:26,星期六,"108,769,167",3799,1027
2026-04-25 06:20:26,星期六,"108,769,337",3799,1027
2026-04-25 06:30:25,星期六,"108,769,527",3799,1027
2026-04-25 06:40:26,星期六,"108,769,764",3799,1027
2026-04-25 06:50:26,星期六,"108,770,050",3799,1027
2026-04-25 07:00:27,星期六,"108,770,415",3799,1027
2026-04-25 07:10:25,星期六,"108,770,771",3799,1027
2026-04-25 07:20:26,星期六,"108,771,182",3799,1027
2026-04-25 07:30:26,星期六,"108,771,693",3799,1027
2026-04-25 07:40:26,星期六,"108,772,228",3799,1027
2026-04-25 07:50:25,星期六,"108,772,878",3799,1027
2026-04-25 08:00:26,星期六,"108,773,658",3799,1027
2026-04-25 08:10:25,星期六,"108,774,290",3799,1027
2026-04-25 08:20:26,星期六,"108,774,806",3799,1027
2026-04-25 08:30:25,星期六,"108,775,365",3799,1027
2026-04-25 08:40:25,星期六,"108,775,978",3799,1027
2026-04-25 08:50:25,星期六,"108,776,634",3799,1027
2026-04-25 09:00:26,星期六,"108,777,332",3799,1027
2026-04-25 09:10:24,星期六,"108,778,078",3801,1027
2026-04-25 09:20:26,星期六,"108,778,843",3801,1027
2026-04-25 09:30:26,星期六,"108,779,659",3801,1027
2026-04-25 09:40:25,星期六,"108,780,489",3801,1027
2026-04-25 09:50:24,星期六,"108,781,334",3801,1027
2026-04-25 10:00:24,星期六,"108,782,106",3801,1027
2026-04-25 10:10:25,星期六,"108,783,084",3801,1027
2026-04-25 10:20:25,星期六,"108,784,087",3801,1027
2026-04-25 10:30:25,星期六,"108,785,023",3801,1027
2026-04-25 10:40:24,星期六,"108,786,092",3801,1027
2026-04-25 10:50:24,星期六,"108,787,081",3801,1027
2026-04-25 11:00:26,星期六,"108,788,110",3801,1027
2026-04-25 11:10:25,星期六,"108,789,206",3801,1027
2026-04-25 11:20:28,星期六,"108,790,330",3801,1027
2026-04-25 11:30:29,星期六,"108,791,468",3801,1027
2026-04-25 11:40:26,星期六,"108,792,584",3801,1027
2026-04-25 11:50:24,星期六,"108,793,621",3801,1027
2026-04-25 12:00:25,星期六,"108,794,705",3801,1027
2026-04-25 12:10:28,星期六,"108,795,824",3801,1027
2026-04-25 12:20:24,星期六,"108,797,022",3801,1027
2026-04-25 12:30:28,星期六,"108,798,176",3801,1027
2026-04-25 12:40:34,星期六,"108,799,208",3801,1027
2026-04-25 12:50:25,星期六,"108,800,444",3801,1027
2026-04-25 13:00:25,星期六,"108,801,606",3801,1027
2026-04-25 13:10:40,星期六,"108,802,711",3801,1027
2026-04-25 13:20:25,星期六,"108,803,814",3801,1027
2026-04-25 13:30:25,星期六,"108,805,022",3801,1027
2026-04-25 13:40:26,星期六,"108,806,238",3801,1027
2026-04-25 13:50:25,星期六,"108,807,516",3801,1027
2026-04-25 14:00:27,星期六,"108,808,790",3801,1027
2026-04-25 14:10:30,星期六,"108,809,971",3801,1027
2026-04-25 14:20:46,星期六,"108,811,170",3801,1027
2026-04-25 14:30:26,星期六,"108,812,301",3801,1027
2026-04-25 14:40:26,星期六,"108,813,457",3801,1027
2026-04-25 14:50:27,星期六,"108,814,637",3801,1027
2026-04-25 15:00:25,星期六,"108,815,764",3801,1027
2026-04-25 15:10:37,星期六,"108,816,876",3801,1027
2026-04-25 15:20:26,星期六,"108,817,993",3801,1027
2026-04-25 15:30:25,星期六,"108,819,090",3801,1027
2026-04-25 15:40:44,星期六,"108,820,177",3801,1027
2026-04-25 15:50:50,星期六,"108,821,327",3801,1027
2026-04-25 16:00:25,星期六,"108,822,457",3801,1027
2026-04-25 16:10:26,星期六,"108,823,538",3801,1027
2026-04-25 16:20:26,星期六,"108,824,673",3801,1027
2026-04-25 16:30:32,星期六,"108,825,790",3801,1027
2026-04-25 16:40:24,星期六,"108,826,975",3801,1027
2026-04-25 16:50:25,星期六,"108,828,142",3801,1027
2026-04-25 17:00:29,星期六,"108,829,299",3801,1027
2026-04-25 17:10:50,星期六,"108,830,417",3801,1027
2026-04-25 17:20:43,星期六,"108,831,435",3801,1027
2026-04-25 17:30:50,星期六,"108,832,516",3801,1027
2026-04-25 17:40:29,星期六,"108,833,553",3801,1027
2026-04-25 17:50:31,星期六,"108,834,585",3801,1027
2026-04-25 18:00:25,星期六,"108,835,570",3801,1027
2026-04-25 18:10:25,星期六,"108,836,538",3801,1027
2026-04-25 18:20:30,星期六,"108,837,455",3801,1027
2026-04-25 18:30:25,星期六,"108,838,362",3801,1027
2026-04-25 18:40:25,星期六,"108,839,277",3801,1027
2026-04-25 18:50:29,星期六,"108,840,182",3801,1027
2026-04-25 19:00:28,星期六,"108,840,988",3801,1027
2026-04-25 19:10:33,星期六,"108,841,807",3801,1027
2026-04-25 19:20:33,星期六,"108,842,631",3801,1027
2026-04-25 19:30:40,星期六,"108,843,443",3801,1027
2026-04-25 19:40:28,星期六,"108,844,286",3801,1027
2026-04-25 19:50:26,星期六,"108,845,104",3801,1027
2026-04-25 20:00:27,星期六,"108,845,868",3801,1027
2026-04-25 20:10:25,星期六,"108,846,657",3801,1027
2026-04-25 20:20:26,星期六,"108,847,471",3801,1027
2026-04-25 20:30:25,星期六,"108,848,276",3801,1027
2026-04-25 20:40:46,星期六,"108,849,057",3801,1027
2026-04-25 20:50:29,星期六,"108,849,845",3801,1027
2026-04-25 21:00:27,星期六,"108,850,660",3801,1027
2026-04-25 21:10:26,星期六,"108,851,440",3801,1027
2026-04-25 21:20:42,星期六,"108,852,219",3801,1027
2026-04-25 21:30:42,星期六,"108,852,950",3801,1027
2026-04-25 21:40:42,星期六,"108,853,684",3801,1027
2026-04-25 21:50:28,星期六,"108,854,377",3801,1027
2026-04-25 22:00:25,星期六,"108,855,056",3801,1027
2026-04-25 22:10:42,星期六,"108,855,829",3801,1027
2026-04-25 22:20:30,星期六,"108,856,624",3801,1027
2026-04-25 22:30:29,星期六,"108,857,320",3801,1027
2026-04-25 22:40:25,星期六,"108,858,047",3801,1027
2026-04-25 22:50:30,星期六,"108,858,775",3801,1027
2026-04-25 23:00:30,星期六,"108,859,390",3801,1027
2026-04-25 23:10:40,星期六,"108,860,129",3801,1027
2026-04-25 23:20:32,星期六,"108,860,828",3801,1027
2026-04-25 23:30:26,星期六,"108,861,475",3801,1027
2026-04-25 23:40:25,星期六,"108,861,995",3801,1027
2026-04-25 23:50:27,星期六,"108,862,502",3801,1027
2026-04-26 00:00:51,星期日,"108,862,967",3801,1027
2026-04-26 00:10:29,星期日,"108,863,713",3801,1027
2026-04-26 00:20:28,星期日,"108,864,439",3801,1027
2026-04-26 00:30:32,星期日,"108,865,082",3801,1027
2026-04-26 00:40:50,星期日,"108,865,624",3801,1027
2026-04-26 00:50:31,星期日,"108,866,066",3801,1027
2026-04-26 01:00:52,星期日,"108,866,498",3801,1027
2026-04-26 01:10:28,星期日,"108,866,860",3801,1027
2026-04-26 01:20:26,星期日,"108,867,191",3801,1027
2026-04-26 01:30:30,星期日,"108,867,475",3801,1027
2026-04-26 01:40:44,星期日,"108,867,750",3801,1027
2026-04-26 01:50:30,星期日,"108,867,984",3801,1027
2026-04-26 02:00:26,星期日,"108,868,193",3801,1027
2026-04-26 02:10:25,星期日,"108,868,437",3801,1027
2026-04-26 02:20:25,星期日,"108,868,636",3801,1027
2026-04-26 02:30:27,星期日,"108,868,819",3801,1027
2026-04-26 02:40:25,星期日,"108,868,001",3801,1027
2026-04-26 02:50:26,星期日,"108,869,147",3801,1027
2026-04-26 03:00:25,星期日,"108,869,283",3801,1027
2026-04-26 03:10:25,星期日,"108,869,410",3801,1027
2026-04-26 03:20:25,星期日,"108,869,525",3801,1027
2026-04-26 03:30:26,星期日,"108,869,613",3801,1027
2026-04-26 03:40:25,星期日,"108,869,706",3801,1027
2026-04-26 03:50:26,星期日,"108,869,796",3801,1027
2026-04-26 04:00:25,星期日,"108,869,874",3801,1027
2026-04-26 04:10:29,星期日,"108,869,950",3801,1027
2026-04-26 04:20:25,星期日,"108,870,023",3801,1027
2026-04-26 04:30:26,星期日,"108,870,088",3801,1027
2026-04-26 04:40:25,星期日,"108,870,174",3801,1027
2026-04-26 04:50:26,星期日,"108,870,239",3801,1027
2026-04-26 05:00:26,星期日,"108,870,312",3801,1027
2026-04-26 05:10:26,星期日,"108,870,374",3801,1027
2026-04-26 05:20:25,星期日,"108,870,452",3801,1027
2026-04-26 05:30:26,星期日,"108,870,552",3801,1027
2026-04-26 05:40:26,星期日,"108,870,665",3801,1027
2026-04-26 05:50:25,星期日,"108,870,813",3801,1027
2026-04-26 06:00:25,星期日,"108,870,957",3801,1027
2026-04-26 06:10:27,星期日,"108,871,091",3801,1027
2026-04-26 06:20:26,星期日,"108,871,221",3801,1027
2026-04-26 06:30:47,星期日,"108,871,369",3801,1027
2026-04-26 06:40:26,星期日,"108,871,575",3801,1027
2026-04-26 06:50:24,星期日,"108,871,846",3801,1027
2026-04-26 07:00:24,星期日,"108,872,141",3801,1027
2026-04-26 07:10:24,星期日,"108,872,436",3801,1027
2026-04-26 07:20:25,星期日,"108,872,759",3801,1027
2026-04-26 07:30:25,星期日,"108,873,086",3801,1027
2026-04-26 07:40:24,星期日,"108,873,583",3801,1027
2026-04-26 07:50:25,星期日,"108,874,116",3801,1027
2026-04-26 08:00:28,星期日,"108,874,701",3801,1027
2026-04-26 08:10:25,星期日,"108,875,258",3801,1027
2026-04-26 08:20:25,星期日,"108,875,717",3801,1027
2026-04-26 08:30:26,星期日,"108,876,162",3801,1027
2026-04-26 08:40:24,星期日,"108,876,666",3801,1027
2026-04-26 08:50:25,星期日,"108,877,237",3801,1027
2026-04-26 09:00:25,星期日,"108,877,821",3801,1027
2026-04-26 09:10:25,星期日,"108,878,448",3804,1029
2026-04-26 09:20:25,星期日,"108,879,078",3804,1029
2026-04-26 09:30:25,星期日,"108,879,793",3804,1029
2026-04-26 09:40:30,星期日,"108,880,570",3804,1029
2026-04-26 09:50:24,星期日,"108,881,353",3804,1029
2026-04-26 10:00:25,星期日,"108,882,120",3804,1029
2026-04-26 10:10:26,星期日,"108,883,019",3804,1029
2026-04-26 10:20:45,星期日,"108,883,954",3804,1029
2026-04-26 10:30:24,星期日,"108,884,857",3804,1029
2026-04-26 10:40:26,星期日,"108,885,730",3804,1029
2026-04-26 10:50:25,星期日,"108,886,692",3804,1029
2026-04-26 11:00:24,星期日,"108,887,676",3804,1029
2026-04-26 11:10:24,星期日,"108,888,662",3804,1029
2026-04-26 11:20:24,星期日,"108,889,811",3804,1029
2026-04-26 11:30:25,星期日,"108,890,858",3804,1029
2026-04-26 11:40:25,星期日,"108,891,889",3804,1029
2026-04-26 11:50:25,星期日,"108,892,962",3804,1029
2026-04-26 12:00:26,星期日,"108,893,958",3804,1029
2026-04-26 12:10:25,星期日,"108,895,099",3804,1029
2026-04-26 12:20:29,星期日,"108,896,246",3804,1029
2026-04-26 12:30:26,星期日,"108,897,342",3804,1029
2026-04-26 12:40:26,星期日,"108,898,452",3804,1029
2026-04-26 12:50:24,星期日,"108,899,592",3804,1029
2026-04-26 13:00:25,星期日,"108,900,747",3804,1029
2026-04-26 13:10:29,星期日,"108,901,887",3804,1029
2026-04-26 13:20:28,星期日,"108,903,073",3804,1029
2026-04-26 13:30:26,星期日,"108,904,282",3804,1029
2026-04-26 13:40:31,星期日,"108,905,588",3804,1029
2026-04-26 13:50:26,星期日,"108,906,855",3804,1029
2026-04-26 14:00:25,星期日,"108,908,217",3804,1029
2026-04-26 14:10:29,星期日,"108,909,451",3804,1029
2026-04-26 14:20:26,星期日,"108,910,706",3804,1029
2026-04-26 14:30:26,星期日,"108,911,989",3804,1029
2026-04-26 14:40:45,星期日,"108,913,294",3804,1029
2026-04-26 14:50:26,星期日,"108,914,521",3804,1029
2026-04-26 15:00:26,星期日,"108,915,769",3804,1029
2026-04-26 15:10:25,星期日,"108,917,014",3804,1029
2026-04-26 15:20:30,星期日,"108,918,272",3804,1029
2026-04-26 15:30:26,星期日,"108,919,536",3804,1029
2026-04-26 15:40:25,星期日,"108,920,812",3804,1029
2026-04-26 15:50:24,星期日,"108,922,004",3804,1029
2026-04-26 16:00:26,星期日,"108,923,376",3804,1029
2026-04-26 16:10:25,星期日,"108,924,529",3804,1029
2026-04-26 16:20:29,星期日,"108,925,875",3804,1029
2026-04-26 16:30:25,星期日,"108,927,125",3804,1029
2026-04-26 16:40:28,星期日,"108,928,356",3804,1029
2026-04-26 16:50:43,星期日,"108,929,585",3804,1029
2026-04-26 17:00:45,星期日,"108,930,782",3804,1029
2026-04-26 17:10:25,星期日,"108,931,914",3804,1029
2026-04-26 17:20:26,星期日,"108,933,060",3804,1029
2026-04-26 17:30:41,星期日,"108,934,296",3804,1029
2026-04-26 17:40:26,星期日,"108,935,434",3804,1029
2026-04-26 17:50:24,星期日,"108,936,586",3804,1029
2026-04-26 18:00:31,星期日,"108,937,685",3804,1029
2026-04-26 18:10:24,星期日,"108,938,758",3804,1029
2026-04-26 18:20:25,星期日,"108,939,870",3804,1029
2026-04-26 18:30:26,星期日,"108,940,941",3804,1029
2026-04-26 18:40:27,星期日,"108,941,979",3804,1029
2026-04-26 18:50:26,星期日,"108,942,959",3804,1029
2026-04-26 19:00:26,星期日,"108,943,910",3804,1029
2026-04-26 19:10:24,星期日,"108,944,941",3804,1029
2026-04-26 19:20:25,星期日,"108,945,826",3804,1029
2026-04-26 19:30:25,星期日,"108,946,762",3804,1029
2026-04-26 19:40:47,星期日,"108,947,650",3804,1029
2026-04-26 19:50:26,星期日,"108,948,567",3804,1029
2026-04-26 20:00:42,星期日,"108,949,558",3804,1029
2026-04-26 20:10:43,星期日,"108,950,512",3804,1029
2026-04-26 20:20:29,星期日,"108,951,385",3804,1029
2026-04-26 20:30:27,星期日,"108,952,327",3804,1029
2026-04-26 20:40:42,星期日,"108,953,259",3804,1029
2026-04-26 20:50:25,星期日,"108,954,147",3804,1029
2026-04-26 21:00:43,星期日,"108,955,029",3804,1029
2026-04-26 21:10:32,星期日,"108,955,873",3804,1029
2026-04-26 21:20:42,星期日,"108,956,747",3804,1029
2026-04-26 21:30:26,星期日,"108,957,562",3804,1029
2026-04-26 21:40:26,星期日,"108,958,322",3804,1029
2026-04-26 21:50:32,星期日,"108,959,078",3804,1029
2026-04-26 22:00:30,星期日,"108,959,746",3804,1029
2026-04-26 22:10:27,星期日,"108,960,556",3804,1029
2026-04-26 22:20:27,星期日,"108,961,351",3804,1029
2026-04-26 22:30:29,星期日,"108,962,093",3804,1029
2026-04-26 22:40:32,星期日,"108,962,781",3804,1029
2026-04-26 22:50:24,星期日,"108,963,403",3804,1029
2026-04-26 23:00:26,星期日,"108,963,906",3804,1029
2026-04-26 23:10:34,星期日,"108,964,677",3804,1029
2026-04-26 23:20:36,星期日,"108,965,291",3804,1029
2026-04-26 23:30:50,星期日,"108,965,884",3804,1029
2026-04-26 23:40:40,星期日,"108,966,363",3804,1029
2026-04-26 23:50:33,星期日,"108,966,788",3804,1029
2026-04-27 00:00:56,星期一,"108,967,147",3804,1029
2026-04-27 00:10:29,星期一,"108,967,847",3804,1029
2026-04-27 00:20:27,星期一,"108,968,503",3804,1029
2026-04-27 00:30:30,星期一,"108,969,035",3804,1029
2026-04-27 00:40:28,星期一,"108,969,498",3804,1029
2026-04-27 00:50:26,星期一,"108,969,854",3804,1029
2026-04-27 01:00:27,星期一,"108,970,181",3804,1029
2026-04-27 01:10:26,星期一,"108,970,484",3804,1029
2026-04-27 01:20:27,星期一,"108,970,773",3804,1029
2026-04-27 01:30:26,星期一,"108,971,010",3804,1029
2026-04-27 01:40:27,星期一,"108,971,207",3804,1029
2026-04-27 01:50:25,星期一,"108,971,398",3804,1029
2026-04-27 02:00:25,星期一,"108,971,547",3804,1029
2026-04-27 02:10:25,星期一,"108,971,726",3804,1029
2026-04-27 02:20:26,星期一,"108,971,857",3804,1029
2026-04-27 02:30:40,星期一,"108,972,010",3804,1029
2026-04-27 02:40:26,星期一,"108,972,125",3804,1029
2026-04-27 02:50:24,星期一,"108,972,255",3804,1029
2026-04-27 03:00:52,星期一,"108,972,357",3804,1029
2026-04-27 03:10:31,星期一,"108,972,469",3804,1029
2026-04-27 03:20:26,星期一,"108,972,553",3804,1029
2026-04-27 03:30:30,星期一,"108,972,648",3804,1029
2026-04-27 03:40:25,星期一,"108,972,723",3804,1029
2026-04-27 03:50:25,星期一,"108,972,793",3804,1029
2026-04-27 04:00:26,星期一,"108,972,841",3804,1029
2026-04-27 04:10:25,星期一,"108,972,909",3804,1029
2026-04-27 04:20:26,星期一,"108,972,963",3804,1029
2026-04-27 04:30:24,星期一,"108,973,013",3804,1029
2026-04-27 04:40:25,星期一,"108,973,082",3804,1029
2026-04-27 04:50:29,星期一,"108,973,144",3804,1029
2026-04-27 05:00:25,星期一,"108,973,204",3804,1029
2026-04-27 05:10:29,星期一,"108,973,272",3804,1029
2026-04-27 05:20:24,星期一,"108,973,348",3804,1029
2026-04-27 05:30:27,星期一,"108,973,431",3804,1029
2026-04-27 05:40:26,星期一,"108,973,554",3804,1029
2026-04-27 05:50:26,星期一,"108,973,710",3804,1029
2026-04-27 06:00:26,星期一,"108,973,940",3804,1029
2026-04-27 06:10:25,星期一,"108,974,096",3804,1029
2026-04-27 06:20:25,星期一,"108,974,252",3804,1029
2026-04-27 06:30:27,星期一,"108,974,491",3804,1029
2026-04-27 06:40:50,星期一,"108,974,803",3804,1029
2026-04-27 06:50:25,星期一,"108,975,195",3804,1029
2026-04-27 07:00:25,星期一,"108,975,672",3804,1029
2026-04-27 07:10:25,星期一,"108,976,184",3804,1029
2026-04-27 07:20:49,星期一,"108,976,793",3804,1029
2026-04-27 07:30:29,星期一,"108,977,486",3804,1029
2026-04-27 07:40:25,星期一,"108,978,279",3804,1029
2026-04-27 07:50:24,星期一,"108,979,215",3804,1029
2026-04-27 08:00:25,星期一,"108,980,218",3804,1029
2026-04-27 08:10:25,星期一,"108,981,169",3804,1029
2026-04-27 08:20:50,星期一,"108,981,963",3804,1029
2026-04-27 08:30:25,星期一,"108,982,705",3804,1029
2026-04-27 08:40:25,星期一,"108,983,471",3804,1029
2026-04-27 08:50:24,星期一,"108,984,237",3804,1029
2026-04-27 09:00:25,星期一,"108,984,926",3804,1029
2026-04-27 09:10:26,星期一,"108,985,658",3807,1031
2026-04-27 09:20:25,星期一,"108,986,398",3807,1031
2026-04-27 09:30:24,星期一,"108,987,127",3807,1031
2026-04-27 09:40:25,星期一,"108,987,877",3807,1031
2026-04-27 09:50:24,星期一,"108,988,598",3807,1031
2026-04-27 10:00:30,星期一,"108,989,279",3807,1031
2026-04-27 10:10:24,星期一,"108,989,980",3807,1031
2026-04-27 10:20:45,星期一,"108,990,726",3807,1031
2026-04-27 10:30:24,星期一,"108,991,425",3807,1031
2026-04-27 10:40:41,星期一,"108,992,174",3807,1031
2026-04-27 10:50:25,星期一,"108,992,913",3807,1031
2026-04-27 11:00:25,星期一,"108,993,670",3807,1031
2026-04-27 11:10:45,星期一,"108,994,547",3807,1031
2026-04-27 11:20:25,星期一,"108,995,347",3807,1031
2026-04-27 11:30:25,星期一,"108,996,249",3807,1031
2026-04-27 11:40:24,星期一,"108,997,093",3807,1031
2026-04-27 11:50:25,星期一,"108,997,936",3807,1031
2026-04-27 12:00:26,星期一,"108,998,880",3807,1031
2026-04-27 12:10:26,星期一,"108,999,920",3807,1031
2026-04-27 12:20:25,星期一,"109,000,953",3807,1031
2026-04-27 12:30:25,星期一,"109,002,068",3807,1031
2026-04-27 12:40:25,星期一,"109,003,093",3807,1031
2026-04-27 12:50:29,星期一,"109,004,168",3807,1031
2026-04-27 13:00:28,星期一,"109,005,181",3807,1031
2026-04-27 13:10:30,星期一,"109,006,209",3807,1031
2026-04-27 13:20:25,星期一,"109,007,147",3807,1031
2026-04-27 13:30:25,星期一,"109,008,121",3807,1031
2026-04-27 13:40:26,星期一,"109,009,097",3807,1031
2026-04-27 13:50:29,星期一,"109,010,073",3807,1031
2026-04-27 14:00:25,星期一,"109,011,069",3807,1031
2026-04-27 14:10:30,星期一,"109,012,015",3807,1031
2026-04-27 14:20:26,星期一,"109,012,914",3807,1031
2026-04-27 14:30:42,星期一,"109,013,789",3807,1031
2026-04-27 14:40:26,星期一,"109,014,635",3807,1031
2026-04-27 14:50:44,星期一,"109,015,504",3807,1031
2026-04-27 15:00:42,星期一,"109,016,380",3807,1031
2026-04-27 15:10:24,星期一,"109,017,234",3807,1031
2026-04-27 15:20:24,星期一,"109,018,067",3807,1031
2026-04-27 15:30:27,星期一,"109,018,944",3807,1031
2026-04-27 15:40:26,星期一,"109,019,853",3807,1031
2026-04-27 15:50:26,星期一,"109,020,751",3807,1031
2026-04-27 16:00:26,星期一,"109,021,696",3807,1031
2026-04-27 16:10:24,星期一,"109,022,622",3807,1031
2026-04-27 16:20:27,星期一,"109,023,527",3807,1031
2026-04-27 16:30:28,星期一,"109,024,523",3807,1031
2026-04-27 16:40:26,星期一,"109,025,475",3807,1031
2026-04-27 16:50:25,星期一,"109,026,502",3807,1031
2026-04-27 17:00:25,星期一,"109,027,455",3807,1031
2026-04-27 17:10:25,星期一,"109,028,443",3807,1031
2026-04-27 17:20:23,星期一,"109,029,425",3807,1031
2026-04-27 17:30:38,星期一,"109,030,400",3807,1031
2026-04-27 17:40:25,星期一,"109,031,358",3807,1031
2026-04-27 17:50:45,星期一,"109,032,385",3807,1031
2026-04-27 18:00:25,星期一,"109,033,351",3807,1031
2026-04-27 18:10:26,星期一,"109,034,307",3807,1031
2026-04-27 18:20:24,星期一,"109,035,271",3807,1031
2026-04-27 18:30:29,星期一,"109,036,247",3807,1031
2026-04-27 18:40:26,星期一,"109,037,230",3807,1031
2026-04-27 18:50:29,星期一,"109,038,164",3807,1031
2026-04-27 19:00:30,星期一,"109,039,099",3807,1031
2026-04-27 19:10:25,星期一,"109,039,987",3807,1031
2026-04-27 19:20:26,星期一,"109,040,900",3807,1031
2026-04-27 19:30:26,星期一,"109,041,757",3807,1031
2026-04-27 19:40:27,星期一,"109,042,610",3807,1031
2026-04-27 19:50:25,星期一,"109,043,415",3807,1031
2026-04-27 20:00:25,星期一,"109,044,242",3807,1031
2026-04-27 20:10:24,星期一,"109,045,016",3807,1031
2026-04-27 20:20:26,星期一,"109,045,817",3807,1031
2026-04-27 20:30:44,星期一,"109,046,634",3807,1031
2026-04-27 20:40:26,星期一,"109,047,402",3807,1031
2026-04-27 20:50:28,星期一,"109,048,140",3807,1031
2026-04-27 21:00:28,星期一,"109,048,964",3807,1031
2026-04-27 21:10:26,星期一,"109,049,697",3807,1031
2026-04-27 21:20:29,星期一,"109,050,414",3807,1031
2026-04-27 21:30:44,星期一,"109,051,150",3807,1031
2026-04-27 21:40:30,星期一,"109,051,857",3807,1031
2026-04-27 21:50:44,星期一,"109,052,493",3807,1031
2026-04-27 22:00:31,星期一,"109,053,098",3807,1031
2026-04-27 22:10:26,星期一,"109,053,808",3807,1031
2026-04-27 22:20:30,星期一,"109,054,509",3807,1031
2026-04-27 22:30:30,星期一,"109,055,168",3807,1031
2026-04-27 22:40:26,星期一,"109,055,815",3807,1031
2026-04-27 22:50:26,星期一,"109,056,424",3807,1031
2026-04-27 23:00:30,星期一,"109,056,934",3807,1031
2026-04-27 23:10:27,星期一,"109,057,542",3807,1031
2026-04-27 23:20:42,星期一,"109,058,151",3807,1031
2026-04-27 23:30:30,星期一,"109,058,654",3807,1031
2026-04-27 23:40:29,星期一,"109,059,130",3807,1031
2026-04-27 23:50:31,星期一,"109,059,533",3807,1031
2026-04-28 00:00:26,星期二,"109,059,864",3807,1031
2026-04-28 00:10:24,星期二,"109,060,521",3807,1031
2026-04-28 00:20:49,星期二,"109,061,147",3807,1031
2026-04-28 00:30:25,星期二,"109,061,627",3807,1031
2026-04-28 00:40:29,星期二,"109,062,040",3807,1031
2026-04-28 00:50:25,星期二,"109,062,367",3807,1031
2026-04-28 01:00:26,星期二,"109,062,677",3807,1031
2026-04-28 01:10:25,星期二,"109,062,996",3807,1031
2026-04-28 01:20:26,星期二,"109,063,265",3807,1031
2026-04-28 01:30:24,星期二,"109,063,526",3807,1031
2026-04-28 01:40:25,星期二,"109,063,766",3807,1031
2026-04-28 01:50:25,星期二,"109,063,954",3807,1031
2026-04-28 02:00:25,星期二,"109,064,131",3807,1031
2026-04-28 02:10:49,星期二,"109,064,298",3807,1031
2026-04-28 02:20:26,星期二,"109,064,426",3807,1031
2026-04-28 02:30:50,星期二,"109,064,579",3807,1031
2026-04-28 02:40:26,星期二,"109,064,712",3807,1031
2026-04-28 02:50:26,星期二,"109,064,820",3807,1031
2026-04-28 03:00:25,星期二,"109,064,933",3807,1031
2026-04-28 03:10:25,星期二,"109,065,023",3807,1031
2026-04-28 03:20:25,星期二,"109,065,114",3807,1031
2026-04-28 03:30:25,星期二,"109,065,220",3807,1031
2026-04-28 03:40:26,星期二,"109,065,299",3807,1031
2026-04-28 03:50:25,星期二,"109,065,365",3807,1031
2026-04-28 04:00:26,星期二,"109,065,424",3807,1031
2026-04-28 04:10:26,星期二,"109,065,477",3807,1031
2026-04-28 04:20:25,星期二,"109,065,543",3807,1031
2026-04-28 04:30:24,星期二,"109,065,607",3807,1031
2026-04-28 04:40:26,星期二,"109,065,668",3807,1031
2026-04-28 04:50:44,星期二,"109,065,735",3807,1031
2026-04-28 05:00:25,星期二,"109,065,799",3807,1031
2026-04-28 05:10:44,星期二,"109,065,869",3807,1031
2026-04-28 05:20:25,星期二,"109,065,949",3807,1031
2026-04-28 05:30:25,星期二,"109,066,036",3807,1031
2026-04-28 05:40:25,星期二,"109,066,159",3807,1031
2026-04-28 05:50:26,星期二,"109,066,305",3807,1031
2026-04-28 06:00:24,星期二,"109,066,468",3807,1031
2026-04-28 06:10:24,星期二,"109,066,592",3807,1031
2026-04-28 06:20:24,星期二,"109,066,744",3807,1031
2026-04-28 06:30:25,星期二,"109,066,951",3807,1031
2026-04-28 06:40:25,星期二,"109,067,202",3807,1031
2026-04-28 06:50:25,星期二,"109,067,526",3807,1031
2026-04-28 07:00:24,星期二,"109,067,942",3807,1031
2026-04-28 07:10:24,星期二,"109,068,382",3807,1031
2026-04-28 07:20:25,星期二,"109,068,910",3807,1031
2026-04-28 07:30:24,星期二,"109,069,601",3807,1031
2026-04-28 07:40:26,星期二,"109,070,418",3807,1031
2026-04-28 07:50:26,星期二,"109,071,262",3807,1031
2026-04-28 08:00:26,星期二,"109,072,237",3807,1031
2026-04-28 08:10:26,星期二,"109,073,079",3807,1031
2026-04-28 08:20:24,星期二,"109,073,932",3807,1031
2026-04-28 08:30:25,星期二,"109,074,667",3807,1031
2026-04-28 08:40:26,星期二,"109,075,423",3807,1031
2026-04-28 08:50:24,星期二,"109,076,233",3807,1031
2026-04-28 09:00:25,星期二,"109,076,945",3807,1031
2026-04-28 09:10:24,星期二,"109,077,654",3809,1031
2026-04-28 09:20:24,星期二,"109,078,421",3809,1031
2026-04-28 09:30:25,星期二,"109,079,163",3809,1031
2026-04-28 09:40:25,星期二,"109,079,918",3809,1031
2026-04-28 09:50:26,星期二,"109,080,636",3809,1031
2026-04-28 10:00:25,星期二,"109,081,389",3809,1031
2026-04-28 10:10:25,星期二,"109,082,189",3809,1031
2026-04-28 10:20:24,星期二,"109,082,968",3809,1031
2026-04-28 10:30:25,星期二,"109,083,741",3809,1031
2026-04-28 10:40:25,星期二,"109,084,455",3809,1031
2026-04-28 10:50:45,星期二,"109,085,238",3809,1031
2026-04-28 11:00:44,星期二,"109,085,939",3809,1031
2026-04-28 11:10:47,星期二,"109,086,739",3809,1031
2026-04-28 11:20:26,星期二,"109,087,608",3809,1031
2026-04-28 11:30:29,星期二,"109,088,480",3809,1031
2026-04-28 11:40:26,星期二,"109,089,364",3809,1031
2026-04-28 11:50:25,星期二,"109,090,304",3809,1031
2026-04-28 12:00:27,星期二,"109,091,203",3809,1031
2026-04-28 12:10:26,星期二,"109,092,273",3809,1031
2026-04-28 12:20:46,星期二,"109,093,314",3809,1031
2026-04-28 12:30:24,星期二,"109,094,406",3809,1031
2026-04-28 12:40:42,星期二,"109,095,554",3809,1031
2026-04-28 12:50:29,星期二,"109,096,624",3809,1031
2026-04-28 13:00:27,星期二,"109,097,692",3809,1031
2026-04-28 13:10:24,星期二,"109,098,709",3809,1031
2026-04-28 13:20:44,星期二,"109,099,807",3809,1031
2026-04-28 13:30:25,星期二,"109,100,825",3809,1031
2026-04-28 13:40:24,星期二,"109,101,863",3809,1031
2026-04-28 13:50:26,星期二,"109,102,876",3809,1031
2026-04-28 14:00:49,星期二,"109,103,946",3809,1031
2026-04-28 14:10:26,星期二,"109,104,914",3809,1031
2026-04-28 14:20:26,星期二,"109,105,846",3809,1031
2026-04-28 14:30:28,星期二,"109,106,781",3809,1031
2026-04-28 14:40:42,星期二,"109,107,672",3809,1031
2026-04-28 14:50:27,星期二,"109,108,586",3809,1031
2026-04-28 15:00:25,星期二,"109,109,559",3809,1031
2026-04-28 15:10:44,星期二,"109,110,442",3809,1031
2026-04-28 15:20:51,星期二,"109,111,387",3809,1031
2026-04-28 15:30:25,星期二,"109,112,249",3809,1031
2026-04-28 15:40:44,星期二,"109,113,233",3809,1031
2026-04-28 15:50:44,星期二,"109,114,216",3809,1031
2026-04-28 16:00:25,星期二,"109,115,236",3809,1031
2026-04-28 16:10:26,星期二,"109,116,253",3809,1031
2026-04-28 16:20:26,星期二,"109,117,266",3809,1031
2026-04-28 16:30:24,星期二,"109,118,309",3809,1031
2026-04-28 16:40:27,星期二,"109,119,358",3809,1031
2026-04-28 16:50:26,星期二,"109,120,403",3809,1031
2026-04-28 17:00:30,星期二,"109,121,457",3809,1031
2026-04-28 17:10:24,星期二,"109,122,445",3809,1031
2026-04-28 17:20:26,星期二,"109,123,486",3809,1031
2026-04-28 17:30:25,星期二,"109,124,494",3809,1031
2026-04-28 17:40:26,星期二,"109,125,507",3809,1031
2026-04-28 17:50:25,星期二,"109,126,548",3809,1031
2026-04-28 18:00:26,星期二,"109,127,584",3809,1031
2026-04-28 18:10:25,星期二,"109,128,589",3809,1031
2026-04-28 18:20:44,星期二,"109,129,644",3809,1031
2026-04-28 18:30:24,星期二,"109,130,670",3809,1031
2026-04-28 18:40:26,星期二,"109,131,691",3809,1031
2026-04-28 18:50:25,星期二,"109,132,698",3809,1031
2026-04-28 19:00:28,星期二,"109,133,650",3809,1031
2026-04-28 19:10:26,星期二,"109,134,579",3809,1031
2026-04-28 19:20:26,星期二,"109,135,535",3809,1031
2026-04-28 19:30:27,星期二,"109,136,460",3809,1031
2026-04-28 19:40:29,星期二,"109,137,357",3809,1031
2026-04-28 19:50:26,星期二,"109,138,189",3809,1031
2026-04-28 20:00:24,星期二,"109,139,090",3809,1031
2026-04-28 20:10:31,星期二,"109,139,912",3809,1031
2026-04-28 20:20:27,星期二,"109,140,754",3809,1031
2026-04-28 20:30:26,星期二,"109,141,589",3809,1031
2026-04-28 20:40:27,星期二,"109,142,484",3809,1031
2026-04-28 20:50:34,星期二,"109,143,323",3809,1031
2026-04-28 21:00:26,星期二,"109,144,187",3809,1031
2026-04-28 21:10:31,星期二,"109,145,026",3809,1031
2026-04-28 21:20:43,星期二,"109,145,859",3809,1031
2026-04-28 21:30:32,星期二,"109,146,656",3809,1031
2026-04-28 21:40:29,星期二,"109,147,372",3809,1031
2026-04-28 21:50:26,星期二,"109,148,056",3809,1031
2026-04-28 22:00:33,星期二,"109,148,744",3809,1031
2026-04-28 22:10:25,星期二,"109,149,505",3809,1031
2026-04-28 22:20:27,星期二,"109,150,286",3809,1031
2026-04-28 22:30:28,星期二,"109,150,967",3809,1031
2026-04-28 22:40:31,星期二,"109,151,684",3809,1031
2026-04-28 22:50:40,星期二,"109,152,386",3809,1031
2026-04-28 23:00:31,星期二,"109,152,929",3809,1031
2026-04-28 23:10:28,星期二,"109,153,596",3809,1031
2026-04-28 23:20:41,星期二,"109,154,249",3809,1031
2026-04-28 23:30:32,星期二,"109,154,814",3809,1031
2026-04-28 23:40:48,星期二,"109,155,348",3809,1031
2026-04-28 23:50:33,星期二,"109,155,788",3809,1031
2026-04-29 00:00:28,星期三,"109,156,181",3809,1031
2026-04-29 00:10:27,星期三,"109,156,883",3809,1031
2026-04-29 00:20:28,星期三,"109,157,539",3809,1031
2026-04-29 00:30:44,星期三,"109,158,147",3809,1031
2026-04-29 00:40:26,星期三,"109,158,581",3809,1031
2026-04-29 00:50:27,星期三,"109,159,016",3809,1031
2026-04-29 01:00:27,星期三,"109,159,335",3809,1031
2026-04-29 01:10:25,星期三,"109,159,682",3809,1031
2026-04-29 01:20:42,星期三,"109,159,989",3809,1031
2026-04-29 01:30:26,星期三,"109,160,229",3809,1031
2026-04-29 01:40:25,星期三,"109,160,442",3809,1031
2026-04-29 01:50:25,星期三,"109,160,660",3809,1031
2026-04-29 02:00:27,星期三,"109,160,854",3809,1031
2026-04-29 02:10:51,星期三,"109,161,037",3809,1031
2026-04-29 02:20:27,星期三,"109,161,201",3809,1031
2026-04-29 02:30:26,星期三,"109,161,355",3809,1031
2026-04-29 02:40:26,星期三,"109,161,515",3809,1031
2026-04-29 02:50:25,星期三,"109,161,641",3809,1031
2026-04-29 03:00:27,星期三,"109,161,761",3809,1031
2026-04-29 03:10:27,星期三,"109,161,876",3809,1031
2026-04-29 03:20:27,星期三,"109,161,973",3809,1031
2026-04-29 03:30:26,星期三,"109,162,050",3809,1031
2026-04-29 03:40:27,星期三,"109,162,139",3809,1031
2026-04-29 03:50:25,星期三,"109,162,218",3809,1031
2026-04-29 04:00:27,星期三,"109,162,294",3809,1031
2026-04-29 04:10:25,星期三,"109,162,368",3809,1031
2026-04-29 04:20:26,星期三,"109,162,442",3809,1031
2026-04-29 04:30:25,星期三,"109,162,513",3809,1031
2026-04-29 04:40:26,星期三,"109,162,593",3809,1031
2026-04-29 04:50:27,星期三,"109,162,661",3809,1031
2026-04-29 05:00:26,星期三,"109,162,727",3809,1031
2026-04-29 05:10:25,星期三,"109,162,790",3809,1031
2026-04-29 05:20:26,星期三,"109,162,892",3809,1031
2026-04-29 05:30:25,星期三,"109,162,992",3809,1031
2026-04-29 05:40:40,星期三,"109,163,101",3809,1031
2026-04-29 05:50:26,星期三,"109,163,262",3809,1031
2026-04-29 06:00:25,星期三,"109,163,439",3809,1031
2026-04-29 06:10:25,星期三,"109,163,603",3809,1031
2026-04-29 06:20:25,星期三,"109,163,768",3809,1031
2026-04-29 06:30:25,星期三,"109,163,960",3809,1031
2026-04-29 06:40:44,星期三,"109,164,280",3809,1031
2026-04-29 06:50:27,星期三,"109,164,657",3809,1031
2026-04-29 07:00:25,星期三,"109,165,101",3809,1031
2026-04-29 07:10:25,星期三,"109,165,623",3809,1031
2026-04-29 07:20:25,星期三,"109,166,192",3809,1031
2026-04-29 07:30:26,星期三,"109,166,919",3809,1031
2026-04-29 07:40:26,星期三,"109,167,609",3809,1031
2026-04-29 07:50:25,星期三,"109,168,581",3809,1031
2026-04-29 08:00:26,星期三,"109,169,644",3809,1031
2026-04-29 08:10:25,星期三,"109,170,561",3809,1031
2026-04-29 08:20:26,星期三,"109,171,410",3809,1031
2026-04-29 08:30:25,星期三,"109,172,249",3809,1031
2026-04-29 08:40:45,星期三,"109,173,129",3809,1031
2026-04-29 08:50:25,星期三,"109,173,977",3809,1031
2026-04-29 09:00:26,星期三,"109,174,773",3809,1031
2026-04-29 09:10:25,星期三,"109,175,619",3812,1031
2026-04-29 09:20:26,星期三,"109,176,455",3812,1031
2026-04-29 09:30:25,星期三,"109,177,314",3812,1031
2026-04-29 09:40:24,星期三,"109,178,096",3812,1031
2026-04-29 09:50:24,星期三,"109,178,907",3812,1031
2026-04-29 10:00:25,星期三,"109,179,726",3812,1031
2026-04-29 10:10:26,星期三,"109,180,560",3812,1031
2026-04-29 10:20:58,星期三,"109,181,483",3812,1031
2026-04-29 10:30:25,星期三,"109,182,308",3812,1031
2026-04-29 10:40:25,星期三,"109,183,191",3812,1031
2026-04-29 10:50:26,星期三,"109,184,045",3812,1031
2026-04-29 11:00:25,星期三,"109,184,917",3812,1031
2026-04-29 11:10:25,星期三,"109,185,945",3812,1031
2026-04-29 11:20:26,星期三,"109,186,967",3812,1031
2026-04-29 11:30:24,星期三,"109,188,003",3812,1031
2026-04-29 11:40:24,星期三,"109,189,019",3812,1031
2026-04-29 11:50:25,星期三,"109,190,048",3812,1031
2026-04-29 12:00:24,星期三,"109,191,119",3812,1031
2026-04-29 12:10:26,星期三,"109,192,262",3812,1031
2026-04-29 12:20:25,星期三,"109,193,516",3812,1031
2026-04-29 12:30:26,星期三,"109,194,725",3812,1031
2026-04-29 12:40:51,星期三,"109,195,949",3812,1031
2026-04-29 12:50:30,星期三,"109,197,143",3812,1031
2026-04-29 13:00:48,星期三,"109,198,433",3812,1031
2026-04-29 13:10:25,星期三,"109,199,676",3812,1031
2026-04-29 13:20:25,星期三,"109,200,728",3812,1031
2026-04-29 13:30:38,星期三,"109,202,045",3812,1031
2026-04-29 13:40:26,星期三,"109,203,222",3812,1031
2026-04-29 13:50:25,星期三,"109,204,372",3812,1031
2026-04-29 14:00:24,星期三,"109,205,594",3812,1031
2026-04-29 14:10:24,星期三,"109,206,733",3812,1031
2026-04-29 14:20:26,星期三,"109,207,796",3812,1031
2026-04-29 14:30:26,星期三,"109,208,851",3812,1031
2026-04-29 14:40:25,星期三,"109,209,887",3812,1031
2026-04-29 14:50:44,星期三,"109,211,006",3812,1031
2026-04-29 15:00:26,星期三,"109,212,064",3812,1031
2026-04-29 15:10:26,星期三,"109,213,132",3812,1031
2026-04-29 15:20:26,星期三,"109,214,222",3812,1031
2026-04-29 15:30:26,星期三,"109,215,304",3812,1031
2026-04-29 15:40:23,星期三,"109,216,385",3812,1031
2026-04-29 15:50:25,星期三,"109,217,491",3812,1031
2026-04-29 16:00:25,星期三,"109,218,615",3812,1031
2026-04-29 16:10:26,星期三,"109,219,712",3812,1031
2026-04-29 16:20:45,星期三,"109,220,882",3812,1031
2026-04-29 16:30:27,星期三,"109,222,025",3812,1031
2026-04-29 16:40:25,星期三,"109,223,213",3812,1031
2026-04-29 16:50:26,星期三,"109,224,454",3812,1031
2026-04-29 17:00:26,星期三,"109,225,665",3812,1031
2026-04-29 17:10:43,星期三,"109,226,822",3812,1031
2026-04-29 17:20:26,星期三,"109,228,016",3812,1031
2026-04-29 17:30:45,星期三,"109,229,213",3812,1031
2026-04-29 17:40:25,星期三,"109,230,336",3812,1031
2026-04-29 17:50:26,星期三,"109,231,504",3812,1031
2026-04-29 18:00:27,星期三,"109,232,644",3812,1031
2026-04-29 18:10:46,星期三,"109,233,789",3812,1031
2026-04-29 18:20:26,星期三,"109,234,899",3812,1031
2026-04-29 18:30:25,星期三,"109,235,939",3812,1031
2026-04-29 18:40:24,星期三,"109,237,042",3812,1031
2026-04-29 18:50:44,星期三,"109,238,128",3812,1031
2026-04-29 19:00:44,星期三,"109,239,215",3812,1031
2026-04-29 19:10:27,星期三,"109,240,233",3812,1031
2026-04-29 19:20:24,星期三,"109,241,200",3812,1031
2026-04-29 19:30:34,星期三,"109,242,286",3812,1031
2026-04-29 19:40:32,星期三,"109,243,346",3812,1031
2026-04-29 19:50:32,星期三,"109,244,352",3812,1031
2026-04-29 20:00:32,星期三,"109,245,322",3812,1031
2026-04-29 20:10:26,星期三,"109,246,268",3812,1031
2026-04-29 20:20:25,星期三,"109,247,258",3812,1031
2026-04-29 20:30:25,星期三,"109,248,238",3812,1031
2026-04-29 20:40:28,星期三,"109,249,236",3812,1031
2026-04-29 20:50:25,星期三,"109,250,139",3812,1031
2026-04-29 21:00:26,星期三,"109,251,114",3812,1031
2026-04-29 21:10:27,星期三,"109,251,957",3812,1031
2026-04-29 21:20:26,星期三,"109,252,849",3812,1031
2026-04-29 21:30:28,星期三,"109,253,735",3812,1031
2026-04-29 21:40:28,星期三,"109,254,560",3812,1031
2026-04-29 21:50:25,星期三,"109,255,389",3812,1031
2026-04-29 22:00:26,星期三,"109,256,086",3812,1031
2026-04-29 22:10:25,星期三,"109,256,959",3812,1031
2026-04-29 22:20:27,星期三,"109,257,702",3812,1031
2026-04-29 22:30:24,星期三,"109,258,621",3812,1031
2026-04-29 22:40:27,星期三,"109,259,457",3812,1031
2026-04-29 22:50:43,星期三,"109,260,229",3812,1031
2026-04-29 23:00:25,星期三,"109,260,885",3812,1031
2026-04-29 23:10:25,星期三,"109,261,613",3812,1031
2026-04-29 23:20:27,星期三,"109,262,385",3812,1031
2026-04-29 23:30:41,星期三,"109,263,041",3812,1031
2026-04-29 23:40:32,星期三,"109,263,650",3812,1031
2026-04-29 23:50:26,星期三,"109,264,216",3812,1031
2026-04-30 00:00:30,星期四,"109,264,718",3812,1031
2026-04-30 00:10:29,星期四,"109,265,556",3812,1031
2026-04-30 00:20:27,星期四,"109,266,398",3812,1031
2026-04-30 00:30:26,星期四,"109,267,072",3812,1031
2026-04-30 00:40:44,星期四,"109,267,638",3812,1031
2026-04-30 00:50:27,星期四,"109,268,149",3812,1031
2026-04-30 01:00:27,星期四,"109,268,596",3812,1031
2026-04-30 01:10:27,星期四,"109,269,017",3812,1031
2026-04-30 01:20:25,星期四,"109,269,379",3812,1031
2026-04-30 01:30:50,星期四,"109,269,707",3812,1031
2026-04-30 01:40:26,星期四,"109,270,019",3812,1031
2026-04-30 01:50:26,星期四,"109,270,279",3812,1031
2026-04-30 02:00:26,星期四,"109,270,481",3812,1031
2026-04-30 02:10:27,星期四,"109,270,716",3812,1031
2026-04-30 02:20:26,星期四,"109,270,962",3812,1031
2026-04-30 02:30:25,星期四,"109,271,168",3812,1031
2026-04-30 02:40:27,星期四,"109,271,344",3812,1031
2026-04-30 02:50:25,星期四,"109,271,520",3812,1031
2026-04-30 03:00:27,星期四,"109,271,681",3812,1031
2026-04-30 03:10:26,星期四,"109,271,813",3812,1031
2026-04-30 03:20:27,星期四,"109,271,950",3812,1031
2026-04-30 03:30:24,星期四,"109,272,073",3812,1031
2026-04-30 03:40:51,星期四,"109,272,190",3812,1031
2026-04-30 03:50:26,星期四,"109,272,293",3812,1031
2026-04-30 04:00:25,星期四,"109,272,395",3812,1031
2026-04-30 04:10:26,星期四,"109,272,496",3812,1031
2026-04-30 04:20:25,星期四,"109,272,587",3812,1031
2026-04-30 04:30:25,星期四,"109,272,669",3812,1031
2026-04-30 04:40:25,星期四,"109,272,775",3812,1031
2026-04-30 04:50:45,星期四,"109,272,885",3812,1031
2026-04-30 05:00:25,星期四,"109,272,964",3812,1031
2026-04-30 05:10:25,星期四,"109,273,057",3812,1031
2026-04-30 05:20:25,星期四,"109,273,167",3812,1031
2026-04-30 05:30:26,星期四,"109,273,297",3812,1031
2026-04-30 05:40:26,星期四,"109,273,455",3812,1031
2026-04-30 05:50:25,星期四,"109,273,626",3812,1031
2026-04-30 06:00:25,星期四,"109,273,848",3812,1031
2026-04-30 06:10:25,星期四,"109,274,094",3812,1031
2026-04-30 06:20:26,星期四,"109,274,301",3812,1031
2026-04-30 06:30:25,星期四,"109,274,568",3812,1031
2026-04-30 06:40:26,星期四,"109,274,898",3812,1031
2026-04-30 06:50:26,星期四,"109,275,339",3812,1031
2026-04-30 07:00:26,星期四,"109,275,908",3812,1031
2026-04-30 07:10:25,星期四,"109,276,540",3812,1031
2026-04-30 07:20:26,星期四,"109,277,193",3812,1031
2026-04-30 07:30:25,星期四,"109,278,043",3812,1031
2026-04-30 07:40:26,星期四,"109,278,986",3812,1031
2026-04-30 07:50:45,星期四,"109,280,009",3812,1031
2026-04-30 08:00:45,星期四,"109,281,178",3812,1031
2026-04-30 08:10:26,星期四,"109,282,218",3812,1031
2026-04-30 08:20:25,星期四,"109,283,154",3812,1031
2026-04-30 08:30:25,星期四,"109,284,056",3812,1031
2026-04-30 08:40:25,星期四,"109,284,937",3812,1031
2026-04-30 08:50:45,星期四,"109,285,848",3812,1031
2026-04-30 09:00:26,星期四,"109,286,726",3812,1031
2026-04-30 09:10:24,星期四,"109,287,582",3838,1035
2026-04-30 09:20:25,星期四,"109,288,525",3838,1035
2026-04-30 09:30:44,星期四,"109,289,445",3838,1035
2026-04-30 09:40:26,星期四,"109,290,360",3838,1035
2026-04-30 09:50:25,星期四,"109,291,290",3838,1035
2026-04-30 10:00:25,星期四,"109,292,163",3838,1035
2026-04-30 10:10:25,星期四,"109,293,079",3838,1035
2026-04-30 10:20:43,星期四,"109,294,032",3838,1035
2026-04-30 10:30:45,星期四,"109,295,018",3838,1035
2026-04-30 10:40:43,星期四,"109,296,022",3838,1035
2026-04-30 10:50:39,星期四,"109,297,026",3838,1035
2026-04-30 11:00:26,星期四,"109,298,026",3838,1035
2026-04-30 11:10:40,星期四,"109,299,186",3838,1035
2026-04-30 11:20:25,星期四,"109,300,348",3838,1035
2026-04-30 11:30:44,星期四,"109,301,581",3838,1035
2026-04-30 11:40:26,星期四,"109,302,748",3838,1035
2026-04-30 11:50:25,星期四,"109,303,977",3838,1035
2026-04-30 12:00:25,星期四,"109,305,188",3838,1035
2026-04-30 12:10:24,星期四,"109,306,583",3838,1035
2026-04-30 12:20:24,星期四,"109,308,100",3838,1035
2026-04-30 12:30:27,星期四,"109,309,661",3838,1035
2026-04-30 12:40:25,星期四,"109,311,131",3838,1035
2026-04-30 12:50:45,星期四,"109,312,658",3838,1035
2026-04-30 13:00:25,星期四,"109,314,105",3838,1035
2026-04-30 13:10:26,星期四,"109,315,510",3838,1035
2026-04-30 13:20:32,星期四,"109,316,004",3838,1035
2026-04-30 13:30:32,星期四,"109,318,522",3838,1035
2026-04-30 13:40:24,星期四,"109,319,944",3838,1035
2026-04-30 13:50:26,星期四,"109,321,484",3838,1035
2026-04-30 14:00:25,星期四,"109,322,921",3838,1035
2026-04-30 14:10:25,星期四,"109,324,432",3838,1035
2026-04-30 14:20:25,星期四,"109,325,794",3838,1035
2026-04-30 14:30:45,星期四,"109,327,198",3838,1035
2026-04-30 14:40:26,星期四,"109,328,497",3838,1035
2026-04-30 14:50:26,星期四,"109,329,879",3838,1035
2026-04-30 15:00:26,星期四,"109,331,252",3838,1035
2026-04-30 15:10:56,星期四,"109,332,700",3838,1035
2026-04-30 15:20:25,星期四,"109,334,065",3838,1035
2026-04-30 15:30:26,星期四,"109,335,491",3838,1035
2026-04-30 15:40:24,星期四,"109,336,963",3838,1035
2026-04-30 15:50:25,星期四,"109,338,449",3838,1035
2026-04-30 16:00:25,星期四,"109,339,986",3838,1035
2026-04-30 16:10:25,星期四,"109,341,508",3838,1035
2026-04-30 16:20:27,星期四,"109,342,019",3838,1035
2026-04-30 16:30:25,星期四,"109,344,509",3838,1035
2026-04-30 16:40:26,星期四,"109,345,987",3838,1035
2026-04-30 16:50:26,星期四,"109,347,605",3838,1035
2026-04-30 17:00:27,星期四,"109,349,118",3838,1035
2026-04-30 17:10:25,星期四,"109,350,615",3838,1035
2026-04-30 17:20:26,星期四,"109,352,202",3838,1035
2026-04-30 17:30:26,星期四,"109,353,813",3838,1035
2026-04-30 17:40:26,星期四,"109,355,389",3838,1035
2026-04-30 17:50:26,星期四,"109,356,973",3838,1035
2026-04-30 18:00:26,星期四,"109,358,527",3838,1035
2026-04-30 18:10:25,星期四,"109,360,029",3838,1035
2026-04-30 18:20:24,星期四,"109,361,505",3838,1035
2026-04-30 18:30:56,星期四,"109,363,013",3838,1035
2026-04-30 18:40:25,星期四,"109,364,405",3838,1035
2026-04-30 18:50:25,星期四,"109,365,854",3838,1035
2026-04-30 19:00:25,星期四,"109,367,230",3838,1035
2026-04-30 19:10:25,星期四,"109,368,655",3838,1035
2026-04-30 19:20:26,星期四,"109,369,997",3838,1035
2026-04-30 19:30:25,星期四,"109,371,477",3838,1035
2026-04-30 19:40:27,星期四,"109,372,825",3838,1035
2026-04-30 19:50:26,星期四,"109,374,180",3838,1035
2026-04-30 20:00:25,星期四,"109,375,506",3838,1035
2026-04-30 20:10:26,星期四,"109,376,906",3838,1035
2026-04-30 20:20:41,星期四,"109,378,341",3838,1035
2026-04-30 20:30:27,星期四,"109,379,762",3838,1035
2026-04-30 20:40:25,星期四,"109,381,139",3838,1035
2026-04-30 20:50:26,星期四,"109,382,578",3838,1035
2026-04-30 21:00:27,星期四,"109,384,048",3838,1035
2026-04-30 21:10:26,星期四,"109,385,466",3838,1035
2026-04-30 21:20:42,星期四,"109,386,900",3838,1035
2026-04-30 21:30:25,星期四,"109,388,317",3838,1035
2026-04-30 21:40:28,星期四,"109,389,708",3838,1035
2026-04-30 21:50:27,星期四,"109,391,059",3838,1035
2026-04-30 22:00:27,星期四,"109,392,300",3838,1035
2026-04-30 22:10:38,星期四,"109,393,680",3838,1035
2026-04-30 22:20:46,星期四,"109,395,155",3838,1035
2026-04-30 22:30:25,星期四,"109,396,521",3838,1035
2026-04-30 22:40:49,星期四,"109,397,953",3838,1035
2026-04-30 22:50:31,星期四,"109,399,281",3838,1035
2026-04-30 23:00:26,星期四,"109,400,508",3838,1035
2026-04-30 23:10:29,星期四,"109,401,811",3838,1035
2026-04-30 23:20:28,星期四,"109,403,198",3838,1035
2026-04-30 23:30:29,星期四,"109,404,467",3838,1035
2026-04-30 23:40:37,星期四,"109,405,600",3838,1035
2026-04-30 23:50:34,星期四,"109,406,655",3838,1035
2026-05-01 00:00:33,星期五,"109,407,655",3838,1035
2026-05-01 00:10:35,星期五,"109,409,081",3838,1035
2026-05-01 00:20:34,星期五,"109,410,596",3838,1035
2026-05-01 00:30:26,星期五,"109,412,064",3838,1035
2026-05-01 00:40:27,星期五,"109,413,415",3838,1035
2026-05-01 00:50:26,星期五,"109,414,678",3838,1035
2026-05-01 01:00:28,星期五,"109,415,795",3838,1035
2026-05-01 01:10:27,星期五,"109,416,843",3838,1035
2026-05-01 01:20:42,星期五,"109,417,854",3838,1035
2026-05-01 01:30:27,星期五,"109,418,697",3838,1035
2026-05-01 01:40:26,星期五,"109,419,553",3838,1035
2026-05-01 01:50:25,星期五,"109,420,288",3838,1035
2026-05-01 02:00:25,星期五,"109,420,995",3838,1035
2026-05-01 02:10:26,星期五,"109,421,672",3838,1035
2026-05-01 02:20:25,星期五,"109,422,316",3838,1035
2026-05-01 02:30:26,星期五,"109,422,925",3838,1035
2026-05-01 02:40:26,星期五,"109,423,469",3838,1035
2026-05-01 02:50:25,星期五,"109,423,958",3838,1035
2026-05-01 03:00:24,星期五,"109,424,468",3838,1035
2026-05-01 03:10:26,星期五,"109,424,933",3838,1035
2026-05-01 03:20:26,星期五,"109,425,421",3838,1035
2026-05-01 03:30:25,星期五,"109,425,879",3838,1035
2026-05-01 03:40:26,星期五,"109,426,288",3838,1035
2026-05-01 03:50:26,星期五,"109,426,704",3838,1035
2026-05-01 04:00:44,星期五,"109,427,100",3838,1035
2026-05-01 04:10:26,星期五,"109,427,504",3838,1035
2026-05-01 04:20:25,星期五,"109,427,893",3838,1035
2026-05-01 04:30:25,星期五,"109,428,263",3838,1035
2026-05-01 04:40:26,星期五,"109,428,590",3838,1035
2026-05-01 04:50:26,星期五,"109,428,958",3838,1035
2026-05-01 05:00:26,星期五,"109,429,337",3838,1035
2026-05-01 05:10:25,星期五,"109,429,731",3838,1035
2026-05-01 05:20:27,星期五,"109,430,120",3838,1035
2026-05-01 05:30:25,星期五,"109,430,567",3838,1035
2026-05-01 05:40:26,星期五,"109,430,004",3838,1035
2026-05-01 05:50:26,星期五,"109,431,542",3838,1035
2026-05-01 06:00:26,星期五,"109,432,088",3838,1035
2026-05-01 06:10:26,星期五,"109,432,656",3838,1035
2026-05-01 06:20:26,星期五,"109,433,154",3838,1035
2026-05-01 06:30:26,星期五,"109,433,733",3838,1035
2026-05-01 06:40:27,星期五,"109,434,395",3838,1035
2026-05-01 06:50:25,星期五,"109,435,116",3838,1035
2026-05-01 07:00:25,星期五,"109,435,859",3838,1035
2026-05-01 07:10:26,星期五,"109,436,645",3838,1035
2026-05-01 07:20:26,星期五,"109,437,429",3838,1035
2026-05-01 07:30:25,星期五,"109,438,278",3838,1035
2026-05-01 07:40:26,星期五,"109,439,203",3838,1035
2026-05-01 07:50:25,星期五,"109,440,205",3838,1035
2026-05-01 08:00:28,星期五,"109,441,403",3838,1035
2026-05-01 08:10:25,星期五,"109,442,411",3838,1035
2026-05-01 08:20:24,星期五,"109,443,371",3838,1035
2026-05-01 08:30:25,星期五,"109,444,353",3838,1035
2026-05-01 08:40:25,星期五,"109,445,398",3838,1035
2026-05-01 08:50:24,星期五,"109,446,490",3838,1035
2026-05-01 09:00:30,星期五,"109,447,615",3838,1035
2026-05-01 09:10:26,星期五,"109,448,831",3838,1035
2026-05-01 09:20:27,星期五,"109,450,192",3838,1035
2026-05-01 09:30:25,星期五,"109,451,515",3838,1035
2026-05-01 09:40:25,星期五,"109,452,957",3838,1035
2026-05-01 09:50:25,星期五,"109,454,341",3838,1035
2026-05-01 10:00:44,星期五,"109,455,847",3838,1035
2026-05-01 10:10:25,星期五,"109,457,402",3838,1035
2026-05-01 10:20:24,星期五,"109,458,940",3838,1035
2026-05-01 10:30:25,星期五,"109,460,612",3838,1035
2026-05-01 10:40:25,星期五,"109,462,229",3838,1035
2026-05-01 10:50:26,星期五,"109,463,891",3838,1035
2026-05-01 11:00:26,星期五,"109,465,591",3838,1035
2026-05-01 11:10:45,星期五,"109,467,364",3838,1035
2026-05-01 11:20:24,星期五,"109,469,114",3838,1035
2026-05-01 11:30:26,星期五,"109,470,795",3838,1035
2026-05-01 11:40:25,星期五,"109,472,476",3838,1035
2026-05-01 11:50:44,星期五,"109,474,130",3838,1035
2026-05-01 12:00:44,星期五,"109,475,733",3838,1035
2026-05-01 12:10:45,星期五,"109,477,527",3838,1035
2026-05-01 12:20:26,星期五,"109,479,300",3838,1035
2026-05-01 12:30:44,星期五,"109,481,018",3838,1035
2026-05-01 12:40:26,星期五,"109,482,743",3838,1035
2026-05-01 12:50:26,星期五,"109,484,493",3838,1035
2026-05-01 13:00:25,星期五,"109,486,280",3838,1035
2026-05-01 13:10:24,星期五,"109,488,005",3838,1035
2026-05-01 13:20:25,星期五,"109,489,932",3838,1035
2026-05-01 13:30:31,星期五,"109,491,739",3838,1035
2026-05-01 13:40:31,星期五,"109,493,611",3838,1035
2026-05-01 13:50:27,星期五,"109,495,530",3838,1035
2026-05-01 14:00:26,星期五,"109,497,498",3838,1035
2026-05-01 14:10:26,星期五,"109,499,327",3838,1035
2026-05-01 14:20:26,星期五,"109,501,178",3838,1035
2026-05-01 14:30:27,星期五,"109,502,900",3838,1035
2026-05-01 14:40:27,星期五,"109,504,751",3838,1035
2026-05-01 14:50:43,星期五,"109,506,537",3838,1035
2026-05-01 15:00:27,星期五,"109,508,337",3838,1035
2026-05-01 15:10:28,星期五,"109,510,059",3838,1035
2026-05-01 15:20:25,星期五,"109,511,803",3838,1035
2026-05-01 15:30:25,星期五,"109,513,496",3838,1035
2026-05-01 15:40:26,星期五,"109,515,121",3838,1035
2026-05-01 15:50:26,星期五,"109,516,917",3838,1035
2026-05-01 16:00:26,星期五,"109,518,638",3838,1035
2026-05-01 16:10:25,星期五,"109,520,367",3838,1035
2026-05-01 16:20:26,星期五,"109,522,081",3838,1035
2026-05-01 16:30:25,星期五,"109,523,804",3838,1035
2026-05-01 16:40:25,星期五,"109,525,434",3838,1035
2026-05-01 16:50:27,星期五,"109,527,070",3838,1035
2026-05-01 17:00:25,星期五,"109,528,666",3838,1035
2026-05-01 17:10:24,星期五,"109,530,347",3838,1035
2026-05-01 17:20:25,星期五,"109,531,927",3838,1035
2026-05-01 17:30:27,星期五,"109,533,434",3838,1035
2026-05-01 17:40:27,星期五,"109,534,973",3838,1035
2026-05-01 17:50:26,星期五,"109,536,415",3838,1035
2026-05-01 18:00:25,星期五,"109,537,827",3838,1035
2026-05-01 18:10:25,星期五,"109,539,232",3838,1035
2026-05-01 18:20:25,星期五,"109,540,559",3838,1035
2026-05-01 18:30:26,星期五,"109,541,942",3838,1035
2026-05-01 18:40:25,星期五,"109,543,264",3838,1035
2026-05-01 18:50:25,星期五,"109,544,571",3838,1035
2026-05-01 19:00:28,星期五,"109,545,826",3838,1035
2026-05-01 19:10:26,星期五,"109,547,045",3838,1035
2026-05-01 19:20:26,星期五,"109,548,292",3838,1035
2026-05-01 19:30:26,星期五,"109,549,479",3838,1035
2026-05-01 19:40:25,星期五,"109,550,683",3838,1035
2026-05-01 19:50:27,星期五,"109,551,878",3838,1035
2026-05-01 20:00:26,星期五,"109,552,995",3838,1035
2026-05-01 20:10:27,星期五,"109,554,209",3838,1035
2026-05-01 20:20:26,星期五,"109,555,363",3838,1035
2026-05-01 20:30:27,星期五,"109,556,513",3838,1035
2026-05-01 20:40:27,星期五,"109,557,840",3838,1035
2026-05-01 20:50:46,星期五,"109,559,073",3838,1035
2026-05-01 21:00:26,星期五,"109,560,221",3838,1035
2026-05-01 21:10:27,星期五,"109,561,363",3838,1035
2026-05-01 21:20:25,星期五,"109,562,580",3838,1035
2026-05-01 21:30:26,星期五,"109,563,690",3838,1035
2026-05-01 21:40:29,星期五,"109,564,790",3838,1035
2026-05-01 21:50:41,星期五,"109,565,826",3838,1035
2026-05-01 22:00:26,星期五,"109,566,800",3838,1035
2026-05-01 22:10:26,星期五,"109,567,905",3838,1035
2026-05-01 22:20:26,星期五,"109,569,084",3838,1035
2026-05-01 22:30:25,星期五,"109,570,140",3838,1035
2026-05-01 22:40:25,星期五,"109,571,240",3838,1035
2026-05-01 22:50:25,星期五,"109,572,323",3838,1035
2026-05-01 23:00:25,星期五,"109,573,270",3838,1035
2026-05-01 23:10:26,星期五,"109,574,302",3838,1035
2026-05-01 23:20:42,星期五,"109,575,312",3838,1035
2026-05-01 23:30:25,星期五,"109,576,193",3838,1035
2026-05-01 23:40:45,星期五,"109,576,998",3838,1035
2026-05-01 23:50:46,星期五,"109,577,682",3838,1035
2026-05-02 00:00:26,星期六,"109,578,320",3838,1035
2026-05-02 00:10:32,星期六,"109,579,351",3838,1035
2026-05-02 00:20:24,星期六,"109,580,342",3838,1035
2026-05-02 00:30:30,星期六,"109,581,167",3838,1035
2026-05-02 00:40:25,星期六,"109,581,883",3838,1035
2026-05-02 00:50:57,星期六,"109,582,552",3838,1035
2026-05-02 01:00:27,星期六,"109,583,081",3838,1035
2026-05-02 01:10:25,星期六,"109,583,576",3838,1035
2026-05-02 01:30:26,星期六,"109,584,442",3838,1035
2026-05-02 01:40:26,星期六,"109,584,847",3838,1035
2026-05-02 01:50:47,星期六,"109,585,194",3838,1035
2026-05-02 02:00:25,星期六,"109,585,506",3838,1035
2026-05-02 02:10:26,星期六,"109,585,824",3838,1035
2026-05-02 02:20:24,星期六,"109,586,113",3838,1035
2026-05-02 02:30:24,星期六,"109,586,389",3838,1035
2026-05-02 02:40:25,星期六,"109,586,627",3838,1035
2026-05-02 02:50:24,星期六,"109,586,810",3838,1035
2026-05-02 03:00:24,星期六,"109,587,012",3838,1035
2026-05-02 03:10:26,星期六,"109,587,200",3838,1035
2026-05-02 03:20:24,星期六,"109,587,350",3838,1035
2026-05-02 03:30:26,星期六,"109,587,511",3838,1035
2026-05-02 03:40:45,星期六,"109,587,669",3838,1035
2026-05-02 03:50:25,星期六,"109,587,818",3838,1035
2026-05-02 04:00:25,星期六,"109,587,958",3838,1035
2026-05-02 04:10:25,星期六,"109,588,063",3838,1035
2026-05-02 04:20:26,星期六,"109,588,180",3838,1035
2026-05-02 04:30:24,星期六,"109,588,311",3838,1035
2026-05-02 04:40:26,星期六,"109,588,431",3838,1035
2026-05-02 04:50:25,星期六,"109,588,579",3838,1035
2026-05-02 05:00:24,星期六,"109,588,721",3838,1035
2026-05-02 05:10:42,星期六,"109,588,848",3838,1035
2026-05-02 05:20:26,星期六,"109,588,996",3838,1035
2026-05-02 05:30:25,星期六,"109,589,165",3838,1035
2026-05-02 05:40:25,星期六,"109,589,364",3838,1035
2026-05-02 05:50:25,星期六,"109,589,626",3838,1035
2026-05-02 06:00:25,星期六,"109,589,892",3838,1035
2026-05-02 06:10:25,星期六,"109,590,135",3838,1035
2026-05-02 06:20:24,星期六,"109,590,378",3838,1035
2026-05-02 06:30:26,星期六,"109,590,637",3838,1035
2026-05-02 06:40:51,星期六,"109,591,004",3838,1035
2026-05-02 06:50:25,星期六,"109,591,399",3838,1035
2026-05-02 07:00:25,星期六,"109,591,852",3838,1035
2026-05-02 07:10:25,星期六,"109,592,329",3838,1035
2026-05-02 07:20:26,星期六,"109,592,808",3838,1035
2026-05-02 07:30:25,星期六,"109,593,390",3838,1035
2026-05-02 07:40:25,星期六,"109,594,045",3838,1035
2026-05-02 07:50:25,星期六,"109,594,783",3838,1035
2026-05-02 08:00:26,星期六,"109,595,632",3838,1035
2026-05-02 08:10:26,星期六,"109,596,425",3838,1035
2026-05-02 08:20:24,星期六,"109,597,138",3838,1035
2026-05-02 08:30:25,星期六,"109,597,860",3838,1035
2026-05-02 08:40:25,星期六,"109,598,658",3838,1035
2026-05-02 08:50:26,星期六,"109,599,540",3838,1035
2026-05-02 09:00:24,星期六,"109,600,429",3838,1035
2026-05-02 09:10:40,星期六,"109,601,464",3838,1035
2026-05-02 09:20:26,星期六,"109,602,533",3838,1035
2026-05-02 09:30:25,星期六,"109,603,732",3838,1035
2026-05-02 09:40:25,星期六,"109,604,975",3838,1035
2026-05-02 09:50:26,星期六,"109,606,261",3838,1035
2026-05-02 10:00:29,星期六,"109,607,619",3838,1035
2026-05-02 10:10:24,星期六,"109,609,146",3838,1035
2026-05-02 10:20:26,星期六,"109,610,650",3838,1035
2026-05-02 10:30:24,星期六,"109,612,227",3838,1035
2026-05-02 10:40:25,星期六,"109,613,782",3838,1035
2026-05-02 10:50:24,星期六,"109,615,348",3838,1035
2026-05-02 11:00:24,星期六,"109,616,918",3838,1035
2026-05-02 11:10:25,星期六,"109,618,500",3838,1035
2026-05-02 11:20:25,星期六,"109,620,297",3838,1035
2026-05-02 11:30:24,星期六,"109,621,988",3838,1035
2026-05-02 11:40:26,星期六,"109,623,664",3838,1035
2026-05-02 11:50:25,星期六,"109,625,230",3838,1035
2026-05-02 12:00:25,星期六,"109,626,726",3838,1035
2026-05-02 12:10:25,星期六,"109,628,277",3838,1035
2026-05-02 12:20:25,星期六,"109,629,953",3838,1035
2026-05-02 12:30:23,星期六,"109,631,554",3838,1035
2026-05-02 12:40:25,星期六,"109,633,209",3838,1035
2026-05-02 12:50:27,星期六,"109,634,773",3838,1035
2026-05-02 13:00:24,星期六,"109,636,354",3838,1035
2026-05-02 13:10:25,星期六,"109,638,059",3838,1035
2026-05-02 13:20:26,星期六,"109,639,732",3838,1035
2026-05-02 13:30:25,星期六,"109,641,386",3838,1035
2026-05-02 13:40:27,星期六,"109,643,056",3838,1035
2026-05-02 13:50:39,星期六,"109,644,823",3838,1035
2026-05-02 14:00:25,星期六,"109,646,641",3838,1035
2026-05-02 14:10:38,星期六,"109,648,442",3838,1035
2026-05-02 14:20:28,星期六,"109,650,140",3838,1035
2026-05-02 14:30:29,星期六,"109,651,948",3838,1035
2026-05-02 14:40:27,星期六,"109,653,618",3838,1035
2026-05-02 14:50:25,星期六,"109,655,353",3838,1035
2026-05-02 15:00:41,星期六,"109,657,033",3838,1035
2026-05-02 15:10:25,星期六,"109,658,693",3838,1035
2026-05-02 15:20:25,星期六,"109,660,357",3838,1035
2026-05-02 15:30:41,星期六,"109,662,080",3838,1035
2026-05-02 15:40:58,星期六,"109,663,831",3838,1035
2026-05-02 15:50:27,星期六,"109,665,372",3838,1035
2026-05-02 16:00:25,星期六,"109,667,116",3838,1035
2026-05-02 16:10:27,星期六,"109,668,709",3838,1035
2026-05-02 16:20:43,星期六,"109,670,323",3838,1035
2026-05-02 16:30:26,星期六,"109,671,914",3838,1035
2026-05-02 16:40:26,星期六,"109,673,578",3838,1035
2026-05-02 16:50:27,星期六,"109,675,230",3838,1035
2026-05-02 17:00:25,星期六,"109,676,805",3838,1035
2026-05-02 17:10:24,星期六,"109,678,326",3838,1035
2026-05-02 17:20:24,星期六,"109,679,975",3838,1035
2026-05-02 17:30:50,星期六,"109,681,590",3838,1035
2026-05-02 17:40:40,星期六,"109,683,038",3838,1035
2026-05-02 17:50:49,星期六,"109,684,478",3838,1035
2026-05-02 18:00:26,星期六,"109,685,848",3838,1035
2026-05-02 18:10:26,星期六,"109,687,230",3838,1035
2026-05-02 18:20:23,星期六,"109,688,582",3838,1035
2026-05-02 18:30:24,星期六,"109,689,925",3838,1035
2026-05-02 18:40:25,星期六,"109,691,144",3838,1035
2026-05-02 18:50:25,星期六,"109,692,336",3838,1035
2026-05-02 19:00:25,星期六,"109,693,584",3838,1035
2026-05-02 19:10:46,星期六,"109,694,824",3838,1035
2026-05-02 19:20:25,星期六,"109,695,996",3838,1035
2026-05-02 19:30:25,星期六,"109,697,194",3838,1035
2026-05-02 19:40:25,星期六,"109,698,352",3838,1035
2026-05-02 19:50:24,星期六,"109,699,426",3838,1035
2026-05-02 20:00:27,星期六,"109,700,648",3838,1035
2026-05-02 20:10:25,星期六,"109,701,834",3838,1035
2026-05-02 20:20:26,星期六,"109,702,978",3838,1035
2026-05-02 20:30:27,星期六,"109,704,143",3838,1035
2026-05-02 20:40:30,星期六,"109,705,280",3838,1035
2026-05-02 20:50:26,星期六,"109,706,406",3838,1035
2026-05-02 21:00:29,星期六,"109,707,526",3838,1035
2026-05-02 21:10:44,星期六,"109,708,791",3838,1035
2026-05-02 21:20:40,星期六,"109,709,953",3838,1035
2026-05-02 21:30:28,星期六,"109,711,040",3838,1035
2026-05-02 21:40:25,星期六,"109,712,113",3838,1035
2026-05-02 21:50:50,星期六,"109,713,175",3838,1035
2026-05-02 22:00:41,星期六,"109,714,033",3838,1035
2026-05-02 22:10:26,星期六,"109,715,150",3838,1035
2026-05-02 22:20:25,星期六,"109,716,287",3838,1035
2026-05-02 22:30:26,星期六,"109,717,296",3838,1035
2026-05-02 22:40:41,星期六,"109,718,378",3838,1035
2026-05-02 22:50:26,星期六,"109,719,366",3838,1035
2026-05-02 23:00:25,星期六,"109,720,290",3838,1035
2026-05-02 23:10:45,星期六,"109,721,306",3838,1035
2026-05-02 23:20:45,星期六,"109,722,227",3838,1035
2026-05-02 23:30:27,星期六,"109,723,089",3838,1035
2026-05-02 23:40:25,星期六,"109,723,813",3838,1035
2026-05-02 23:50:26,星期六,"109,724,472",3838,1035
2026-05-03 00:00:51,星期日,"109,725,028",3838,1035
2026-05-03 00:10:26,星期日,"109,726,028",3838,1035
2026-05-03 00:20:26,星期日,"109,727,014",3838,1035
2026-05-03 00:30:25,星期日,"109,727,881",3838,1035
2026-05-03 00:40:27,星期日,"109,728,623",3838,1035
2026-05-03 00:50:26,星期日,"109,729,222",3838,1035
2026-05-03 01:00:25,星期日,"109,729,720",3838,1035
2026-05-03 01:10:26,星期日,"109,730,226",3838,1035
2026-05-03 01:20:25,星期日,"109,730,694",3838,1035
2026-05-03 01:30:45,星期日,"109,731,127",3838,1035
2026-05-03 01:40:25,星期日,"109,731,515",3838,1035
2026-05-03 01:50:42,星期日,"109,731,887",3838,1035
2026-05-03 02:00:23,星期日,"109,732,154",3838,1035
2026-05-03 02:10:25,星期日,"109,732,455",3838,1035
2026-05-03 02:20:25,星期日,"109,732,747",3838,1035
2026-05-03 02:30:25,星期日,"109,732,983",3838,1035
2026-05-03 02:40:24,星期日,"109,733,204",3838,1035
2026-05-03 02:50:25,星期日,"109,733,405",3838,1035
2026-05-03 03:00:25,星期日,"109,733,613",3838,1035
2026-05-03 03:10:26,星期日,"109,733,767",3838,1035
2026-05-03 03:20:23,星期日,"109,733,934",3838,1035
2026-05-03 03:30:25,星期日,"109,734,086",3838,1035
2026-05-03 03:40:43,星期日,"109,734,233",3838,1035
2026-05-03 03:50:26,星期日,"109,734,367",3838,1035
2026-05-03 04:00:24,星期日,"109,734,490",3838,1035
2026-05-03 04:10:24,星期日,"109,734,604",3838,1035
2026-05-03 04:20:24,星期日,"109,734,700",3838,1035
2026-05-03 04:30:25,星期日,"109,734,808",3838,1035
2026-05-03 04:40:24,星期日,"109,734,923",3838,1035
2026-05-03 04:50:25,星期日,"109,735,044",3838,1035
2026-05-03 05:00:24,星期日,"109,735,157",3838,1035
2026-05-03 05:10:26,星期日,"109,735,272",3838,1035
2026-05-03 05:20:25,星期日,"109,735,411",3838,1035
2026-05-03 05:30:26,星期日,"109,735,565",3838,1035
2026-05-03 05:40:24,星期日,"109,735,696",3838,1035
2026-05-03 05:50:44,星期日,"109,735,874",3838,1035
2026-05-03 06:00:25,星期日,"109,736,083",3838,1035
2026-05-03 06:10:27,星期日,"109,736,260",3838,1035
2026-05-03 06:20:25,星期日,"109,736,450",3838,1035
2026-05-03 06:30:25,星期日,"109,736,680",3838,1035
2026-05-03 06:40:26,星期日,"109,736,969",3838,1035
2026-05-03 06:50:25,星期日,"109,737,299",3838,1035
2026-05-03 07:00:25,星期日,"109,737,688",3838,1035
2026-05-03 07:10:25,星期日,"109,738,070",3838,1035
2026-05-03 07:20:25,星期日,"109,738,500",3838,1035
2026-05-03 07:30:25,星期日,"109,739,023",3838,1035
2026-05-03 07:40:24,星期日,"109,739,566",3838,1035
2026-05-03 07:50:25,星期日,"109,740,210",3838,1035
2026-05-03 08:00:27,星期日,"109,740,984",3838,1035
2026-05-03 08:10:23,星期日,"109,741,699",3838,1035
2026-05-03 08:20:26,星期日,"109,742,301",3838,1035
2026-05-03 08:30:25,星期日,"109,743,011",3838,1035
2026-05-03 08:40:26,星期日,"109,743,758",3838,1035
2026-05-03 08:50:25,星期日,"109,744,573",3838,1035
2026-05-03 09:00:25,星期日,"109,745,480",3838,1035
2026-05-03 09:10:24,星期日,"109,746,450",3838,1035
2026-05-03 09:20:24,星期日,"109,747,508",3838,1035
2026-05-03 09:30:26,星期日,"109,748,739",3838,1035
2026-05-03 09:40:24,星期日,"109,749,986",3838,1035
2026-05-03 09:50:24,星期日,"109,751,276",3838,1035
2026-05-03 10:00:24,星期日,"109,752,646",3838,1035
2026-05-03 10:10:45,星期日,"109,754,099",3838,1035
2026-05-03 10:20:24,星期日,"109,755,609",3838,1035
2026-05-03 10:30:25,星期日,"109,757,278",3838,1035
2026-05-03 10:40:25,星期日,"109,758,887",3838,1035
2026-05-03 10:50:28,星期日,"109,760,551",3838,1035
2026-05-03 11:00:23,星期日,"109,762,112",3838,1035
2026-05-03 11:10:24,星期日,"109,763,871",3838,1035
2026-05-03 11:20:24,星期日,"109,765,672",3838,1035
2026-05-03 11:30:40,星期日,"109,767,302",3838,1035
2026-05-03 11:40:24,星期日,"109,769,071",3838,1035
2026-05-03 11:50:44,星期日,"109,770,778",3838,1035
2026-05-03 12:00:26,星期日,"109,772,347",3838,1035
2026-05-03 12:10:25,星期日,"109,774,062",3838,1035
2026-05-03 12:20:26,星期日,"109,775,859",3838,1035
